[
  {
    "pk": 26, 
    "model": "workflows.category", 
    "fields": {
      "uid": "472a416b-b56a-4f6e-aae9-0ffb9cef240d", 
      "parent": null, 
      "workflow": null, 
      "user": null, 
      "order": 1, 
      "name": "Bio3graph"
    }
  }, 
  {
    "pk": 32, 
    "model": "workflows.category", 
    "fields": {
      "uid": "e28eda39-1f18-4efe-9b7c-0d5f652f208f", 
      "parent": 26, 
      "workflow": null, 
      "user": null, 
      "order": 1, 
      "name": "Graph operations"
    }
  }, 
  {
    "pk": 165, 
    "model": "workflows.abstractwidget", 
    "fields": {
      "category": 32, 
      "treeview_image": "", 
      "name": "Biomine graph visualizer", 
      "is_streaming": false, 
      "uid": "ede1a781-9faf-4b31-923f-2c475d13630c", 
      "interaction_view": "", 
      "image": "", 
      "package": "bio3graph", 
      "static_image": "BiomineVisualizer.png", 
      "post_interact_action": "", 
      "user": null, 
      "visualization_view": "bio3graph_biomine_visualizer", 
      "streaming_visualization_view": "", 
      "action": "bio3graph_biomine_visualizer", 
      "wsdl_method": "", 
      "wsdl": "", 
      "interactive": false, 
      "has_progress_bar": false, 
      "order": 1, 
      "description": "Biomine graph visualizer which is run as a Java applet."
    }
  }, 
  {
    "pk": 380, 
    "model": "workflows.abstractinput", 
    "fields": {
      "widget": 165, 
      "name": "Biomine graph", 
      "short_name": "bmg", 
      "uid": "61d98ab2-512e-4a04-888b-5998378948a8", 
      "default": "", 
      "required": true, 
      "multi": false, 
      "parameter_type": null, 
      "variable": "biomine_graph", 
      "parameter": false, 
      "order": 1, 
      "description": "Biomine graph as string."
    }
  }, 
  {
    "pk": 169, 
    "model": "workflows.abstractwidget", 
    "fields": {
      "category": 32, 
      "treeview_image": "", 
      "name": "Colour relations", 
      "is_streaming": false, 
      "uid": "2ba518b9-b65f-4569-a7ea-0fc9a2ce98ea", 
      "interaction_view": "", 
      "image": "", 
      "package": "bio3graph", 
      "static_image": "", 
      "post_interact_action": "", 
      "user": null, 
      "visualization_view": "", 
      "streaming_visualization_view": "", 
      "action": "bio3graph_colour_relations", 
      "wsdl_method": "", 
      "wsdl": "", 
      "interactive": false, 
      "has_progress_bar": false, 
      "order": 4, 
      "description": "Colours given relations in a given graph. Pink colour is used."
    }
  }, 
  {
    "pk": 387, 
    "model": "workflows.abstractinput", 
    "fields": {
      "widget": 169, 
      "name": "Network", 
      "short_name": "nwx", 
      "uid": "7f63339c-031a-4957-8340-10326b6812d2", 
      "default": "", 
      "required": true, 
      "multi": false, 
      "parameter_type": null, 
      "variable": "network", 
      "parameter": false, 
      "order": 1, 
      "description": "NetworkX data structure"
    }
  }, 
  {
    "pk": 388, 
    "model": "workflows.abstractinput", 
    "fields": {
      "widget": 169, 
      "name": "Relations", 
      "short_name": "rls", 
      "uid": "93cb1318-763a-435d-9304-a33e3bf20299", 
      "default": "", 
      "required": true, 
      "multi": false, 
      "parameter_type": null, 
      "variable": "relations", 
      "parameter": false, 
      "order": 2, 
      "description": "List of relations"
    }
  }, 
  {
    "pk": 189, 
    "model": "workflows.abstractoutput", 
    "fields": {
      "widget": 169, 
      "name": "Network", 
      "short_name": "nwx", 
      "variable": "network", 
      "uid": "d893541b-3d81-41e9-85c0-8162faa66bc2", 
      "order": 1, 
      "description": "Network with relations coloured"
    }
  }, 
  {
    "pk": 161, 
    "model": "workflows.abstractwidget", 
    "fields": {
      "category": 32, 
      "treeview_image": "", 
      "name": "Construct triplet network", 
      "is_streaming": false, 
      "uid": "116f578f-a366-4767-94fe-c08f9b40faec", 
      "interaction_view": "", 
      "image": "", 
      "package": "bio3graph", 
      "static_image": "", 
      "post_interact_action": "", 
      "user": null, 
      "visualization_view": "", 
      "streaming_visualization_view": "", 
      "action": "bio3graph_construct_triplet_network", 
      "wsdl_method": "", 
      "wsdl": "", 
      "interactive": false, 
      "has_progress_bar": false, 
      "order": 6, 
      "description": "Constructs a network from input triplets. Biomine's .bmg format as well as NetworkX data structure is produced."
    }
  }, 
  {
    "pk": 377, 
    "model": "workflows.abstractinput", 
    "fields": {
      "widget": 161, 
      "name": "Triplets", 
      "short_name": "trs", 
      "uid": "7ee93f9a-f18e-45fa-a163-e2e1a92b9607", 
      "default": "", 
      "required": true, 
      "multi": false, 
      "parameter_type": null, 
      "variable": "triplets", 
      "parameter": false, 
      "order": 1, 
      "description": "Input list of triplet objects"
    }
  }, 
  {
    "pk": 182, 
    "model": "workflows.abstractoutput", 
    "fields": {
      "widget": 161, 
      "name": "NetworkX structure", 
      "short_name": "nwx", 
      "variable": "network_object", 
      "uid": "913cdcd0-6812-4f23-b4cf-33de8881bdc9", 
      "order": 1, 
      "description": "NetworkX graph data structure."
    }
  }, 
  {
    "pk": 166, 
    "model": "workflows.abstractwidget", 
    "fields": {
      "category": 32, 
      "treeview_image": "", 
      "name": "Find transitive relations", 
      "is_streaming": false, 
      "uid": "689d4395-35d0-40eb-8355-60e3582abd8f", 
      "interaction_view": "", 
      "image": "", 
      "package": "bio3graph", 
      "static_image": "", 
      "post_interact_action": "", 
      "user": null, 
      "visualization_view": "", 
      "streaming_visualization_view": "", 
      "action": "bio3graph_find_redundant_transitive_relations", 
      "wsdl_method": "", 
      "wsdl": "", 
      "interactive": false, 
      "has_progress_bar": false, 
      "order": 12, 
      "description": "Finds redundant transitive relations in the new network (which are already present in the given existing network)."
    }
  }, 
  {
    "pk": 381, 
    "model": "workflows.abstractinput", 
    "fields": {
      "widget": 166, 
      "name": "Initial network", 
      "short_name": "inw", 
      "uid": "c58c938f-e283-4900-8c66-589d9f470a1a", 
      "default": "", 
      "required": true, 
      "multi": false, 
      "parameter_type": null, 
      "variable": "initial_network", 
      "parameter": false, 
      "order": 1, 
      "description": "Initial network as a NetworkX data structure."
    }
  }, 
  {
    "pk": 382, 
    "model": "workflows.abstractinput", 
    "fields": {
      "widget": 166, 
      "name": "New network", 
      "short_name": "nnw", 
      "uid": "0c36aec5-7df4-4406-8d3c-d2c10cd876ed", 
      "default": "", 
      "required": true, 
      "multi": false, 
      "parameter_type": null, 
      "variable": "new_network", 
      "parameter": false, 
      "order": 2, 
      "description": "New network as a NetworkX data structure."
    }
  }, 
  {
    "pk": 186, 
    "model": "workflows.abstractoutput", 
    "fields": {
      "widget": 166, 
      "name": "Transitive relations", 
      "short_name": "trl", 
      "variable": "transitive_relations", 
      "uid": "36011dd6-a245-4a74-a2f4-12ef1ab306b9", 
      "order": 1, 
      "description": "List of discovered transitive relations."
    }
  }, 
  {
    "pk": 168, 
    "model": "workflows.abstractwidget", 
    "fields": {
      "category": 32, 
      "treeview_image": "", 
      "name": "Incremental merge of networks", 
      "is_streaming": false, 
      "uid": "cbb4459d-7050-4674-855b-43b560c2134e", 
      "interaction_view": "", 
      "image": "", 
      "package": "bio3graph", 
      "static_image": "", 
      "post_interact_action": "", 
      "user": null, 
      "visualization_view": "", 
      "streaming_visualization_view": "", 
      "action": "bio3graph_incremental_network_merge", 
      "wsdl_method": "", 
      "wsdl": "", 
      "interactive": false, 
      "has_progress_bar": false, 
      "order": 14, 
      "description": "Merges an exiting network and a new network and colours the relations accordingly: old: black colour, overlap: green colour, new: red colour."
    }
  }, 
  {
    "pk": 385, 
    "model": "workflows.abstractinput", 
    "fields": {
      "widget": 168, 
      "name": "Old network", 
      "short_name": "nwx", 
      "uid": "01213d24-dd22-425c-b52c-2ce051a5be4a", 
      "default": "", 
      "required": true, 
      "multi": false, 
      "parameter_type": null, 
      "variable": "existing_network", 
      "parameter": false, 
      "order": 1, 
      "description": "Existing network as NetworkX data structure"
    }
  }, 
  {
    "pk": 386, 
    "model": "workflows.abstractinput", 
    "fields": {
      "widget": 168, 
      "name": "New network", 
      "short_name": "nwx", 
      "uid": "2359acc6-7680-4a8f-aa75-34f1a216dd4d", 
      "default": "", 
      "required": true, 
      "multi": false, 
      "parameter_type": null, 
      "variable": "new_network", 
      "parameter": false, 
      "order": 2, 
      "description": "New network as NetworkX data structure"
    }
  }, 
  {
    "pk": 188, 
    "model": "workflows.abstractoutput", 
    "fields": {
      "widget": 168, 
      "name": "Merged network", 
      "short_name": "nwx", 
      "variable": "merged_network", 
      "uid": "1638484f-63c3-4dcf-85f5-60766e02a4ce", 
      "order": 1, 
      "description": "Merged and coloured network as NetworkX data structure"
    }
  }, 
  {
    "pk": 167, 
    "model": "workflows.abstractwidget", 
    "fields": {
      "category": 32, 
      "treeview_image": "", 
      "name": "Remove relations", 
      "is_streaming": false, 
      "uid": "eb54fff9-e090-4823-b1d7-a3a2f9687706", 
      "interaction_view": "", 
      "image": "", 
      "package": "bio3graph", 
      "static_image": "", 
      "post_interact_action": "", 
      "user": null, 
      "visualization_view": "", 
      "streaming_visualization_view": "", 
      "action": "bio3graph_remove_relations", 
      "wsdl_method": "", 
      "wsdl": "", 
      "interactive": false, 
      "has_progress_bar": false, 
      "order": 20, 
      "description": "Removes given relations from a given network."
    }
  }, 
  {
    "pk": 383, 
    "model": "workflows.abstractinput", 
    "fields": {
      "widget": 167, 
      "name": "NetworkX network", 
      "short_name": "nwx", 
      "uid": "a492ce92-d5bd-4428-b4b9-558b4dd25adf", 
      "default": "", 
      "required": true, 
      "multi": false, 
      "parameter_type": null, 
      "variable": "network", 
      "parameter": false, 
      "order": 1, 
      "description": "NetworkX data structure"
    }
  }, 
  {
    "pk": 384, 
    "model": "workflows.abstractinput", 
    "fields": {
      "widget": 167, 
      "name": "Relations", 
      "short_name": "rls", 
      "uid": "b42536ae-979b-441f-ad6d-e7a76e22db5e", 
      "default": "", 
      "required": true, 
      "multi": false, 
      "parameter_type": null, 
      "variable": "relations", 
      "parameter": false, 
      "order": 2, 
      "description": "List of relations"
    }
  }, 
  {
    "pk": 187, 
    "model": "workflows.abstractoutput", 
    "fields": {
      "widget": 167, 
      "name": "NetworkX network", 
      "short_name": "nwx", 
      "variable": "pruned_graph", 
      "uid": "2415dd69-a255-41bb-8183-cd1bf89ccf30", 
      "order": 1, 
      "description": "Network with given relations removed."
    }
  }, 
  {
    "pk": 170, 
    "model": "workflows.abstractwidget", 
    "fields": {
      "category": 32, 
      "treeview_image": "", 
      "name": "Reset colours", 
      "is_streaming": false, 
      "uid": "68f84392-b207-4161-914b-ad0eb6a6b112", 
      "interaction_view": "", 
      "image": "", 
      "package": "bio3graph", 
      "static_image": "", 
      "post_interact_action": "", 
      "user": null, 
      "visualization_view": "", 
      "streaming_visualization_view": "", 
      "action": "bio3graph_reset_colours", 
      "wsdl_method": "", 
      "wsdl": "", 
      "interactive": false, 
      "has_progress_bar": false, 
      "order": 21, 
      "description": "Resets colours of all relations to black."
    }
  }, 
  {
    "pk": 389, 
    "model": "workflows.abstractinput", 
    "fields": {
      "widget": 170, 
      "name": "Network", 
      "short_name": "nwx", 
      "uid": "5466b94f-9f1c-4121-88e5-3c5f15911684", 
      "default": "", 
      "required": true, 
      "multi": false, 
      "parameter_type": null, 
      "variable": "network", 
      "parameter": false, 
      "order": 1, 
      "description": "NetworkX data structure"
    }
  }, 
  {
    "pk": 190, 
    "model": "workflows.abstractoutput", 
    "fields": {
      "widget": 170, 
      "name": "Network", 
      "short_name": "nwx", 
      "variable": "network", 
      "uid": "b46568bd-6eea-4a42-a548-83adc8e6e955", 
      "order": 1, 
      "description": "NetworkX data structure"
    }
  }, 
  {
    "pk": 164, 
    "model": "workflows.abstractwidget", 
    "fields": {
      "category": 32, 
      "treeview_image": "", 
      "name": "Transform Biomine to NetworkX", 
      "is_streaming": false, 
      "uid": "da67ace9-8a01-41ca-972f-e0bbf8ef595b", 
      "interaction_view": "", 
      "image": "", 
      "package": "bio3graph", 
      "static_image": "", 
      "post_interact_action": "", 
      "user": null, 
      "visualization_view": "", 
      "streaming_visualization_view": "", 
      "action": "bio3graph_biomine_to_networkx", 
      "wsdl_method": "", 
      "wsdl": "", 
      "interactive": false, 
      "has_progress_bar": false, 
      "order": 24, 
      "description": "Transforms a Biomine graph into a NetworkX data structure."
    }
  }, 
  {
    "pk": 379, 
    "model": "workflows.abstractinput", 
    "fields": {
      "widget": 164, 
      "name": "Biomine graph", 
      "short_name": "bmg", 
      "uid": "ba70777c-5132-4bc8-acbf-5e6d76e6ef2c", 
      "default": "", 
      "required": true, 
      "multi": false, 
      "parameter_type": null, 
      "variable": "biomine_graph", 
      "parameter": false, 
      "order": 1, 
      "description": "Biomine graph as string"
    }
  }, 
  {
    "pk": 185, 
    "model": "workflows.abstractoutput", 
    "fields": {
      "widget": 164, 
      "name": "NetworkX network", 
      "short_name": "nwx", 
      "variable": "network_object", 
      "uid": "294ede06-c49a-4552-b6c4-3e0183fd8fcf", 
      "order": 1, 
      "description": "NetworkX network object"
    }
  }, 
  {
    "pk": 163, 
    "model": "workflows.abstractwidget", 
    "fields": {
      "category": 32, 
      "treeview_image": "", 
      "name": "Transform NetworkX to Biomine ", 
      "is_streaming": false, 
      "uid": "07fea1f2-b681-47f7-8f46-fc0bc1c1df26", 
      "interaction_view": "", 
      "image": "", 
      "package": "bio3graph", 
      "static_image": "", 
      "post_interact_action": "", 
      "user": null, 
      "visualization_view": "", 
      "streaming_visualization_view": "", 
      "action": "bio3graph_networkx_to_biomine", 
      "wsdl_method": "", 
      "wsdl": "", 
      "interactive": false, 
      "has_progress_bar": false, 
      "order": 25, 
      "description": "Converts NetworkX data structure into a Biomine graph."
    }
  }, 
  {
    "pk": 378, 
    "model": "workflows.abstractinput", 
    "fields": {
      "widget": 163, 
      "name": "NetworkX network", 
      "short_name": "nwx", 
      "uid": "1d882a63-116b-4cc4-9ed2-31fe067feb35", 
      "default": "", 
      "required": true, 
      "multi": false, 
      "parameter_type": null, 
      "variable": "network", 
      "parameter": false, 
      "order": 1, 
      "description": "NetworkX data object"
    }
  }, 
  {
    "pk": 184, 
    "model": "workflows.abstractoutput", 
    "fields": {
      "widget": 163, 
      "name": "Biomine graph", 
      "short_name": "bmg", 
      "variable": "biomine_graph", 
      "uid": "6d4cc395-2bc9-45da-b4cb-a7e18c4247d5", 
      "order": 1, 
      "description": "Biomine graph as string"
    }
  }, 
  {
    "pk": 35, 
    "model": "workflows.category", 
    "fields": {
      "uid": "9744d60c-c755-448a-930c-0c40236a4a05", 
      "parent": 26, 
      "workflow": null, 
      "user": null, 
      "order": 2, 
      "name": "Transcriptomic analysis utilities"
    }
  }, 
  {
    "pk": 203, 
    "model": "workflows.abstractwidget", 
    "fields": {
      "category": 35, 
      "treeview_image": "", 
      "name": "Construct compounds csv file from gene synonyms", 
      "is_streaming": false, 
      "uid": "5016b669-4b80-440d-9da6-66e81b64a145", 
      "interaction_view": "", 
      "image": "", 
      "package": "bio3graph", 
      "static_image": "", 
      "post_interact_action": "", 
      "user": null, 
      "visualization_view": "", 
      "streaming_visualization_view": "", 
      "action": "bio3graph_construct_compounds_from_gene_synonyms", 
      "wsdl_method": "", 
      "wsdl": "", 
      "interactive": false, 
      "has_progress_bar": false, 
      "order": 5, 
      "description": "Constructs a csv file from gene synonyms dictionary"
    }
  }, 
  {
    "pk": 431, 
    "model": "workflows.abstractinput", 
    "fields": {
      "widget": 203, 
      "name": "gene synonyms", 
      "short_name": "syn", 
      "uid": "2c2ed635-93eb-4e91-932d-1dc383048023", 
      "default": "", 
      "required": true, 
      "multi": false, 
      "parameter_type": null, 
      "variable": "gene_synonyms", 
      "parameter": false, 
      "order": 1, 
      "description": "Dictionary of gene synonyms"
    }
  }, 
  {
    "pk": 222, 
    "model": "workflows.abstractoutput", 
    "fields": {
      "widget": 203, 
      "name": "compoiunds csv", 
      "short_name": "csv", 
      "variable": "compounds_csv", 
      "uid": "756ec3c2-d1a2-4cfa-a2c4-d4ba77b382d1", 
      "order": 1, 
      "description": "Bio3graph CSV file with gene synonyms as compounds"
    }
  }, 
  {
    "pk": 202, 
    "model": "workflows.abstractwidget", 
    "fields": {
      "category": 35, 
      "treeview_image": "", 
      "name": "Get gene synonyms from GPSDB", 
      "is_streaming": false, 
      "uid": "0a453395-40a3-4d8d-a242-17945abf1f21", 
      "interaction_view": "", 
      "image": "", 
      "package": "bio3graph", 
      "static_image": "", 
      "post_interact_action": "", 
      "user": null, 
      "visualization_view": "", 
      "streaming_visualization_view": "", 
      "action": "bio3graph_get_gene_synonyms_from_GPSDB", 
      "wsdl_method": "", 
      "wsdl": "", 
      "interactive": false, 
      "has_progress_bar": false, 
      "order": 13, 
      "description": "Obtains all synonyms of all genes using the GPSDB service."
    }
  }, 
  {
    "pk": 430, 
    "model": "workflows.abstractinput", 
    "fields": {
      "widget": 202, 
      "name": "gene symbol list", 
      "short_name": "lst", 
      "uid": "976df41a-5099-417f-8641-3e83390ca963", 
      "default": "", 
      "required": true, 
      "multi": false, 
      "parameter_type": null, 
      "variable": "gene_symbols", 
      "parameter": false, 
      "order": 1, 
      "description": "List of gene symbols"
    }
  }, 
  {
    "pk": 221, 
    "model": "workflows.abstractoutput", 
    "fields": {
      "widget": 202, 
      "name": "gene synonyms", 
      "short_name": "syn", 
      "variable": "gene_synonyms", 
      "uid": "479b88b6-e71c-4ea6-a4a7-e6aa586d4c12", 
      "order": 1, 
      "description": "Dictionary of gene synonyms"
    }
  }, 
  {
    "pk": 201, 
    "model": "workflows.abstractwidget", 
    "fields": {
      "category": 35, 
      "treeview_image": "", 
      "name": "Map Entrez ID to NCBI symbol", 
      "is_streaming": false, 
      "uid": "2089a0c6-3178-4a85-b0e8-f3e7fe464ddd", 
      "interaction_view": "", 
      "image": "", 
      "package": "bio3graph", 
      "static_image": "", 
      "post_interact_action": "", 
      "user": null, 
      "visualization_view": "", 
      "streaming_visualization_view": "", 
      "action": "bio3graph_map_entrez_to_ncbi_symbol", 
      "wsdl_method": "", 
      "wsdl": "", 
      "interactive": false, 
      "has_progress_bar": false, 
      "order": 15, 
      "description": "Maps every Entrez gene ID in the input list to the corresponding NCBI gene symbol."
    }
  }, 
  {
    "pk": 429, 
    "model": "workflows.abstractinput", 
    "fields": {
      "widget": 201, 
      "name": "gene list", 
      "short_name": "lst", 
      "uid": "4c6f85bb-34d3-4330-8171-c84de7b84e1d", 
      "default": "", 
      "required": true, 
      "multi": false, 
      "parameter_type": null, 
      "variable": "genes", 
      "parameter": false, 
      "order": 1, 
      "description": "List of Entrez gene IDs"
    }
  }, 
  {
    "pk": 220, 
    "model": "workflows.abstractoutput", 
    "fields": {
      "widget": 201, 
      "name": "gene symbol list", 
      "short_name": "lst", 
      "variable": "gene_symbols", 
      "uid": "17ac773d-48f3-41f2-b48e-30022bc9dbc4", 
      "order": 1, 
      "description": "List of gene symbols"
    }
  }, 
  {
    "pk": 34, 
    "model": "workflows.category", 
    "fields": {
      "uid": "bc5a8211-0cdd-4c1e-82cc-5251672bfba3", 
      "parent": 26, 
      "workflow": null, 
      "user": null, 
      "order": 3, 
      "name": "Triplet extraction"
    }
  }, 
  {
    "pk": 162, 
    "model": "workflows.abstractwidget", 
    "fields": {
      "category": 34, 
      "treeview_image": "", 
      "name": "Build default vocabulary", 
      "is_streaming": false, 
      "uid": "1a846e00-b256-4e47-9f3c-d820b287a200", 
      "interaction_view": "", 
      "image": "", 
      "package": "bio3graph", 
      "static_image": "", 
      "post_interact_action": "", 
      "user": null, 
      "visualization_view": "", 
      "streaming_visualization_view": "", 
      "action": "bio3graph_build_default_vocabulary", 
      "wsdl_method": "", 
      "wsdl": "", 
      "interactive": false, 
      "has_progress_bar": false, 
      "order": 1, 
      "description": "Constructs a default Bio3graph vocabulary."
    }
  }, 
  {
    "pk": 183, 
    "model": "workflows.abstractoutput", 
    "fields": {
      "widget": 162, 
      "name": "Vocabulary", 
      "short_name": "voc", 
      "variable": "vocabulary", 
      "uid": "0e041e74-2386-4080-8f99-c47c2607f142", 
      "order": 1, 
      "description": "Bio3graph vocabulary structure."
    }
  }, 
  {
    "pk": 207, 
    "model": "workflows.abstractwidget", 
    "fields": {
      "category": 34, 
      "treeview_image": "", 
      "name": "Export triplets to text", 
      "is_streaming": false, 
      "uid": "9bb7aa88-4810-4176-b9db-7de6f7ea2f72", 
      "interaction_view": "", 
      "image": "", 
      "package": "bio3graph", 
      "static_image": "", 
      "post_interact_action": "", 
      "user": null, 
      "visualization_view": "", 
      "streaming_visualization_view": "", 
      "action": "bio3graph_export_triplets_to_text", 
      "wsdl_method": "", 
      "wsdl": "", 
      "interactive": false, 
      "has_progress_bar": false, 
      "order": 1, 
      "description": "Exports the input list of triplet structures into text."
    }
  }, 
  {
    "pk": 435, 
    "model": "workflows.abstractinput", 
    "fields": {
      "widget": 207, 
      "name": "Triplets", 
      "short_name": "trs", 
      "uid": "0dadb3ad-f28f-42b6-9f52-b21b1a90bd74", 
      "default": "", 
      "required": true, 
      "multi": false, 
      "parameter_type": null, 
      "variable": "triplets", 
      "parameter": false, 
      "order": 1, 
      "description": "Input list of triplet objects"
    }
  }, 
  {
    "pk": 226, 
    "model": "workflows.abstractoutput", 
    "fields": {
      "widget": 207, 
      "name": "Triplet text", 
      "short_name": "ttx", 
      "variable": "triplets_as_text", 
      "uid": "dcd3f08d-5c02-425a-9f0b-3941ee23468e", 
      "order": 1, 
      "description": "Triplets as text"
    }
  }, 
  {
    "pk": 204, 
    "model": "workflows.abstractwidget", 
    "fields": {
      "category": 34, 
      "treeview_image": "", 
      "name": "Build default vocabulary with custom compounds", 
      "is_streaming": false, 
      "uid": "78b1895b-362e-4416-a21c-ccf4df74334a", 
      "interaction_view": "", 
      "image": "", 
      "package": "bio3graph", 
      "static_image": "", 
      "post_interact_action": "", 
      "user": null, 
      "visualization_view": "", 
      "streaming_visualization_view": "", 
      "action": "bio3graph_build_default_vocabulary_custom_compounds", 
      "wsdl_method": "", 
      "wsdl": "", 
      "interactive": false, 
      "has_progress_bar": false, 
      "order": 2, 
      "description": "Constructs a default Bio3graph vocabulary but with custom compounds."
    }
  }, 
  {
    "pk": 432, 
    "model": "workflows.abstractinput", 
    "fields": {
      "widget": 204, 
      "name": "Compounds", 
      "short_name": "csv", 
      "uid": "bc2ce3d2-25d0-41ef-abf3-5de5f1eaaad9", 
      "default": "", 
      "required": true, 
      "multi": false, 
      "parameter_type": null, 
      "variable": "compounds", 
      "parameter": false, 
      "order": 1, 
      "description": "Compounds CSV file as string"
    }
  }, 
  {
    "pk": 223, 
    "model": "workflows.abstractoutput", 
    "fields": {
      "widget": 204, 
      "name": "Vocabulary", 
      "short_name": "voc", 
      "variable": "vocabulary", 
      "uid": "31050115-8233-4056-831e-2d09895afafb", 
      "order": 1, 
      "description": "Bio3graph vocabulary structure."
    }
  }, 
  {
    "pk": 158, 
    "model": "workflows.abstractwidget", 
    "fields": {
      "category": 34, 
      "treeview_image": "", 
      "name": "Build vocabulary", 
      "is_streaming": false, 
      "uid": "52ca48b5-0efe-4bfb-a559-5b3f903149a8", 
      "interaction_view": "", 
      "image": "", 
      "package": "bio3graph", 
      "static_image": "", 
      "post_interact_action": "", 
      "user": null, 
      "visualization_view": "", 
      "streaming_visualization_view": "", 
      "action": "bio3graph_build_vocabulary", 
      "wsdl_method": "", 
      "wsdl": "", 
      "interactive": false, 
      "has_progress_bar": false, 
      "order": 3, 
      "description": "Constructs a Bio3graph vocabulary for triplet extraction using the provided files."
    }
  }, 
  {
    "pk": 365, 
    "model": "workflows.abstractinput", 
    "fields": {
      "widget": 158, 
      "name": "Compounds", 
      "short_name": "cmp", 
      "uid": "88451abf-b4c0-4468-b58b-562b1c812225", 
      "default": "", 
      "required": true, 
      "multi": false, 
      "parameter_type": null, 
      "variable": "compounds", 
      "parameter": false, 
      "order": 1, 
      "description": "CSV file with compounds."
    }
  }, 
  {
    "pk": 366, 
    "model": "workflows.abstractinput", 
    "fields": {
      "widget": 158, 
      "name": "Activation", 
      "short_name": "act", 
      "uid": "913b8b8b-9d99-4f24-ae48-db25f3490187", 
      "default": "", 
      "required": true, 
      "multi": false, 
      "parameter_type": null, 
      "variable": "activation", 
      "parameter": false, 
      "order": 2, 
      "description": "CSV file with activations."
    }
  }, 
  {
    "pk": 367, 
    "model": "workflows.abstractinput", 
    "fields": {
      "widget": 158, 
      "name": "Activation rotate", 
      "short_name": "acr", 
      "uid": "b0cc0191-6202-431f-87a8-7c3ff39911d0", 
      "default": "", 
      "required": true, 
      "multi": false, 
      "parameter_type": null, 
      "variable": "activation_rotate", 
      "parameter": false, 
      "order": 3, 
      "description": "CSV file with activations for rotation."
    }
  }, 
  {
    "pk": 368, 
    "model": "workflows.abstractinput", 
    "fields": {
      "widget": 158, 
      "name": "Inhibition", 
      "short_name": "inh", 
      "uid": "17545bf5-42d0-44ec-8c20-734031a85dc4", 
      "default": "", 
      "required": true, 
      "multi": false, 
      "parameter_type": null, 
      "variable": "inhibition", 
      "parameter": false, 
      "order": 4, 
      "description": "CSV file with inhibitions."
    }
  }, 
  {
    "pk": 369, 
    "model": "workflows.abstractinput", 
    "fields": {
      "widget": 158, 
      "name": "Binding", 
      "short_name": "bnd", 
      "uid": "eac8c9d4-a0ab-414e-a083-54a5f860e031", 
      "default": "", 
      "required": true, 
      "multi": false, 
      "parameter_type": null, 
      "variable": "binding", 
      "parameter": false, 
      "order": 5, 
      "description": "CSV file with bindings."
    }
  }, 
  {
    "pk": 370, 
    "model": "workflows.abstractinput", 
    "fields": {
      "widget": 158, 
      "name": "Activation passive", 
      "short_name": "acp", 
      "uid": "e59a900a-1796-43ba-a229-e0b82c4ef964", 
      "default": "", 
      "required": true, 
      "multi": false, 
      "parameter_type": null, 
      "variable": "activation_passive", 
      "parameter": false, 
      "order": 6, 
      "description": "CSV file with passive forms of activation."
    }
  }, 
  {
    "pk": 371, 
    "model": "workflows.abstractinput", 
    "fields": {
      "widget": 158, 
      "name": "Inhibition passive", 
      "short_name": "inp", 
      "uid": "29aeb4f1-d4e9-4506-b62a-6dfd2db8e029", 
      "default": "", 
      "required": true, 
      "multi": false, 
      "parameter_type": null, 
      "variable": "inhibition_passive", 
      "parameter": false, 
      "order": 7, 
      "description": "CSV file with passive forms of inhibition."
    }
  }, 
  {
    "pk": 372, 
    "model": "workflows.abstractinput", 
    "fields": {
      "widget": 158, 
      "name": "Binding passive", 
      "short_name": "bnp", 
      "uid": "f448d9b8-d646-4eda-9306-899942073800", 
      "default": "", 
      "required": true, 
      "multi": false, 
      "parameter_type": null, 
      "variable": "binding_passive", 
      "parameter": false, 
      "order": 8, 
      "description": "CSV file with passive forms of binding."
    }
  }, 
  {
    "pk": 178, 
    "model": "workflows.abstractoutput", 
    "fields": {
      "widget": 158, 
      "name": "Vocabulary", 
      "short_name": "voc", 
      "variable": "vocabulary", 
      "uid": "39840de5-c9b4-4daa-be2a-f11d73d62d10", 
      "order": 1, 
      "description": "Bio3graph vocabulary data structure."
    }
  }, 
  {
    "pk": 205, 
    "model": "workflows.abstractwidget", 
    "fields": {
      "category": 34, 
      "treeview_image": "", 
      "name": "Create document from file", 
      "is_streaming": false, 
      "uid": "217e7a3e-6576-47a2-bd61-62e7e5a0e1c5", 
      "interaction_view": "", 
      "image": "", 
      "package": "bio3graph", 
      "static_image": "", 
      "post_interact_action": "", 
      "user": null, 
      "visualization_view": "", 
      "streaming_visualization_view": "", 
      "action": "bio3graph_create_document_from_file", 
      "wsdl_method": "", 
      "wsdl": "", 
      "interactive": false, 
      "has_progress_bar": false, 
      "order": 7, 
      "description": "Creates a document object structure from a given file."
    }
  }, 
  {
    "pk": 433, 
    "model": "workflows.abstractinput", 
    "fields": {
      "widget": 205, 
      "name": "Document file", 
      "short_name": "fil", 
      "uid": "361bbbee-b8cf-4334-8f32-ddc4dd27a6cd", 
      "default": "", 
      "required": true, 
      "multi": false, 
      "parameter_type": null, 
      "variable": "docfile", 
      "parameter": false, 
      "order": 1, 
      "description": "Input document file"
    }
  }, 
  {
    "pk": 224, 
    "model": "workflows.abstractoutput", 
    "fields": {
      "widget": 205, 
      "name": "Document object", 
      "short_name": "obj", 
      "variable": "document", 
      "uid": "e21a3e0f-ea91-4083-bdcb-f7b455a05fb2", 
      "order": 1, 
      "description": "Document object structure"
    }
  }, 
  {
    "pk": 155, 
    "model": "workflows.abstractwidget", 
    "fields": {
      "category": 34, 
      "treeview_image": "", 
      "name": "Create document from string", 
      "is_streaming": false, 
      "uid": "0d98cff2-dc50-4e22-982e-017d93bb55b7", 
      "interaction_view": "", 
      "image": "", 
      "package": "bio3graph", 
      "static_image": "", 
      "post_interact_action": "", 
      "user": null, 
      "visualization_view": "", 
      "streaming_visualization_view": "", 
      "action": "bio3graph_create_document_from_string", 
      "wsdl_method": "", 
      "wsdl": "", 
      "interactive": false, 
      "has_progress_bar": false, 
      "order": 8, 
      "description": "Creates a document object structure from a string."
    }
  }, 
  {
    "pk": 362, 
    "model": "workflows.abstractinput", 
    "fields": {
      "widget": 155, 
      "name": "Document string", 
      "short_name": "str", 
      "uid": "a7d505ec-cfc9-495c-83fa-d3a47f79b5a4", 
      "default": "", 
      "required": true, 
      "multi": false, 
      "parameter_type": null, 
      "variable": "docstr", 
      "parameter": false, 
      "order": 1, 
      "description": "Input document string"
    }
  }, 
  {
    "pk": 175, 
    "model": "workflows.abstractoutput", 
    "fields": {
      "widget": 155, 
      "name": "Document object", 
      "short_name": "obj", 
      "variable": "document", 
      "uid": "a7fd27eb-78b3-4113-91cd-8b2aa0ffa11c", 
      "order": 1, 
      "description": "Document object structure"
    }
  }, 
  {
    "pk": 159, 
    "model": "workflows.abstractwidget", 
    "fields": {
      "category": 34, 
      "treeview_image": "", 
      "name": "Extract triplets", 
      "is_streaming": false, 
      "uid": "401c2f17-77fb-432d-8e04-2d5b2028e418", 
      "interaction_view": "", 
      "image": "", 
      "package": "bio3graph", 
      "static_image": "", 
      "post_interact_action": "", 
      "user": null, 
      "visualization_view": "", 
      "streaming_visualization_view": "", 
      "action": "bio3graph_extract_triplets", 
      "wsdl_method": "", 
      "wsdl": "", 
      "interactive": false, 
      "has_progress_bar": false, 
      "order": 9, 
      "description": "Bio3graph triplet extraction method."
    }
  }, 
  {
    "pk": 373, 
    "model": "workflows.abstractinput", 
    "fields": {
      "widget": 159, 
      "name": "Document", 
      "short_name": "doc", 
      "uid": "3b98a51e-f098-4c58-9750-0fea42c6b333", 
      "default": "", 
      "required": true, 
      "multi": false, 
      "parameter_type": null, 
      "variable": "document", 
      "parameter": false, 
      "order": 1, 
      "description": "Bio3graph document structure."
    }
  }, 
  {
    "pk": 374, 
    "model": "workflows.abstractinput", 
    "fields": {
      "widget": 159, 
      "name": "Vocabulary", 
      "short_name": "voc", 
      "uid": "9f71a834-c06d-410f-a9a3-cbd9db28a0bb", 
      "default": "", 
      "required": true, 
      "multi": false, 
      "parameter_type": null, 
      "variable": "vocabulary", 
      "parameter": false, 
      "order": 2, 
      "description": "Bio3graph vocabulary structure."
    }
  }, 
  {
    "pk": 179, 
    "model": "workflows.abstractoutput", 
    "fields": {
      "widget": 159, 
      "name": "Triplets", 
      "short_name": "trs", 
      "variable": "triplets", 
      "uid": "89432ed0-f89f-4fd8-8d3d-67b375b498b7", 
      "order": 1, 
      "description": "A list of Bio3graph triplet structures."
    }
  }, 
  {
    "pk": 160, 
    "model": "workflows.abstractwidget", 
    "fields": {
      "category": 34, 
      "treeview_image": "", 
      "name": "Normalise triplets", 
      "is_streaming": false, 
      "uid": "2a237afb-0a6d-470f-a6e4-4d99fcc59342", 
      "interaction_view": "", 
      "image": "", 
      "package": "bio3graph", 
      "static_image": "", 
      "post_interact_action": "", 
      "user": null, 
      "visualization_view": "", 
      "streaming_visualization_view": "", 
      "action": "bio3graph_normalise_triplets", 
      "wsdl_method": "", 
      "wsdl": "", 
      "interactive": false, 
      "has_progress_bar": false, 
      "order": 16, 
      "description": "Normalises all triplets in the input list."
    }
  }, 
  {
    "pk": 375, 
    "model": "workflows.abstractinput", 
    "fields": {
      "widget": 160, 
      "name": "Triplets", 
      "short_name": "trs", 
      "uid": "48a96bb2-73d7-433f-8d7a-4f4a27d467d0", 
      "default": "", 
      "required": true, 
      "multi": false, 
      "parameter_type": null, 
      "variable": "triplets", 
      "parameter": false, 
      "order": 1, 
      "description": "List of triplet data structures."
    }
  }, 
  {
    "pk": 376, 
    "model": "workflows.abstractinput", 
    "fields": {
      "widget": 160, 
      "name": "Vocabulary", 
      "short_name": "voc", 
      "uid": "c22ffaaf-ea30-4298-a83f-226276cb9097", 
      "default": "", 
      "required": true, 
      "multi": false, 
      "parameter_type": null, 
      "variable": "vocabulary", 
      "parameter": false, 
      "order": 2, 
      "description": "Bio3graph vocabulary structure."
    }
  }, 
  {
    "pk": 180, 
    "model": "workflows.abstractoutput", 
    "fields": {
      "widget": 160, 
      "name": "Normalised triplets", 
      "short_name": "ntr", 
      "variable": "normalised_triplets", 
      "uid": "d3426330-72d6-4c79-a0ed-e3b362241de0", 
      "order": 1, 
      "description": "List of normalised triplets."
    }
  }, 
  {
    "pk": 157, 
    "model": "workflows.abstractwidget", 
    "fields": {
      "category": 34, 
      "treeview_image": "", 
      "name": "Parse sentences", 
      "is_streaming": false, 
      "uid": "638a8dfc-ca61-4003-a380-55a292b7a4cc", 
      "interaction_view": "", 
      "image": "", 
      "package": "bio3graph", 
      "static_image": "", 
      "post_interact_action": "", 
      "user": null, 
      "visualization_view": "", 
      "streaming_visualization_view": "", 
      "action": "bio3graph_parse_sentences", 
      "wsdl_method": "", 
      "wsdl": "", 
      "interactive": false, 
      "has_progress_bar": false, 
      "order": 17, 
      "description": "Parses document sentences using the GENIA POS tagger."
    }
  }, 
  {
    "pk": 364, 
    "model": "workflows.abstractinput", 
    "fields": {
      "widget": 157, 
      "name": "Document", 
      "short_name": "doc", 
      "uid": "5f523026-ac69-463b-abec-41000c0ad5b5", 
      "default": "", 
      "required": true, 
      "multi": false, 
      "parameter_type": null, 
      "variable": "document", 
      "parameter": false, 
      "order": 1, 
      "description": "Bio3graph document structure with sentences splitted."
    }
  }, 
  {
    "pk": 177, 
    "model": "workflows.abstractoutput", 
    "fields": {
      "widget": 157, 
      "name": "Document", 
      "short_name": "doc", 
      "variable": "document", 
      "uid": "91ea9756-dade-48af-a03b-9d5ef8120ac5", 
      "order": 1, 
      "description": "Bio3graph document structure with sentences parsed."
    }
  }, 
  {
    "pk": 156, 
    "model": "workflows.abstractwidget", 
    "fields": {
      "category": 34, 
      "treeview_image": "", 
      "name": "Split sentences", 
      "is_streaming": false, 
      "uid": "1a040a35-f85d-4a92-a2f2-3603c368946c", 
      "interaction_view": "", 
      "image": "", 
      "package": "bio3graph", 
      "static_image": "", 
      "post_interact_action": "", 
      "user": null, 
      "visualization_view": "", 
      "streaming_visualization_view": "", 
      "action": "bio3graph_split_sentences", 
      "wsdl_method": "", 
      "wsdl": "", 
      "interactive": false, 
      "has_progress_bar": false, 
      "order": 19, 
      "description": "Splits document text into sentences using NLTK's Punkt sentence splitter."
    }
  }, 
  {
    "pk": 363, 
    "model": "workflows.abstractinput", 
    "fields": {
      "widget": 156, 
      "name": "Document", 
      "short_name": "doc", 
      "uid": "c408f224-ce05-4937-bba2-d81593824af2", 
      "default": "", 
      "required": true, 
      "multi": false, 
      "parameter_type": null, 
      "variable": "document", 
      "parameter": false, 
      "order": 1, 
      "description": "Bio3graph Document object"
    }
  }, 
  {
    "pk": 176, 
    "model": "workflows.abstractoutput", 
    "fields": {
      "widget": 156, 
      "name": "Document", 
      "short_name": "doc", 
      "variable": "document", 
      "uid": "72abb5d0-3f2e-4f39-874d-f8385a361580", 
      "order": 1, 
      "description": "Bio3graph Document object with sentences splitted."
    }
  }, 
  {
    "pk": 33, 
    "model": "workflows.category", 
    "fields": {
      "uid": "eebdd845-fbff-48f4-ab8f-509a10f53f12", 
      "parent": 26, 
      "workflow": null, 
      "user": null, 
      "order": 4, 
      "name": "PMC utilities"
    }
  }, 
  {
    "pk": 198, 
    "model": "workflows.abstractwidget", 
    "fields": {
      "category": 33, 
      "treeview_image": "", 
      "name": "Filter non-OA PMC publications", 
      "is_streaming": false, 
      "uid": "00c00465-4b3c-47fa-a419-b6f6de55045d", 
      "interaction_view": "", 
      "image": "", 
      "package": "bio3graph", 
      "static_image": "", 
      "post_interact_action": "", 
      "user": null, 
      "visualization_view": "", 
      "streaming_visualization_view": "", 
      "action": "bio3graph_filter_open_access", 
      "wsdl_method": "", 
      "wsdl": "", 
      "interactive": false, 
      "has_progress_bar": false, 
      "order": 10, 
      "description": "Removes ids of non-open access publications from the input list"
    }
  }, 
  {
    "pk": 426, 
    "model": "workflows.abstractinput", 
    "fields": {
      "widget": 198, 
      "name": "id list", 
      "short_name": "ids", 
      "uid": "e7eeb8d0-dd0f-4369-8d17-6b34aff84621", 
      "default": "", 
      "required": true, 
      "multi": false, 
      "parameter_type": null, 
      "variable": "ids", 
      "parameter": false, 
      "order": 1, 
      "description": "List of document ids"
    }
  }, 
  {
    "pk": 217, 
    "model": "workflows.abstractoutput", 
    "fields": {
      "widget": 198, 
      "name": "id list", 
      "short_name": "ids", 
      "variable": "oa_ids", 
      "uid": "052a9c35-e250-4e59-a7e7-640f04d3dcdb", 
      "order": 1, 
      "description": "Filtered list of document ids"
    }
  }, 
  {
    "pk": 199, 
    "model": "workflows.abstractwidget", 
    "fields": {
      "category": 33, 
      "treeview_image": "", 
      "name": "Get XML of PMC article", 
      "is_streaming": false, 
      "uid": "289b13de-a664-458d-8c1e-b4526bdb99bb", 
      "interaction_view": "", 
      "image": "", 
      "package": "bio3graph", 
      "static_image": "", 
      "post_interact_action": "", 
      "user": null, 
      "visualization_view": "", 
      "streaming_visualization_view": "", 
      "action": "bio3graph_get_xmls", 
      "wsdl_method": "", 
      "wsdl": "", 
      "interactive": false, 
      "has_progress_bar": false, 
      "order": 11, 
      "description": "Downloads the XML document of the give article(s)."
    }
  }, 
  {
    "pk": 427, 
    "model": "workflows.abstractinput", 
    "fields": {
      "widget": 199, 
      "name": "id list", 
      "short_name": "ids", 
      "uid": "bc0365c3-298e-45a9-91fd-f293829b9bc0", 
      "default": "", 
      "required": true, 
      "multi": false, 
      "parameter_type": null, 
      "variable": "id_list", 
      "parameter": false, 
      "order": 1, 
      "description": "List of document ids"
    }
  }, 
  {
    "pk": 218, 
    "model": "workflows.abstractoutput", 
    "fields": {
      "widget": 199, 
      "name": "list of XMLs", 
      "short_name": "xml", 
      "variable": "xmls", 
      "uid": "6d8ff59f-9356-4180-9ef7-0644caffec72", 
      "order": 1, 
      "description": "List of XMLs"
    }
  }, 
  {
    "pk": 200, 
    "model": "workflows.abstractwidget", 
    "fields": {
      "category": 33, 
      "treeview_image": "", 
      "name": "Get fulltext of PMC article", 
      "is_streaming": false, 
      "uid": "d8656eb8-14bc-4f18-b8fe-3c3b31b62429", 
      "interaction_view": "", 
      "image": "", 
      "package": "bio3graph", 
      "static_image": "", 
      "post_interact_action": "", 
      "user": null, 
      "visualization_view": "", 
      "streaming_visualization_view": "", 
      "action": "bio3graph_get_fulltexts", 
      "wsdl_method": "", 
      "wsdl": "", 
      "interactive": false, 
      "has_progress_bar": false, 
      "order": 12, 
      "description": "Downloads the full text of the given PMC article(s). Note: fulltext is available only for PMC OA subset!"
    }
  }, 
  {
    "pk": 428, 
    "model": "workflows.abstractinput", 
    "fields": {
      "widget": 200, 
      "name": "id list", 
      "short_name": "ids", 
      "uid": "5849b4c2-bc39-49b6-afda-8f138448ffe3", 
      "default": "", 
      "required": true, 
      "multi": false, 
      "parameter_type": null, 
      "variable": "id_list", 
      "parameter": false, 
      "order": 1, 
      "description": "List of document ids"
    }
  }, 
  {
    "pk": 219, 
    "model": "workflows.abstractoutput", 
    "fields": {
      "widget": 200, 
      "name": "fulltexts", 
      "short_name": "txt", 
      "variable": "fulltexts", 
      "uid": "5472d024-b910-42d3-a486-35e1666624dd", 
      "order": 1, 
      "description": "List of fulltexts"
    }
  }, 
  {
    "pk": 197, 
    "model": "workflows.abstractwidget", 
    "fields": {
      "category": 33, 
      "treeview_image": "", 
      "name": "Search PubMed Central", 
      "is_streaming": false, 
      "uid": "e4d10ab3-57dd-4b79-84bc-7f92c2de8250", 
      "interaction_view": "", 
      "image": "", 
      "package": "bio3graph", 
      "static_image": "", 
      "post_interact_action": "", 
      "user": null, 
      "visualization_view": "", 
      "streaming_visualization_view": "", 
      "action": "bio3graph_search_pubmed", 
      "wsdl_method": "", 
      "wsdl": "", 
      "interactive": false, 
      "has_progress_bar": false, 
      "order": 18, 
      "description": "Performs a query to PubMed Central."
    }
  }, 
  {
    "pk": 424, 
    "model": "workflows.abstractinput", 
    "fields": {
      "widget": 197, 
      "name": "maxHits", 
      "short_name": "mh", 
      "uid": "7a13cece-f90d-434e-9e4b-d7d42a36635a", 
      "default": "100", 
      "required": false, 
      "multi": false, 
      "parameter_type": "text", 
      "variable": "maxHits", 
      "parameter": true, 
      "order": 1, 
      "description": "max number of results (0 for inf)"
    }
  }, 
  {
    "pk": 425, 
    "model": "workflows.abstractinput", 
    "fields": {
      "widget": 197, 
      "name": "query", 
      "short_name": "q", 
      "uid": "67b45d4f-32a5-415f-ad53-8a2caf1cd3d1", 
      "default": "", 
      "required": true, 
      "multi": false, 
      "parameter_type": "textarea", 
      "variable": "query", 
      "parameter": true, 
      "order": 2, 
      "description": "PubMed query"
    }
  }, 
  {
    "pk": 216, 
    "model": "workflows.abstractoutput", 
    "fields": {
      "widget": 197, 
      "name": "id list", 
      "short_name": "ids", 
      "variable": "pmids", 
      "uid": "b666c917-633f-4ccd-a463-1b173a0ff506", 
      "order": 1, 
      "description": "List of document ids"
    }
  }
]