[
  {
    "pk": 25, 
    "model": "workflows.category", 
    "fields": {
      "uid": "b66b71b1-99d6-4efc-b264-a914a3e42911", 
      "parent": null, 
      "workflow": null, 
      "user": null, 
      "order": 1, 
      "name": "MySQL"
    }
  }, 
  {
    "pk": 140, 
    "model": "workflows.abstractwidget", 
    "fields": {
      "category": 25, 
      "treeview_image": "", 
      "windows_queue": false, 
      "name": "Database Context", 
      "is_streaming": false, 
      "uid": "649015ac-ca53-43bc-a36a-c603b52f8775", 
      "interaction_view": "mysql_db_context", 
      "image": "", 
      "package": "mysql", 
      "static_image": "mysql.png", 
      "post_interact_action": "mysql_db_context_finished", 
      "user": null, 
      "visualization_view": "", 
      "streaming_visualization_view": "", 
      "action": "mysql_db_context", 
      "wsdl_method": "", 
      "wsdl": "", 
      "interactive": true, 
      "has_progress_bar": false, 
      "order": 1, 
      "description": ""
    }
  }, 
  {
    "pk": 336, 
    "model": "workflows.abstractinput", 
    "fields": {
      "widget": 140, 
      "name": "connection", 
      "short_name": "con", 
      "uid": "6c23b4a2-a18e-498e-a22c-4de86932da3e", 
      "default": "", 
      "required": true, 
      "multi": false, 
      "parameter_type": null, 
      "variable": "connection", 
      "parameter": false, 
      "order": 1, 
      "description": ""
    }
  }, 
  {
    "pk": 337, 
    "model": "workflows.abstractinput", 
    "fields": {
      "widget": 140, 
      "name": "Table connection from names", 
      "short_name": "tbc", 
      "uid": "be3718eb-062e-48f2-af2a-8c31e66524fe", 
      "default": "false", 
      "required": true, 
      "multi": false, 
      "parameter_type": "checkbox", 
      "variable": "find_connections", 
      "parameter": true, 
      "order": 2, 
      "description": "Tries to detect connections between tables solely by looking at the attribute names."
    }
  }, 
  {
    "pk": 154, 
    "model": "workflows.abstractoutput", 
    "fields": {
      "widget": 140, 
      "name": "context", 
      "short_name": "cxt", 
      "variable": "context", 
      "uid": "171aa481-0f93-4315-a476-ed3b0aa8c9e4", 
      "order": 1, 
      "description": ""
    }
  }, 
  {
    "pk": 141, 
    "model": "workflows.abstractwidget", 
    "fields": {
      "category": 25, 
      "treeview_image": "", 
      "windows_queue": false, 
      "name": "Database To Aleph", 
      "is_streaming": false, 
      "uid": "3c5ac714-84ca-4c93-befb-ce0c16148193", 
      "interaction_view": "", 
      "image": "", 
      "package": "mysql", 
      "static_image": "mysql.png", 
      "post_interact_action": "", 
      "user": null, 
      "visualization_view": "", 
      "streaming_visualization_view": "", 
      "action": "mysql_aleph_converter", 
      "wsdl_method": "", 
      "wsdl": "", 
      "interactive": false, 
      "has_progress_bar": false, 
      "order": 1, 
      "description": ""
    }
  }, 
  {
    "pk": 338, 
    "model": "workflows.abstractinput", 
    "fields": {
      "widget": 141, 
      "name": "Target attribute value", 
      "short_name": "tgt", 
      "uid": "5b7354f1-35d8-41c8-a0ae-c3848855f29d", 
      "default": "", 
      "required": true, 
      "multi": false, 
      "parameter_type": "text", 
      "variable": "target_att_val", 
      "parameter": true, 
      "order": 1, 
      "description": "Target attribute value to be used as the positive class"
    }
  }, 
  {
    "pk": 339, 
    "model": "workflows.abstractinput", 
    "fields": {
      "widget": 141, 
      "name": "dump full database", 
      "short_name": "dmp", 
      "uid": "fb5fc5f5-aa8f-4667-b96a-2b3f9a7672c7", 
      "default": "false", 
      "required": false, 
      "multi": false, 
      "parameter_type": "checkbox", 
      "variable": "dump", 
      "parameter": true, 
      "order": 1, 
      "description": "dump full database to prolog"
    }
  }, 
  {
    "pk": 340, 
    "model": "workflows.abstractinput", 
    "fields": {
      "widget": 141, 
      "name": "discretization intervals", 
      "short_name": "itr", 
      "uid": "e20c7a7c-d2f5-4ab6-9ef1-b3d244140d88", 
      "default": "", 
      "required": false, 
      "multi": false, 
      "parameter_type": null, 
      "variable": "discr_intervals", 
      "parameter": false, 
      "order": 2, 
      "description": "dictionary of intervals for discretization"
    }
  }, 
  {
    "pk": 341, 
    "model": "workflows.abstractinput", 
    "fields": {
      "widget": 141, 
      "name": "context", 
      "short_name": "cxt", 
      "uid": "474e9673-9c55-48c5-bae8-a7b986aa0287", 
      "default": "", 
      "required": true, 
      "multi": false, 
      "parameter_type": null, 
      "variable": "context", 
      "parameter": false, 
      "order": 3, 
      "description": "Database context object"
    }
  }, 
  {
    "pk": 155, 
    "model": "workflows.abstractoutput", 
    "fields": {
      "widget": 141, 
      "name": "positive examples", 
      "short_name": "pos", 
      "variable": "pos_examples", 
      "uid": "48184527-16a5-446c-9181-48a6558430c2", 
      "order": 1, 
      "description": "positive examples file"
    }
  }, 
  {
    "pk": 156, 
    "model": "workflows.abstractoutput", 
    "fields": {
      "widget": 141, 
      "name": "negative examples", 
      "short_name": "neg", 
      "variable": "neg_examples", 
      "uid": "2c623064-95cd-48ac-8bff-617edf2b9468", 
      "order": 2, 
      "description": "negative examples file"
    }
  }, 
  {
    "pk": 157, 
    "model": "workflows.abstractoutput", 
    "fields": {
      "widget": 141, 
      "name": "background knowledge", 
      "short_name": "b", 
      "variable": "bk", 
      "uid": "5e61e44e-cc52-4471-9a41-3afa52f58ab1", 
      "order": 3, 
      "description": "background knowledge"
    }
  }, 
  {
    "pk": 142, 
    "model": "workflows.abstractwidget", 
    "fields": {
      "category": 25, 
      "treeview_image": "", 
      "windows_queue": false, 
      "name": "Database To Orange Table", 
      "is_streaming": false, 
      "uid": "baa32a60-5acb-42a1-ba83-23a6ab2160e7", 
      "interaction_view": "mysql_orange_converter", 
      "image": "", 
      "package": "mysql", 
      "static_image": "mysql.png", 
      "post_interact_action": "mysql_orange_converter_finished", 
      "user": null, 
      "visualization_view": "", 
      "streaming_visualization_view": "", 
      "action": "mysql_orange_converter", 
      "wsdl_method": "", 
      "wsdl": "", 
      "interactive": false, 
      "has_progress_bar": false, 
      "order": 1, 
      "description": ""
    }
  }, 
  {
    "pk": 342, 
    "model": "workflows.abstractinput", 
    "fields": {
      "widget": 142, 
      "name": "context", 
      "short_name": "cxt", 
      "uid": "1f9b5ccf-65c3-4ccc-818e-afb3a6ffee20", 
      "default": "", 
      "required": true, 
      "multi": false, 
      "parameter_type": null, 
      "variable": "context", 
      "parameter": false, 
      "order": 1, 
      "description": "Database context object"
    }
  }, 
  {
    "pk": 158, 
    "model": "workflows.abstractoutput", 
    "fields": {
      "widget": 142, 
      "name": "Data table", 
      "short_name": "odt", 
      "variable": "target_table_dataset", 
      "uid": "8dc434fd-3307-432f-b1d7-74638390a077", 
      "order": 1, 
      "description": "Orange data table"
    }
  }, 
  {
    "pk": 159, 
    "model": "workflows.abstractoutput", 
    "fields": {
      "widget": 142, 
      "name": "List of Data tables", 
      "short_name": "lot", 
      "variable": "other_table_datasets", 
      "uid": "f69bd0bb-3041-4150-8d3a-e9767aa304da", 
      "order": 2, 
      "description": "List of Orange data tables"
    }
  }, 
  {
    "pk": 143, 
    "model": "workflows.abstractwidget", 
    "fields": {
      "category": 25, 
      "treeview_image": "", 
      "windows_queue": false, 
      "name": "Database To RSD", 
      "is_streaming": false, 
      "uid": "e5b68e38-cb53-408a-a58f-26742d6ecb3c", 
      "interaction_view": "", 
      "image": "", 
      "package": "mysql", 
      "static_image": "mysql.png", 
      "post_interact_action": "", 
      "user": null, 
      "visualization_view": "", 
      "streaming_visualization_view": "", 
      "action": "mysql_rsd_converter", 
      "wsdl_method": "", 
      "wsdl": "", 
      "interactive": false, 
      "has_progress_bar": false, 
      "order": 1, 
      "description": ""
    }
  }, 
  {
    "pk": 343, 
    "model": "workflows.abstractinput", 
    "fields": {
      "widget": 143, 
      "name": "context", 
      "short_name": "cxt", 
      "uid": "4f1397a8-4e72-4b34-b31d-d09bf9a7e7d9", 
      "default": "", 
      "required": true, 
      "multi": false, 
      "parameter_type": null, 
      "variable": "context", 
      "parameter": false, 
      "order": 1, 
      "description": "Database context object"
    }
  }, 
  {
    "pk": 344, 
    "model": "workflows.abstractinput", 
    "fields": {
      "widget": 143, 
      "name": "dump full database", 
      "short_name": "dmp", 
      "uid": "3c1375b1-10ed-400d-abfe-261115723c2f", 
      "default": "false", 
      "required": false, 
      "multi": false, 
      "parameter_type": "checkbox", 
      "variable": "dump", 
      "parameter": true, 
      "order": 1, 
      "description": "dump full database"
    }
  }, 
  {
    "pk": 345, 
    "model": "workflows.abstractinput", 
    "fields": {
      "widget": 143, 
      "name": "discretization intervals", 
      "short_name": "itr", 
      "uid": "de698509-3bdc-482f-b5f9-9c6b3916426b", 
      "default": "", 
      "required": false, 
      "multi": false, 
      "parameter_type": null, 
      "variable": "discr_intervals", 
      "parameter": false, 
      "order": 2, 
      "description": "dictionary of intervals for discretization"
    }
  }, 
  {
    "pk": 160, 
    "model": "workflows.abstractoutput", 
    "fields": {
      "widget": 143, 
      "name": "examples", 
      "short_name": "ex", 
      "variable": "examples", 
      "uid": "f17690db-636b-4874-8406-f57778550c27", 
      "order": 1, 
      "description": "examples"
    }
  }, 
  {
    "pk": 161, 
    "model": "workflows.abstractoutput", 
    "fields": {
      "widget": 143, 
      "name": "background knowledge", 
      "short_name": "b", 
      "variable": "bk", 
      "uid": "89a386ef-3aa8-441f-99ff-4b64b1e3357f", 
      "order": 2, 
      "description": "background knowledge"
    }
  }, 
  {
    "pk": 180, 
    "model": "workflows.abstractwidget", 
    "fields": {
      "category": 25, 
      "treeview_image": "", 
      "windows_queue": false, 
      "name": "Database To TreeLiker", 
      "is_streaming": false, 
      "uid": "b07e0349-3d50-42b2-9678-dc7752b44d7e", 
      "interaction_view": "", 
      "image": "", 
      "package": "mysql", 
      "static_image": "mysql.png", 
      "post_interact_action": "", 
      "user": null, 
      "visualization_view": "", 
      "streaming_visualization_view": "", 
      "action": "mysql_treeliker_converter", 
      "wsdl_method": "", 
      "wsdl": "", 
      "interactive": false, 
      "has_progress_bar": false, 
      "order": 1, 
      "description": ""
    }
  }, 
  {
    "pk": 452, 
    "model": "workflows.abstractinput", 
    "fields": {
      "widget": 180, 
      "name": "context", 
      "short_name": "cxt", 
      "uid": "9056fe24-2a8a-40a6-a320-66889d89050c", 
      "default": "", 
      "required": true, 
      "multi": false, 
      "parameter_type": null, 
      "variable": "context", 
      "parameter": false, 
      "order": 1, 
      "description": "Database context object"
    }
  }, 
  {
    "pk": 453, 
    "model": "workflows.abstractinput", 
    "fields": {
      "widget": 180, 
      "name": "discretization intervals", 
      "short_name": "itr", 
      "uid": "ebda708e-1ef8-4326-8788-1c98611c7817", 
      "default": "", 
      "required": false, 
      "multi": false, 
      "parameter_type": null, 
      "variable": "discr_intervals", 
      "parameter": false, 
      "order": 2, 
      "description": "dictionary of intervals for discretization"
    }
  }, 
  {
    "pk": 204, 
    "model": "workflows.abstractoutput", 
    "fields": {
      "widget": 180, 
      "name": "dataset", 
      "short_name": "dat", 
      "variable": "dataset", 
      "uid": "65c5c174-104b-4a48-b61d-55192c73fbe7", 
      "order": 1, 
      "description": "dataset"
    }
  }, 
  {
    "pk": 205, 
    "model": "workflows.abstractoutput", 
    "fields": {
      "widget": 180, 
      "name": "template", 
      "short_name": "tpl", 
      "variable": "template", 
      "uid": "550272b4-d505-4764-b7af-019a87394198", 
      "order": 1, 
      "description": "template"
    }
  }, 
  {
    "pk": 144, 
    "model": "workflows.abstractwidget", 
    "fields": {
      "category": 25, 
      "treeview_image": "", 
      "windows_queue": false, 
      "name": "MySQL Connect", 
      "is_streaming": false, 
      "uid": "41978deb-c245-4e1f-95a2-ceadcfe6898a", 
      "interaction_view": "", 
      "image": "", 
      "package": "mysql", 
      "static_image": "mysql.png", 
      "post_interact_action": "", 
      "user": null, 
      "visualization_view": "", 
      "streaming_visualization_view": "", 
      "action": "mysql_connect", 
      "wsdl_method": "", 
      "wsdl": "", 
      "interactive": false, 
      "has_progress_bar": false, 
      "order": 1, 
      "description": ""
    }
  }, 
  {
    "pk": 346, 
    "model": "workflows.abstractinput", 
    "fields": {
      "widget": 144, 
      "name": "user", 
      "short_name": "usr", 
      "uid": "0f36f10b-066f-4ad3-9fa8-39205440076a", 
      "default": "", 
      "required": true, 
      "multi": false, 
      "parameter_type": "text", 
      "variable": "user", 
      "parameter": true, 
      "order": 1, 
      "description": ""
    }
  }, 
  {
    "pk": 347, 
    "model": "workflows.abstractinput", 
    "fields": {
      "widget": 144, 
      "name": "password", 
      "short_name": "pwd", 
      "uid": "8ead911a-3d1b-4e50-b56a-64873b85d3cf", 
      "default": "", 
      "required": false, 
      "multi": false, 
      "parameter_type": "password", 
      "variable": "password", 
      "parameter": true, 
      "order": 2, 
      "description": ""
    }
  }, 
  {
    "pk": 348, 
    "model": "workflows.abstractinput", 
    "fields": {
      "widget": 144, 
      "name": "host", 
      "short_name": "hst", 
      "uid": "9812cc11-b21e-4444-8dfe-bc0c68fe79e8", 
      "default": "", 
      "required": true, 
      "multi": false, 
      "parameter_type": "text", 
      "variable": "host", 
      "parameter": true, 
      "order": 3, 
      "description": ""
    }
  }, 
  {
    "pk": 349, 
    "model": "workflows.abstractinput", 
    "fields": {
      "widget": 144, 
      "name": "database", 
      "short_name": "db", 
      "uid": "d132adce-c3ec-411a-8ee7-906be4a99f61", 
      "default": "", 
      "required": true, 
      "multi": false, 
      "parameter_type": "text", 
      "variable": "database", 
      "parameter": true, 
      "order": 4, 
      "description": ""
    }
  }, 
  {
    "pk": 162, 
    "model": "workflows.abstractoutput", 
    "fields": {
      "widget": 144, 
      "name": "connection", 
      "short_name": "con", 
      "variable": "connection", 
      "uid": "4858c86c-c53e-4722-9747-635af56bd4dd", 
      "order": 1, 
      "description": ""
    }
  }, 
  {
    "pk": 66, 
    "model": "workflows.category", 
    "fields": {
      "uid": "b349a089-0af7-4d86-838b-e8c93d9d6ca5", 
      "parent": 25, 
      "workflow": null, 
      "user": null, 
      "order": 1, 
      "name": "Domain mapping"
    }
  }, 
  {
    "pk": 364, 
    "model": "workflows.abstractwidget", 
    "fields": {
      "category": 66, 
      "treeview_image": "", 
      "windows_queue": false, 
      "name": "Map examples to domain (Aleph features)", 
      "is_streaming": false, 
      "uid": "804af24c-cecf-4296-85f5-798a45b7a0a8", 
      "interaction_view": "", 
      "image": "", 
      "package": "mysql", 
      "static_image": "mysql.png", 
      "post_interact_action": "", 
      "user": null, 
      "visualization_view": "", 
      "streaming_visualization_view": "", 
      "action": "ilp_map_aleph", 
      "wsdl_method": "", 
      "wsdl": "", 
      "interactive": false, 
      "has_progress_bar": false, 
      "order": 1, 
      "description": ""
    }
  }, 
  {
    "pk": 945, 
    "model": "workflows.abstractinput", 
    "fields": {
      "widget": 364, 
      "name": "training data (context)", 
      "short_name": "trn", 
      "uid": "e13530d2-96a1-4e8e-a5aa-12ad686f7384", 
      "default": "", 
      "required": false, 
      "multi": false, 
      "parameter_type": null, 
      "variable": "train_ctx", 
      "parameter": false, 
      "order": 1, 
      "description": "training context"
    }
  }, 
  {
    "pk": 951, 
    "model": "workflows.abstractinput", 
    "fields": {
      "widget": 364, 
      "name": "positive class", 
      "short_name": "pos", 
      "uid": "bdba04d8-e4cc-4590-b807-dc2581bd9e42", 
      "default": "", 
      "required": true, 
      "multi": false, 
      "parameter_type": null, 
      "variable": "positive_class", 
      "parameter": false, 
      "order": 1, 
      "description": "positive class"
    }
  }, 
  {
    "pk": 946, 
    "model": "workflows.abstractinput", 
    "fields": {
      "widget": 364, 
      "name": "format", 
      "short_name": "fmt", 
      "uid": "5765110e-ead7-463b-8af4-c710dd0e56f4", 
      "default": "arff", 
      "required": true, 
      "multi": false, 
      "parameter_type": "select", 
      "variable": "output_format", 
      "parameter": true, 
      "order": 2, 
      "description": "output format"
    }
  }, 
  {
    "pk": 947, 
    "model": "workflows.abstractinput", 
    "fields": {
      "widget": 364, 
      "name": "test data (context)", 
      "short_name": "tst", 
      "uid": "cb5e9036-e0a0-4de8-9d41-d4f7e418e415", 
      "default": "", 
      "required": true, 
      "multi": false, 
      "parameter_type": null, 
      "variable": "test_ctx", 
      "parameter": false, 
      "order": 3, 
      "description": "new examples' context"
    }
  }, 
  {
    "pk": 948, 
    "model": "workflows.abstractinput", 
    "fields": {
      "widget": 364, 
      "name": "features", 
      "short_name": "frs", 
      "uid": "9c245a66-c419-44aa-a077-d133c8b2e5f5", 
      "default": "", 
      "required": true, 
      "multi": false, 
      "parameter_type": null, 
      "variable": "features", 
      "parameter": false, 
      "order": 4, 
      "description": "domain features"
    }
  }, 
  {
    "pk": 410, 
    "model": "workflows.abstractoutput", 
    "fields": {
      "widget": 364, 
      "name": "evaluations", 
      "short_name": "evs", 
      "variable": "evaluations", 
      "uid": "90f445ab-f8a2-4960-8d4a-e98edbdb9f39", 
      "order": 1, 
      "description": "features evaluated on the test data"
    }
  }, 
  {
    "pk": 362, 
    "model": "workflows.abstractwidget", 
    "fields": {
      "category": 66, 
      "treeview_image": "", 
      "windows_queue": false, 
      "name": "Map examples to domain (RSD)", 
      "is_streaming": false, 
      "uid": "50f8a9cf-046c-43e9-9681-d700cbbbb689", 
      "interaction_view": "", 
      "image": "", 
      "package": "mysql", 
      "static_image": "mysql.png", 
      "post_interact_action": "", 
      "user": null, 
      "visualization_view": "", 
      "streaming_visualization_view": "", 
      "action": "ilp_map_rsd", 
      "wsdl_method": "", 
      "wsdl": "", 
      "interactive": false, 
      "has_progress_bar": false, 
      "order": 1, 
      "description": ""
    }
  }, 
  {
    "pk": 938, 
    "model": "workflows.abstractinput", 
    "fields": {
      "widget": 362, 
      "name": "training data (context)", 
      "short_name": "trn", 
      "uid": "fe7667f7-9e36-46a7-9b4a-fabe69aa628e", 
      "default": "", 
      "required": false, 
      "multi": false, 
      "parameter_type": null, 
      "variable": "train_ctx", 
      "parameter": false, 
      "order": 1, 
      "description": "training context"
    }
  }, 
  {
    "pk": 939, 
    "model": "workflows.abstractinput", 
    "fields": {
      "widget": 362, 
      "name": "format", 
      "short_name": "fmt", 
      "uid": "6990c6fd-615e-41b7-912c-ad31dd169065", 
      "default": "arff", 
      "required": true, 
      "multi": false, 
      "parameter_type": "select", 
      "variable": "output_format", 
      "parameter": true, 
      "order": 2, 
      "description": "output format"
    }
  }, 
  {
    "pk": 235, 
    "model": "workflows.abstractoption", 
    "fields": {
      "uid": "a29d6d54-b9ad-4e93-9ea8-d988e18fce74", 
      "abstract_input": 939, 
      "value": "csv", 
      "name": "CSV"
    }
  }, 
  {
    "pk": 234, 
    "model": "workflows.abstractoption", 
    "fields": {
      "uid": "bfdf4683-2afa-4696-85a9-3be4557fe847", 
      "abstract_input": 939, 
      "value": "arff", 
      "name": "Weka ARFF"
    }
  }, 
  {
    "pk": 935, 
    "model": "workflows.abstractinput", 
    "fields": {
      "widget": 362, 
      "name": "test data (context)", 
      "short_name": "tst", 
      "uid": "328957c9-0cf6-46da-bd9c-d89aa3a88842", 
      "default": "", 
      "required": true, 
      "multi": false, 
      "parameter_type": null, 
      "variable": "test_ctx", 
      "parameter": false, 
      "order": 3, 
      "description": "new examples' context"
    }
  }, 
  {
    "pk": 936, 
    "model": "workflows.abstractinput", 
    "fields": {
      "widget": 362, 
      "name": "features", 
      "short_name": "frs", 
      "uid": "d96f84a3-69d9-45f5-9f1e-5041e736bb2c", 
      "default": "", 
      "required": true, 
      "multi": false, 
      "parameter_type": null, 
      "variable": "features", 
      "parameter": false, 
      "order": 4, 
      "description": "domain features"
    }
  }, 
  {
    "pk": 408, 
    "model": "workflows.abstractoutput", 
    "fields": {
      "widget": 362, 
      "name": "evaluations", 
      "short_name": "evs", 
      "variable": "evaluations", 
      "uid": "58f8bc1b-de75-404c-aca6-7b0e14a05e14", 
      "order": 1, 
      "description": "features evaluated on the test data"
    }
  }, 
  {
    "pk": 363, 
    "model": "workflows.abstractwidget", 
    "fields": {
      "category": 66, 
      "treeview_image": "", 
      "windows_queue": false, 
      "name": "Map examples to domain (TreeLiker)", 
      "is_streaming": false, 
      "uid": "b8dcd7bf-cfed-42e0-8bf9-02149c499f1e", 
      "interaction_view": "", 
      "image": "", 
      "package": "mysql", 
      "static_image": "mysql.png", 
      "post_interact_action": "", 
      "user": null, 
      "visualization_view": "", 
      "streaming_visualization_view": "", 
      "action": "ilp_map_treeliker", 
      "wsdl_method": "", 
      "wsdl": "", 
      "interactive": false, 
      "has_progress_bar": false, 
      "order": 1, 
      "description": ""
    }
  }, 
  {
    "pk": 940, 
    "model": "workflows.abstractinput", 
    "fields": {
      "widget": 363, 
      "name": "training data (context)", 
      "short_name": "trn", 
      "uid": "e6a08ff3-39c5-40e2-8257-36107bd117cc", 
      "default": "", 
      "required": false, 
      "multi": false, 
      "parameter_type": null, 
      "variable": "train_ctx", 
      "parameter": false, 
      "order": 1, 
      "description": "training context"
    }
  }, 
  {
    "pk": 941, 
    "model": "workflows.abstractinput", 
    "fields": {
      "widget": 363, 
      "name": "format", 
      "short_name": "fmt", 
      "uid": "1b119724-6e2f-48f6-9cea-7712da9bd57f", 
      "default": "arff", 
      "required": true, 
      "multi": false, 
      "parameter_type": "select", 
      "variable": "output_format", 
      "parameter": true, 
      "order": 2, 
      "description": "output format"
    }
  }, 
  {
    "pk": 236, 
    "model": "workflows.abstractoption", 
    "fields": {
      "uid": "4cc81fb2-7fa6-4551-9381-01a02c83f288", 
      "abstract_input": 941, 
      "value": "arff", 
      "name": "ARFF"
    }
  }, 
  {
    "pk": 237, 
    "model": "workflows.abstractoption", 
    "fields": {
      "uid": "718f9d12-baf9-4ca1-81f5-8186608f0c93", 
      "abstract_input": 941, 
      "value": "csv", 
      "name": "CSV"
    }
  }, 
  {
    "pk": 942, 
    "model": "workflows.abstractinput", 
    "fields": {
      "widget": 363, 
      "name": "test data (context)", 
      "short_name": "tst", 
      "uid": "257dd7e7-66ac-48ac-a1f1-b3c4581e9bf6", 
      "default": "", 
      "required": true, 
      "multi": false, 
      "parameter_type": null, 
      "variable": "test_ctx", 
      "parameter": false, 
      "order": 3, 
      "description": "new examples' context"
    }
  }, 
  {
    "pk": 943, 
    "model": "workflows.abstractinput", 
    "fields": {
      "widget": 363, 
      "name": "features", 
      "short_name": "frs", 
      "uid": "bdba5268-fa34-40c6-9416-aa9c5f7636ac", 
      "default": "", 
      "required": true, 
      "multi": false, 
      "parameter_type": null, 
      "variable": "features", 
      "parameter": false, 
      "order": 4, 
      "description": "domain features"
    }
  }, 
  {
    "pk": 409, 
    "model": "workflows.abstractoutput", 
    "fields": {
      "widget": 363, 
      "name": "evaluations", 
      "short_name": "evs", 
      "variable": "evaluations", 
      "uid": "203930d9-c52c-4f68-9aad-36fd7d35fa0a", 
      "order": 1, 
      "description": "features evaluated on the test data"
    }
  }
]