[
  {
    "pk": 25, 
    "model": "workflows.category", 
    "fields": {
      "uid": "62f6171b-5448-424b-b5cc-88cd63883fd0", 
      "parent": null, 
      "workflow": null, 
      "user": null, 
      "order": 1, 
      "name": "ScikitAlgorithms"
    }
  }, 
  {
    "pk": 30, 
    "model": "workflows.category", 
    "fields": {
      "uid": "317018eb-3bc8-4862-bce8-273451a01de4", 
      "parent": 25, 
      "workflow": null, 
      "user": null, 
      "order": 1, 
      "name": "Classification"
    }
  }, 
  {
    "pk": 172, 
    "model": "workflows.abstractwidget", 
    "fields": {
      "category": 30, 
      "treeview_image": "", 
      "name": "Decision Tree", 
      "is_streaming": false, 
      "uid": "2e92b1c1-0d1a-4569-a003-0bb3b9400801", 
      "interaction_view": "", 
      "image": "", 
      "package": "scikitAlgorithms", 
      "static_image": "scikit_Tree-icon.png", 
      "post_interact_action": "", 
      "user": null, 
      "visualization_view": "", 
      "streaming_visualization_view": "", 
      "action": "scikitAlgorithms_J48", 
      "wsdl_method": "", 
      "wsdl": "", 
      "interactive": false, 
      "has_progress_bar": false, 
      "order": 1, 
      "description": "max_features : {int, float or string } The number of features to consider when looking for the best split:\r\n\r\nint, then consider max_features features at each split.\r\nfloat, then max_features is a percentage and int(max_features * n_features) features are considered at each split.\r\n“auto”, then max_features=sqrt(n_features).\r\n“sqrt”, then max_features=sqrt(n_features).\r\n“log2”, then max_features=log2(n_features).\r\nNone, then max_features=n_features.\r\n\r\nmax_depth : {integer} The maximum depth of the tree. \r\n"
    }
  }, 
  {
    "pk": 376, 
    "model": "workflows.abstractinput", 
    "fields": {
      "widget": 172, 
      "name": "max_feature", 
      "short_name": "par", 
      "uid": "61d7acc2-72c8-4943-a602-fcbabea6cc0f", 
      "default": "auto", 
      "required": false, 
      "multi": false, 
      "parameter_type": "text", 
      "variable": "featureIn", 
      "parameter": true, 
      "order": 1, 
      "description": ""
    }
  }, 
  {
    "pk": 377, 
    "model": "workflows.abstractinput", 
    "fields": {
      "widget": 172, 
      "name": "max_depth", 
      "short_name": "par", 
      "uid": "d3fe38b1-f3b2-4364-a30e-dac5a27d3dfa", 
      "default": "100", 
      "required": false, 
      "multi": false, 
      "parameter_type": "text", 
      "variable": "depthIn", 
      "parameter": true, 
      "order": 1, 
      "description": ""
    }
  }, 
  {
    "pk": 189, 
    "model": "workflows.abstractoutput", 
    "fields": {
      "widget": 172, 
      "name": "Dataset", 
      "short_name": "lrn", 
      "variable": "treeOut", 
      "uid": "c1eedb63-fabc-46c4-b751-7e7072847180", 
      "order": 1, 
      "description": ""
    }
  }, 
  {
    "pk": 173, 
    "model": "workflows.abstractwidget", 
    "fields": {
      "category": 30, 
      "treeview_image": "", 
      "name": "Linear Support Vector Classification", 
      "is_streaming": false, 
      "uid": "bab37f12-8d69-4823-a86b-13af7e1cb00d", 
      "interaction_view": "", 
      "image": "", 
      "package": "scikitAlgorithms", 
      "static_image": "scikit_svm.png", 
      "post_interact_action": "", 
      "user": null, 
      "visualization_view": "", 
      "streaming_visualization_view": "", 
      "action": "scikitAlgorithms_linearSVC", 
      "wsdl_method": "", 
      "wsdl": "", 
      "interactive": false, 
      "has_progress_bar": false, 
      "order": 1, 
      "description": "Support Vector Machines without kernels based on liblinear\r\n\r\nC : {float} - Penalty parameter C of the error term.\r\nloss : string, ‘l1’ or ‘l2’ (default=’l2’) Specifies the loss function. ‘l1’ is the hinge loss (standard SVM) while ‘l2’ is the squared hinge loss.\r\npenalty : string, ‘l1’ or ‘l2’ (default=’l2’) Specifies the norm used in the penalization. The ‘l2’ penalty is the standard used in SVC. The ‘l1’ leads to coef_ vectors that are sparse.\r\n\r\nmulti_class: string, ‘ovr’ or ‘crammer_singer’ (default=’ovr’) :\r\nDetermines the multi-class strategy if y contains more than two classes. ovr trains n_classes one-vs-rest classifiers, while crammer_singer optimizes a joint objective over all classes. While crammer_singer is interesting from an theoretical perspective as it is consistent it is seldom used in practice and rarely leads to better accuracy and is more expensive to compute. If crammer_singer is chosen, the options loss, penalty and dual will be ignored."
    }
  }, 
  {
    "pk": 378, 
    "model": "workflows.abstractinput", 
    "fields": {
      "widget": 173, 
      "name": "Penalty parameter(C)", 
      "short_name": "par", 
      "uid": "2404bc82-b32b-4787-acd4-82ceef160c22", 
      "default": "1.0", 
      "required": false, 
      "multi": false, 
      "parameter_type": "text", 
      "variable": "penaltyIn", 
      "parameter": true, 
      "order": 1, 
      "description": ""
    }
  }, 
  {
    "pk": 379, 
    "model": "workflows.abstractinput", 
    "fields": {
      "widget": 173, 
      "name": "Loss parameter(loss)", 
      "short_name": "par", 
      "uid": "4511ba8c-015c-4e26-8ca4-164c74afde18", 
      "default": "l2", 
      "required": false, 
      "multi": false, 
      "parameter_type": "select", 
      "variable": "lossIn", 
      "parameter": true, 
      "order": 2, 
      "description": ""
    }
  }, 
  {
    "pk": 108, 
    "model": "workflows.abstractoption", 
    "fields": {
      "uid": "64809f7f-3b98-4b63-9c84-66608c1f6a8c", 
      "abstract_input": 379, 
      "value": "l1", 
      "name": "l1"
    }
  }, 
  {
    "pk": 109, 
    "model": "workflows.abstractoption", 
    "fields": {
      "uid": "554b3404-de82-418a-bc9e-f7fa530acde1", 
      "abstract_input": 379, 
      "value": "l2", 
      "name": "l2"
    }
  }, 
  {
    "pk": 380, 
    "model": "workflows.abstractinput", 
    "fields": {
      "widget": 173, 
      "name": "Norm(penalty)", 
      "short_name": "par", 
      "uid": "b8b407d1-c11e-4829-a851-f1cd9ebe1409", 
      "default": "l2", 
      "required": false, 
      "multi": false, 
      "parameter_type": "select", 
      "variable": "normIn", 
      "parameter": true, 
      "order": 3, 
      "description": ""
    }
  }, 
  {
    "pk": 110, 
    "model": "workflows.abstractoption", 
    "fields": {
      "uid": "5c1c4169-8fba-4921-8241-e69da36ee797", 
      "abstract_input": 380, 
      "value": "l1", 
      "name": "l1"
    }
  }, 
  {
    "pk": 111, 
    "model": "workflows.abstractoption", 
    "fields": {
      "uid": "7739f64c-c5e3-4cb7-b506-f5816c2c09c9", 
      "abstract_input": 380, 
      "value": "l2", 
      "name": "l2"
    }
  }, 
  {
    "pk": 381, 
    "model": "workflows.abstractinput", 
    "fields": {
      "widget": 173, 
      "name": "multi_class", 
      "short_name": "par", 
      "uid": "da13b053-3d1b-48ad-a046-5683143f1391", 
      "default": "ovr", 
      "required": false, 
      "multi": false, 
      "parameter_type": "select", 
      "variable": "classIn", 
      "parameter": true, 
      "order": 4, 
      "description": ""
    }
  }, 
  {
    "pk": 113, 
    "model": "workflows.abstractoption", 
    "fields": {
      "uid": "b009551e-ca6c-428c-b7a1-8fd3b7b49d08", 
      "abstract_input": 381, 
      "value": "crammer_singer", 
      "name": "crammer_singer"
    }
  }, 
  {
    "pk": 112, 
    "model": "workflows.abstractoption", 
    "fields": {
      "uid": "2b37e801-b2b0-44ae-b4f8-53e1177845f0", 
      "abstract_input": 381, 
      "value": "ovr", 
      "name": "ovr"
    }
  }, 
  {
    "pk": 190, 
    "model": "workflows.abstractoutput", 
    "fields": {
      "widget": 173, 
      "name": "Learner", 
      "short_name": "lrn", 
      "variable": "SVCout", 
      "uid": "592151e0-6d55-4a42-bec2-f60cfd59dc2a", 
      "order": 1, 
      "description": ""
    }
  }, 
  {
    "pk": 174, 
    "model": "workflows.abstractwidget", 
    "fields": {
      "category": 30, 
      "treeview_image": "", 
      "name": "Logistic Regression", 
      "is_streaming": false, 
      "uid": "acd016b6-fd34-42d2-aa2c-25a812af2cf6", 
      "interaction_view": "", 
      "image": "", 
      "package": "scikitAlgorithms", 
      "static_image": "scikit_LogisticRegression.png", 
      "post_interact_action": "", 
      "user": null, 
      "visualization_view": "", 
      "streaming_visualization_view": "", 
      "action": "scikitAlgorithms_logiscticRegression", 
      "wsdl_method": "", 
      "wsdl": "", 
      "interactive": false, 
      "has_progress_bar": false, 
      "order": 1, 
      "description": "penalty : {string} Used to specify the norm used in the penalization.\r\n‘l1’ or ‘l2’\r\n\r\nC : {float} \r\nInverse of regularization strength; must be a positive float. Like in support vector machines, smaller values specify stronger regularization."
    }
  }, 
  {
    "pk": 385, 
    "model": "workflows.abstractinput", 
    "fields": {
      "widget": 174, 
      "name": "penalty", 
      "short_name": "par", 
      "uid": "fb0e5723-41b0-4ef3-9fbd-d88c0a987252", 
      "default": "l1", 
      "required": false, 
      "multi": false, 
      "parameter_type": "select", 
      "variable": "penIn", 
      "parameter": true, 
      "order": 1, 
      "description": ""
    }
  }, 
  {
    "pk": 118, 
    "model": "workflows.abstractoption", 
    "fields": {
      "uid": "f8542745-ec0d-4f8e-bd84-f686628fae30", 
      "abstract_input": 385, 
      "value": "l1", 
      "name": "l1"
    }
  }, 
  {
    "pk": 119, 
    "model": "workflows.abstractoption", 
    "fields": {
      "uid": "9eaf2578-db7b-4341-b9b9-8622aa4d8de8", 
      "abstract_input": 385, 
      "value": "l2", 
      "name": "l2"
    }
  }, 
  {
    "pk": 386, 
    "model": "workflows.abstractinput", 
    "fields": {
      "widget": 174, 
      "name": "C", 
      "short_name": "par", 
      "uid": "78a44bbf-4da4-46e1-9be2-e3335b04c74b", 
      "default": "1.0", 
      "required": false, 
      "multi": false, 
      "parameter_type": "text", 
      "variable": "cIn", 
      "parameter": true, 
      "order": 2, 
      "description": ""
    }
  }, 
  {
    "pk": 191, 
    "model": "workflows.abstractoutput", 
    "fields": {
      "widget": 174, 
      "name": "Learner", 
      "short_name": "lrn", 
      "variable": "LRout", 
      "uid": "6aa463be-9fdf-452f-a920-11d7ebd47f2e", 
      "order": 1, 
      "description": ""
    }
  }, 
  {
    "pk": 175, 
    "model": "workflows.abstractwidget", 
    "fields": {
      "category": 30, 
      "treeview_image": "", 
      "name": "Normal Support Vector Classification", 
      "is_streaming": false, 
      "uid": "38c5a557-3fcb-40de-910b-341397c5f7fb", 
      "interaction_view": "", 
      "image": "", 
      "package": "scikitAlgorithms", 
      "static_image": "scikit_svm.png", 
      "post_interact_action": "", 
      "user": null, 
      "visualization_view": "", 
      "streaming_visualization_view": "", 
      "action": "scikitAlgorithms_SVC", 
      "wsdl_method": "", 
      "wsdl": "", 
      "interactive": false, 
      "has_progress_bar": false, 
      "order": 1, 
      "description": "Support Vector Machines with kernels based on libsvm"
    }
  }, 
  {
    "pk": 382, 
    "model": "workflows.abstractinput", 
    "fields": {
      "widget": 175, 
      "name": "Penalty parameter (C)", 
      "short_name": "par", 
      "uid": "83daa60b-af19-4d20-81d9-cdbdb78afd75", 
      "default": "1.0", 
      "required": false, 
      "multi": false, 
      "parameter_type": "text", 
      "variable": "penaltyIn", 
      "parameter": true, 
      "order": 1, 
      "description": ""
    }
  }, 
  {
    "pk": 383, 
    "model": "workflows.abstractinput", 
    "fields": {
      "widget": 175, 
      "name": "kernel", 
      "short_name": "par", 
      "uid": "e1d631a9-e85b-4734-a3df-813b638def50", 
      "default": "rbf", 
      "required": false, 
      "multi": false, 
      "parameter_type": "select", 
      "variable": "kernelIn", 
      "parameter": true, 
      "order": 1, 
      "description": ""
    }
  }, 
  {
    "pk": 117, 
    "model": "workflows.abstractoption", 
    "fields": {
      "uid": "83eb0b69-b114-4b9b-a539-562203555834", 
      "abstract_input": 383, 
      "value": "linear", 
      "name": "linear"
    }
  }, 
  {
    "pk": 115, 
    "model": "workflows.abstractoption", 
    "fields": {
      "uid": "1a2e2e5e-68e0-4da8-8ba5-10991a198a1c", 
      "abstract_input": 383, 
      "value": "poly", 
      "name": "poly"
    }
  }, 
  {
    "pk": 114, 
    "model": "workflows.abstractoption", 
    "fields": {
      "uid": "d0507071-d708-49eb-b83b-6d515c94bd96", 
      "abstract_input": 383, 
      "value": "rbf", 
      "name": "rbf"
    }
  }, 
  {
    "pk": 116, 
    "model": "workflows.abstractoption", 
    "fields": {
      "uid": "97aa6d96-c845-433b-a899-cb893ff60538", 
      "abstract_input": 383, 
      "value": "sigmoid", 
      "name": "sigmoid"
    }
  }, 
  {
    "pk": 384, 
    "model": "workflows.abstractinput", 
    "fields": {
      "widget": 175, 
      "name": "degree", 
      "short_name": "par", 
      "uid": "8f21f50d-caf6-4bdb-9dd4-0c5e35466cac", 
      "default": "3", 
      "required": false, 
      "multi": false, 
      "parameter_type": "text", 
      "variable": "degIn", 
      "parameter": true, 
      "order": 1, 
      "description": ""
    }
  }, 
  {
    "pk": 192, 
    "model": "workflows.abstractoutput", 
    "fields": {
      "widget": 175, 
      "name": "Learner", 
      "short_name": "lrn", 
      "variable": "SVCout", 
      "uid": "1900d766-a254-4c3a-9495-51a836f642b6", 
      "order": 1, 
      "description": ""
    }
  }, 
  {
    "pk": 176, 
    "model": "workflows.abstractwidget", 
    "fields": {
      "category": 30, 
      "treeview_image": "", 
      "name": "k-Nearest Neighbours", 
      "is_streaming": false, 
      "uid": "9996e844-67e4-49a6-ac1f-8b64cd72cc1c", 
      "interaction_view": "", 
      "image": "", 
      "package": "scikitAlgorithms", 
      "static_image": "scikit_network.png", 
      "post_interact_action": "", 
      "user": null, 
      "visualization_view": "", 
      "streaming_visualization_view": "", 
      "action": "scikitAlgorithms_kNearestNeighbors", 
      "wsdl_method": "", 
      "wsdl": "", 
      "interactive": false, 
      "has_progress_bar": false, 
      "order": 1, 
      "description": "k-Nearest Neighbors classifier based on the ball tree datastructure for low dimensional data and brute force search for high dimensional data.\r\n\r\nn_neighbors: {Natural Numbers} - Number of neighbors to use for k_neighbors queries\r\n\r\nweights : {‘uniform’, ‘distance’,  [callable]}\r\n    ‘uniform’ : uniform weights. All points in each neighborhood are weighted equally.\r\n    ‘distance’ : weight points by the inverse of their distance. in this case, closer neighbors of a query point will have a greater influence than neighbors which are further away.\r\n    [callable] : a user-defined function which accepts an array of distances, and returns an array of the same shape containing the weights.\r\n\r\n\r\nalgorithm : {‘auto’, ‘ball_tree’, ‘kd_tree’, ‘brute’} - Algorithm used to compute the nearest neighbors:\r\n    ‘ball_tree’ will use BallTree\r\n    ‘kd_tree’ will use scipy.spatial.cKDtree\r\n    ‘brute’ will use a brute-force search.\r\n    ‘auto’ will attempt to decide the most appropriate algorithm based on the values passed to fit method.\r\n\r\n"
    }
  }, 
  {
    "pk": 373, 
    "model": "workflows.abstractinput", 
    "fields": {
      "widget": 176, 
      "name": "n_neighbors", 
      "short_name": "par", 
      "uid": "8e52a690-4a80-4d1b-9527-81258157e7c1", 
      "default": "5", 
      "required": false, 
      "multi": false, 
      "parameter_type": "text", 
      "variable": "numNeib", 
      "parameter": true, 
      "order": 1, 
      "description": ""
    }
  }, 
  {
    "pk": 375, 
    "model": "workflows.abstractinput", 
    "fields": {
      "widget": 176, 
      "name": "algorithm", 
      "short_name": "par", 
      "uid": "cfdfd105-8eb0-4a7a-bf06-2df3e25f4880", 
      "default": "auto", 
      "required": false, 
      "multi": false, 
      "parameter_type": "select", 
      "variable": "algIn", 
      "parameter": true, 
      "order": 2, 
      "description": ""
    }
  }, 
  {
    "pk": 102, 
    "model": "workflows.abstractoption", 
    "fields": {
      "uid": "74b8fd6b-3f9e-491f-83d4-1fc4ec9ae636", 
      "abstract_input": 375, 
      "value": "ball_tree", 
      "name": "Ball Tree"
    }
  }, 
  {
    "pk": 104, 
    "model": "workflows.abstractoption", 
    "fields": {
      "uid": "046af724-e351-4ca8-b5a1-5c96f8205007", 
      "abstract_input": 375, 
      "value": "brute", 
      "name": "brute-force search"
    }
  }, 
  {
    "pk": 103, 
    "model": "workflows.abstractoption", 
    "fields": {
      "uid": "444c6e49-d8ed-442f-9b8e-f83117a36222", 
      "abstract_input": 375, 
      "value": "kd_tree", 
      "name": "kd_tree"
    }
  }, 
  {
    "pk": 105, 
    "model": "workflows.abstractoption", 
    "fields": {
      "uid": "80dbee28-4f54-4dbd-b5be-c68971901bc0", 
      "abstract_input": 375, 
      "value": "auto", 
      "name": "most appropriate (automatically)"
    }
  }, 
  {
    "pk": 374, 
    "model": "workflows.abstractinput", 
    "fields": {
      "widget": 176, 
      "name": "weights", 
      "short_name": "par", 
      "uid": "322b76b8-dba1-4251-9920-871d62d7df4a", 
      "default": "uniform", 
      "required": false, 
      "multi": false, 
      "parameter_type": "select", 
      "variable": "wgIn", 
      "parameter": true, 
      "order": 3, 
      "description": ""
    }
  }, 
  {
    "pk": 107, 
    "model": "workflows.abstractoption", 
    "fields": {
      "uid": "234a816e-95cd-4eba-b481-35ba1118d9ac", 
      "abstract_input": 374, 
      "value": "distance", 
      "name": "distance"
    }
  }, 
  {
    "pk": 106, 
    "model": "workflows.abstractoption", 
    "fields": {
      "uid": "e9b3a7e9-bf96-401f-85b9-9c4144a09d7f", 
      "abstract_input": 374, 
      "value": "uniform", 
      "name": "uniform"
    }
  }, 
  {
    "pk": 193, 
    "model": "workflows.abstractoutput", 
    "fields": {
      "widget": 176, 
      "name": "Learner", 
      "short_name": "lrn", 
      "variable": "KNNout", 
      "uid": "62d4cc9a-d6f1-4a84-8f49-0685676e2ce8", 
      "order": 1, 
      "description": ""
    }
  }, 
  {
    "pk": 177, 
    "model": "workflows.abstractwidget", 
    "fields": {
      "category": 30, 
      "treeview_image": "", 
      "name": "Naive Bayes", 
      "is_streaming": false, 
      "uid": "14161bcf-f025-47a4-abe9-a34ec848cf1c", 
      "interaction_view": "", 
      "image": "", 
      "package": "scikitAlgorithms", 
      "static_image": "scikit_NaiveBayes_60.png", 
      "post_interact_action": "", 
      "user": null, 
      "visualization_view": "", 
      "streaming_visualization_view": "", 
      "action": "scikitAlgorithms_naiveBayes", 
      "wsdl_method": "", 
      "wsdl": "", 
      "interactive": false, 
      "has_progress_bar": false, 
      "order": 4, 
      "description": "implements the Naive Bayes algorithm for classification. "
    }
  }, 
  {
    "pk": 194, 
    "model": "workflows.abstractoutput", 
    "fields": {
      "widget": 177, 
      "name": "Bayes Learner", 
      "short_name": "lst", 
      "variable": "bayesout", 
      "uid": "3ceddb72-81fd-48ff-b73d-73f34ffa7642", 
      "order": 1, 
      "description": "The naive Bayesian learning algorithm."
    }
  }, 
  {
    "pk": 31, 
    "model": "workflows.category", 
    "fields": {
      "uid": "5888aa38-270f-423b-8d5f-e08f23c1a3b9", 
      "parent": 25, 
      "workflow": null, 
      "user": null, 
      "order": 1, 
      "name": "Evaluation"
    }
  }, 
  {
    "pk": 178, 
    "model": "workflows.abstractwidget", 
    "fields": {
      "category": 31, 
      "treeview_image": "", 
      "name": "Apply Classifier", 
      "is_streaming": false, 
      "uid": "fb514cfb-99f7-46cd-9e5c-9c0d8367da69", 
      "interaction_view": "", 
      "image": "", 
      "package": "scikitAlgorithms", 
      "static_image": "scikit_applyClassifier.png", 
      "post_interact_action": "", 
      "user": null, 
      "visualization_view": "", 
      "streaming_visualization_view": "", 
      "action": "scikitAlgorithms_applyClassifier", 
      "wsdl_method": "", 
      "wsdl": "", 
      "interactive": false, 
      "has_progress_bar": false, 
      "order": 1, 
      "description": ""
    }
  }, 
  {
    "pk": 362, 
    "model": "workflows.abstractinput", 
    "fields": {
      "widget": 178, 
      "name": "Classifier", 
      "short_name": "cls", 
      "uid": "6b9238bf-af83-468d-83a7-dd59fc8e8bcd", 
      "default": "", 
      "required": true, 
      "multi": false, 
      "parameter_type": null, 
      "variable": "classifier", 
      "parameter": false, 
      "order": 1, 
      "description": ""
    }
  }, 
  {
    "pk": 363, 
    "model": "workflows.abstractinput", 
    "fields": {
      "widget": 178, 
      "name": "ScikitDataset", 
      "short_name": "dts", 
      "uid": "2cf65003-ff21-4c06-8783-0473fe66195d", 
      "default": "", 
      "required": true, 
      "multi": false, 
      "parameter_type": null, 
      "variable": "data", 
      "parameter": false, 
      "order": 2, 
      "description": ""
    }
  }, 
  {
    "pk": 195, 
    "model": "workflows.abstractoutput", 
    "fields": {
      "widget": 178, 
      "name": "Classes", 
      "short_name": "dts", 
      "variable": "classes", 
      "uid": "37abe044-2c32-45ea-a61d-914ca3337680", 
      "order": 1, 
      "description": "based on the provided classifier and data."
    }
  }, 
  {
    "pk": 179, 
    "model": "workflows.abstractwidget", 
    "fields": {
      "category": 31, 
      "treeview_image": "", 
      "name": "Build Classifier", 
      "is_streaming": false, 
      "uid": "23203f72-4f76-4ac9-a3d0-5608fe2cd04c", 
      "interaction_view": "", 
      "image": "", 
      "package": "scikitAlgorithms", 
      "static_image": "scikit_buildClassifier.png", 
      "post_interact_action": "", 
      "user": null, 
      "visualization_view": "", 
      "streaming_visualization_view": "", 
      "action": "scikitAlgorithms_buildClassifier", 
      "wsdl_method": "", 
      "wsdl": "", 
      "interactive": false, 
      "has_progress_bar": false, 
      "order": 1, 
      "description": ""
    }
  }, 
  {
    "pk": 364, 
    "model": "workflows.abstractinput", 
    "fields": {
      "widget": 179, 
      "name": "Learner", 
      "short_name": "lea", 
      "uid": "97bdb348-947c-4564-88b3-07f0f6134307", 
      "default": "", 
      "required": false, 
      "multi": false, 
      "parameter_type": null, 
      "variable": "learner", 
      "parameter": false, 
      "order": 1, 
      "description": "used to build the classifier."
    }
  }, 
  {
    "pk": 365, 
    "model": "workflows.abstractinput", 
    "fields": {
      "widget": 179, 
      "name": "Instances", 
      "short_name": "dts", 
      "uid": "436e18dc-5bab-4a74-8cce-0b31b81b2bbd", 
      "default": "", 
      "required": false, 
      "multi": false, 
      "parameter_type": null, 
      "variable": "instances", 
      "parameter": false, 
      "order": 2, 
      "description": "to be used by the provided learner to create a classifier."
    }
  }, 
  {
    "pk": 196, 
    "model": "workflows.abstractoutput", 
    "fields": {
      "widget": 179, 
      "name": "Classifier", 
      "short_name": "cls", 
      "variable": "classifier", 
      "uid": "21f0bf7d-7415-4c4e-b68f-053155c015c2", 
      "order": 1, 
      "description": "based on the provided data and learner."
    }
  }, 
  {
    "pk": 32, 
    "model": "workflows.category", 
    "fields": {
      "uid": "168025e9-edfe-44d0-9818-1ac1d7d5cfe3", 
      "parent": 25, 
      "workflow": null, 
      "user": null, 
      "order": 1, 
      "name": "Regression"
    }
  }, 
  {
    "pk": 180, 
    "model": "workflows.abstractwidget", 
    "fields": {
      "category": 32, 
      "treeview_image": "", 
      "name": "ARD Regression", 
      "is_streaming": false, 
      "uid": "e733abdb-9109-4f0e-88e3-23beecb3d330", 
      "interaction_view": "", 
      "image": "", 
      "package": "scikitAlgorithms", 
      "static_image": "scikit_ARD.png", 
      "post_interact_action": "", 
      "user": null, 
      "visualization_view": "", 
      "streaming_visualization_view": "", 
      "action": "scikitAlgorithms_ARDRegression", 
      "wsdl_method": "", 
      "wsdl": "", 
      "interactive": false, 
      "has_progress_bar": false, 
      "order": 1, 
      "description": "Bayesian Automated Relevance Determination regression"
    }
  }, 
  {
    "pk": 387, 
    "model": "workflows.abstractinput", 
    "fields": {
      "widget": 180, 
      "name": "n_iter", 
      "short_name": "par", 
      "uid": "3d658af4-f2c7-4e6c-b8a8-44be1e73a6bf", 
      "default": "300", 
      "required": false, 
      "multi": false, 
      "parameter_type": "text", 
      "variable": "iterIn", 
      "parameter": true, 
      "order": 1, 
      "description": ""
    }
  }, 
  {
    "pk": 197, 
    "model": "workflows.abstractoutput", 
    "fields": {
      "widget": 180, 
      "name": "Learner", 
      "short_name": "lrn", 
      "variable": "out", 
      "uid": "3f8f387d-fbf7-4cbc-b469-a23b21c1ad7f", 
      "order": 1, 
      "description": ""
    }
  }, 
  {
    "pk": 181, 
    "model": "workflows.abstractwidget", 
    "fields": {
      "category": 32, 
      "treeview_image": "", 
      "name": "Elastic Net", 
      "is_streaming": false, 
      "uid": "0a5cb319-2063-4518-b0a0-d4686e7d0e7d", 
      "interaction_view": "", 
      "image": "", 
      "package": "scikitAlgorithms", 
      "static_image": "scikit_NET.png", 
      "post_interact_action": "", 
      "user": null, 
      "visualization_view": "", 
      "streaming_visualization_view": "", 
      "action": "scikitAlgorithms_ElasticNet", 
      "wsdl_method": "", 
      "wsdl": "", 
      "interactive": false, 
      "has_progress_bar": false, 
      "order": 1, 
      "description": "L1+L2-regularized least squares linear model trained using Coordinate Descent"
    }
  }, 
  {
    "pk": 198, 
    "model": "workflows.abstractoutput", 
    "fields": {
      "widget": 181, 
      "name": "Learner", 
      "short_name": "lrn", 
      "variable": "out", 
      "uid": "dc4f1e7a-aaf9-45a2-8d00-51ddb3948eb3", 
      "order": 1, 
      "description": ""
    }
  }, 
  {
    "pk": 182, 
    "model": "workflows.abstractwidget", 
    "fields": {
      "category": 32, 
      "treeview_image": "", 
      "name": "Lasso LARS", 
      "is_streaming": false, 
      "uid": "3f5f203d-638c-495c-8402-bf602a1168af", 
      "interaction_view": "", 
      "image": "", 
      "package": "scikitAlgorithms", 
      "static_image": "scikit_LARS.png", 
      "post_interact_action": "", 
      "user": null, 
      "visualization_view": "", 
      "streaming_visualization_view": "", 
      "action": "scikitAlgorithms_LassoLARS", 
      "wsdl_method": "", 
      "wsdl": "", 
      "interactive": false, 
      "has_progress_bar": false, 
      "order": 1, 
      "description": "L1-regularized least squares linear model trained with Least Angle Regression"
    }
  }, 
  {
    "pk": 388, 
    "model": "workflows.abstractinput", 
    "fields": {
      "widget": 182, 
      "name": "alpha", 
      "short_name": "par", 
      "uid": "20ca688a-93c7-4079-99df-85ea07beb777", 
      "default": "1.0", 
      "required": false, 
      "multi": false, 
      "parameter_type": "text", 
      "variable": "authIn", 
      "parameter": true, 
      "order": 1, 
      "description": ""
    }
  }, 
  {
    "pk": 199, 
    "model": "workflows.abstractoutput", 
    "fields": {
      "widget": 182, 
      "name": "Learner", 
      "short_name": "lrn", 
      "variable": "out", 
      "uid": "b346d0ee-85bc-45dc-a1b1-4a0a4eb49379", 
      "order": 1, 
      "description": ""
    }
  }, 
  {
    "pk": 183, 
    "model": "workflows.abstractwidget", 
    "fields": {
      "category": 32, 
      "treeview_image": "", 
      "name": "Ridge", 
      "is_streaming": false, 
      "uid": "5f1d2eba-123f-41f4-ac54-118c6cf036ff", 
      "interaction_view": "", 
      "image": "", 
      "package": "scikitAlgorithms", 
      "static_image": "scikit_RDG.png", 
      "post_interact_action": "", 
      "user": null, 
      "visualization_view": "", 
      "streaming_visualization_view": "", 
      "action": "scikitAlgorithms_Ridge", 
      "wsdl_method": "", 
      "wsdl": "", 
      "interactive": false, 
      "has_progress_bar": false, 
      "order": 1, 
      "description": "L2-regularized least squares linear model"
    }
  }, 
  {
    "pk": 200, 
    "model": "workflows.abstractoutput", 
    "fields": {
      "widget": 183, 
      "name": "Learner", 
      "short_name": "lrn", 
      "variable": "out", 
      "uid": "7e86922d-29e8-42a2-81f7-771c2043e7d2", 
      "order": 1, 
      "description": ""
    }
  }, 
  {
    "pk": 184, 
    "model": "workflows.abstractwidget", 
    "fields": {
      "category": 32, 
      "treeview_image": "", 
      "name": "SGD Regressor", 
      "is_streaming": false, 
      "uid": "fb5ccfaf-d587-4077-b69e-dc32a782ce32", 
      "interaction_view": "", 
      "image": "", 
      "package": "scikitAlgorithms", 
      "static_image": "scikit_SGD.png", 
      "post_interact_action": "", 
      "user": null, 
      "visualization_view": "", 
      "streaming_visualization_view": "", 
      "action": "scikitAlgorithms_SGDRegressor", 
      "wsdl_method": "", 
      "wsdl": "", 
      "interactive": false, 
      "has_progress_bar": false, 
      "order": 1, 
      "description": "L1+L2-regularized least squares linear model trained using Stochastic Gradient Descent"
    }
  }, 
  {
    "pk": 201, 
    "model": "workflows.abstractoutput", 
    "fields": {
      "widget": 184, 
      "name": "Learner", 
      "short_name": "lrn", 
      "variable": "out", 
      "uid": "f9da971d-5bbc-49b5-93d8-6dbb148c3c10", 
      "order": 1, 
      "description": ""
    }
  }, 
  {
    "pk": 185, 
    "model": "workflows.abstractwidget", 
    "fields": {
      "category": 32, 
      "treeview_image": "", 
      "name": "Support Vector Regression", 
      "is_streaming": false, 
      "uid": "e9285c89-bac7-41dc-aa54-1a3ed4e94b68", 
      "interaction_view": "", 
      "image": "", 
      "package": "scikitAlgorithms", 
      "static_image": "scikit_svm.png", 
      "post_interact_action": "", 
      "user": null, 
      "visualization_view": "", 
      "streaming_visualization_view": "", 
      "action": "scikitAlgorithms_SVR", 
      "wsdl_method": "", 
      "wsdl": "", 
      "interactive": false, 
      "has_progress_bar": false, 
      "order": 1, 
      "description": "Non-linear regression using Support Vector Machines (wrapper for libsvm)"
    }
  }, 
  {
    "pk": 202, 
    "model": "workflows.abstractoutput", 
    "fields": {
      "widget": 185, 
      "name": "Learner", 
      "short_name": "lrn", 
      "variable": "out", 
      "uid": "7a0b535f-807c-4d31-843c-545b7dcb6311", 
      "order": 1, 
      "description": ""
    }
  }, 
  {
    "pk": 33, 
    "model": "workflows.category", 
    "fields": {
      "uid": "ef06ed94-c57a-4bb0-8f05-1212920c95a0", 
      "parent": 25, 
      "workflow": null, 
      "user": null, 
      "order": 1, 
      "name": "Utilities"
    }
  }, 
  {
    "pk": 186, 
    "model": "workflows.abstractwidget", 
    "fields": {
      "category": 33, 
      "treeview_image": "", 
      "name": "CSV to Orange Data Table", 
      "is_streaming": false, 
      "uid": "3ce67944-b38e-433d-8274-e9838ebdedab", 
      "interaction_view": "", 
      "image": "", 
      "package": "scikitAlgorithms", 
      "static_image": "SDT-to-CSV.png", 
      "post_interact_action": "", 
      "user": null, 
      "visualization_view": "", 
      "streaming_visualization_view": "", 
      "action": "scikitAlgorithms_CSVtoOrange", 
      "wsdl_method": "", 
      "wsdl": "", 
      "interactive": false, 
      "has_progress_bar": false, 
      "order": 1, 
      "description": ""
    }
  }, 
  {
    "pk": 366, 
    "model": "workflows.abstractinput", 
    "fields": {
      "widget": 186, 
      "name": "File", 
      "short_name": "csv", 
      "uid": "30bf4478-dfbc-4e31-9933-806f68941b3b", 
      "default": "", 
      "required": false, 
      "multi": false, 
      "parameter_type": null, 
      "variable": "file", 
      "parameter": false, 
      "order": 1, 
      "description": ""
    }
  }, 
  {
    "pk": 203, 
    "model": "workflows.abstractoutput", 
    "fields": {
      "widget": 186, 
      "name": "Orange Data Table", 
      "short_name": "odt", 
      "variable": "dataset", 
      "uid": "257607d4-205f-4a1d-9136-1cf54b19bc3d", 
      "order": 1, 
      "description": ""
    }
  }, 
  {
    "pk": 187, 
    "model": "workflows.abstractwidget", 
    "fields": {
      "category": 33, 
      "treeview_image": "", 
      "name": "CSV to Scikit-Dataset", 
      "is_streaming": false, 
      "uid": "ae9c30f4-22a5-49f0-a678-6a9fc71c3518", 
      "interaction_view": "", 
      "image": "", 
      "package": "scikitAlgorithms", 
      "static_image": "SDT-to-CSV.png", 
      "post_interact_action": "", 
      "user": null, 
      "visualization_view": "", 
      "streaming_visualization_view": "", 
      "action": "scikitAlgorithms_CSVtoNumpy", 
      "wsdl_method": "", 
      "wsdl": "", 
      "interactive": false, 
      "has_progress_bar": false, 
      "order": 1, 
      "description": "Transforms CSV file into Scikit-learn dataset. Result values must be in the last column"
    }
  }, 
  {
    "pk": 367, 
    "model": "workflows.abstractinput", 
    "fields": {
      "widget": 187, 
      "name": "FileIn", 
      "short_name": "fil", 
      "uid": "60c22566-2703-473d-8575-df5471d25d1d", 
      "default": "", 
      "required": false, 
      "multi": false, 
      "parameter_type": null, 
      "variable": "fileIn", 
      "parameter": false, 
      "order": 1, 
      "description": ""
    }
  }, 
  {
    "pk": 204, 
    "model": "workflows.abstractoutput", 
    "fields": {
      "widget": 187, 
      "name": "Dataset", 
      "short_name": "dts", 
      "variable": "scikitDataset", 
      "uid": "f0fe78a8-00ab-4266-9e2f-aaea3dc6492d", 
      "order": 1, 
      "description": ""
    }
  }, 
  {
    "pk": 188, 
    "model": "workflows.abstractwidget", 
    "fields": {
      "category": 33, 
      "treeview_image": "", 
      "name": "Display Dataset", 
      "is_streaming": false, 
      "uid": "2da30291-be0b-4df8-b17c-2b3c80f7b6a8", 
      "interaction_view": "", 
      "image": "", 
      "package": "scikitAlgorithms", 
      "static_image": "scikit_display.png", 
      "post_interact_action": "", 
      "user": null, 
      "visualization_view": "scikitAlgorithms_displayDS", 
      "streaming_visualization_view": "", 
      "action": "scikitAlgorithms_displayDS", 
      "wsdl_method": "", 
      "wsdl": "", 
      "interactive": false, 
      "has_progress_bar": false, 
      "order": 1, 
      "description": ""
    }
  }, 
  {
    "pk": 368, 
    "model": "workflows.abstractinput", 
    "fields": {
      "widget": 188, 
      "name": "DataSet", 
      "short_name": "dts", 
      "uid": "e5cd20c4-8346-45d7-a39a-d58bcb5a66c5", 
      "default": "", 
      "required": false, 
      "multi": false, 
      "parameter_type": null, 
      "variable": "data", 
      "parameter": false, 
      "order": 1, 
      "description": ""
    }
  }, 
  {
    "pk": 189, 
    "model": "workflows.abstractwidget", 
    "fields": {
      "category": 33, 
      "treeview_image": "", 
      "name": "Display Decision Tree", 
      "is_streaming": false, 
      "uid": "0b152c3b-7bc0-4e93-b4f2-92a4c059107d", 
      "interaction_view": "", 
      "image": "", 
      "package": "scikitAlgorithms", 
      "static_image": "TreeVisualization.png", 
      "post_interact_action": "", 
      "user": null, 
      "visualization_view": "", 
      "streaming_visualization_view": "", 
      "action": "scikitAlgorithms_displayDecisionTree", 
      "wsdl_method": "", 
      "wsdl": "", 
      "interactive": false, 
      "has_progress_bar": false, 
      "order": 1, 
      "description": ""
    }
  }, 
  {
    "pk": 369, 
    "model": "workflows.abstractinput", 
    "fields": {
      "widget": 189, 
      "name": "Classifier", 
      "short_name": "cls", 
      "uid": "f0d90a6c-e40f-4b40-9f91-e54c2f6e68b0", 
      "default": "", 
      "required": false, 
      "multi": false, 
      "parameter_type": null, 
      "variable": "classifier", 
      "parameter": false, 
      "order": 1, 
      "description": ""
    }
  }, 
  {
    "pk": 190, 
    "model": "workflows.abstractwidget", 
    "fields": {
      "category": 33, 
      "treeview_image": "", 
      "name": "SVM to Scikit Dataset", 
      "is_streaming": false, 
      "uid": "125b73c7-d009-4198-8fb8-328c826b6c29", 
      "interaction_view": "", 
      "image": "", 
      "package": "scikitAlgorithms", 
      "static_image": "table.png", 
      "post_interact_action": "", 
      "user": null, 
      "visualization_view": "", 
      "streaming_visualization_view": "", 
      "action": "scikitAlgorithms_SVMtoScikitDataset", 
      "wsdl_method": "", 
      "wsdl": "", 
      "interactive": false, 
      "has_progress_bar": false, 
      "order": 1, 
      "description": ""
    }
  }, 
  {
    "pk": 370, 
    "model": "workflows.abstractinput", 
    "fields": {
      "widget": 190, 
      "name": "FileIn", 
      "short_name": "fil", 
      "uid": "792a13ff-e47e-4482-aaec-bc5e40a81c37", 
      "default": "", 
      "required": false, 
      "multi": false, 
      "parameter_type": null, 
      "variable": "fileIn", 
      "parameter": false, 
      "order": 1, 
      "description": ""
    }
  }, 
  {
    "pk": 205, 
    "model": "workflows.abstractoutput", 
    "fields": {
      "widget": 190, 
      "name": "Dataset", 
      "short_name": "dst", 
      "variable": "datasetOut", 
      "uid": "606cc624-54a5-4636-89f5-b8ad1cfce925", 
      "order": 1, 
      "description": ""
    }
  }, 
  {
    "pk": 191, 
    "model": "workflows.abstractwidget", 
    "fields": {
      "category": 33, 
      "treeview_image": "", 
      "name": "Scikit-Dataset to CSV", 
      "is_streaming": false, 
      "uid": "1bc483d6-4d6c-435f-9fc0-ad3716fe390b", 
      "interaction_view": "", 
      "image": "", 
      "package": "scikitAlgorithms", 
      "static_image": "SDT-to-CSV.png", 
      "post_interact_action": "", 
      "user": null, 
      "visualization_view": "", 
      "streaming_visualization_view": "", 
      "action": "scikitAlgorithms_scikitDatasetToCSV", 
      "wsdl_method": "", 
      "wsdl": "", 
      "interactive": false, 
      "has_progress_bar": false, 
      "order": 1, 
      "description": "Transforms scikit dataset to CSV"
    }
  }, 
  {
    "pk": 371, 
    "model": "workflows.abstractinput", 
    "fields": {
      "widget": 191, 
      "name": "DataSet", 
      "short_name": "dts", 
      "uid": "8782c523-ca3c-43f2-9c49-29ddb706a67e", 
      "default": "", 
      "required": true, 
      "multi": false, 
      "parameter_type": null, 
      "variable": "scikitDataset", 
      "parameter": false, 
      "order": 1, 
      "description": ""
    }
  }, 
  {
    "pk": 206, 
    "model": "workflows.abstractoutput", 
    "fields": {
      "widget": 191, 
      "name": "Out", 
      "short_name": "csv", 
      "variable": "CSVout", 
      "uid": "0171b31d-4edd-43f8-abf1-e8a898fd4f8c", 
      "order": 1, 
      "description": ""
    }
  }, 
  {
    "pk": 192, 
    "model": "workflows.abstractwidget", 
    "fields": {
      "category": 33, 
      "treeview_image": "", 
      "name": "UCI dataset to Scikit Dataset", 
      "is_streaming": false, 
      "uid": "b3918a2b-afab-4225-9c17-5665d4c1a898", 
      "interaction_view": "", 
      "image": "", 
      "package": "scikitAlgorithms", 
      "static_image": "table.png", 
      "post_interact_action": "", 
      "user": null, 
      "visualization_view": "", 
      "streaming_visualization_view": "", 
      "action": "scikitAlgorithms_UCIDataset", 
      "wsdl_method": "", 
      "wsdl": "", 
      "interactive": false, 
      "has_progress_bar": false, 
      "order": 1, 
      "description": ""
    }
  }, 
  {
    "pk": 372, 
    "model": "workflows.abstractinput", 
    "fields": {
      "widget": 192, 
      "name": "DataSet", 
      "short_name": "ds", 
      "uid": "b29f0614-1db8-48a4-8645-9f28c5d05f66", 
      "default": "iris", 
      "required": false, 
      "multi": false, 
      "parameter_type": "select", 
      "variable": "dsIn", 
      "parameter": true, 
      "order": 1, 
      "description": ""
    }
  }, 
  {
    "pk": 98, 
    "model": "workflows.abstractoption", 
    "fields": {
      "uid": "48f974a6-5a7e-45aa-9ce9-13d092ddcaf7", 
      "abstract_input": 372, 
      "value": "boston", 
      "name": "Boston (regression)"
    }
  }, 
  {
    "pk": 99, 
    "model": "workflows.abstractoption", 
    "fields": {
      "uid": "10f6c559-491a-471d-8853-5afa14489aa1", 
      "abstract_input": 372, 
      "value": "diabetes", 
      "name": "Diabetes (regression)"
    }
  }, 
  {
    "pk": 100, 
    "model": "workflows.abstractoption", 
    "fields": {
      "uid": "dd6bb693-a735-4d43-9680-71843f8f58d9", 
      "abstract_input": 372, 
      "value": "iris", 
      "name": "Iris (classification)"
    }
  }, 
  {
    "pk": 101, 
    "model": "workflows.abstractoption", 
    "fields": {
      "uid": "31ac6a55-5935-42af-9033-b31769f28c6c", 
      "abstract_input": 372, 
      "value": " linnerud", 
      "name": "Linnerud dataset (multivariate regression)"
    }
  }, 
  {
    "pk": 207, 
    "model": "workflows.abstractoutput", 
    "fields": {
      "widget": 192, 
      "name": "Dataset", 
      "short_name": "dts", 
      "variable": "dtsOut", 
      "uid": "1118a566-6963-483e-a0b2-78d66e07ac66", 
      "order": 1, 
      "description": ""
    }
  }
]