[
  {
    "pk": 35,
    "model": "workflows.category",
    "fields": {
      "uid": "fe5d5a78-ee52-4434-8a90-1fcfeb0ea63e",
      "parent": null,
      "workflow": null,
      "user": null,
      "order": 1,
      "name": "Weka"
    }
  },
  {
    "pk": 36,
    "model": "workflows.category",
    "fields": {
      "uid": "74a7063e-9e7f-4305-8b5e-d5f1a4c40250",
      "parent": 35,
      "workflow": null,
      "user": null,
      "order": 1,
      "name": "Classification"
    }
  },
  {
    "pk": 169,
    "model": "workflows.abstractwidget",
    "fields": {
      "category": 36,
      "treeview_image": "",
      "name": "IBk",
      "is_streaming": false,
      "uid": "a6125102-c2b4-4206-842b-8d0c510f7e86",
      "interaction_view": "",
      "image": "",
      "package": "weka",
      "static_image": "",
      "post_interact_action": "",
      "user": 1,
      "visualization_view": "",
      "action": "call_webservice",
      "wsdl_method": "IBk",
      "wsdl": "http://vihar.ijs.si:8092/Classification?wsdl",
      "interactive": false,
      "has_progress_bar": false,
      "order": 1,
      "description": ""
    }
  },
  {
    "pk": 374,
    "model": "workflows.abstractinput",
    "fields": {
      "widget": 169,
      "name": "Timeout",
      "short_name": "to",
      "uid": "ca7a572b-2662-460b-a788-42e3b82824ac",
      "default": "60",
      "required": false,
      "multi": false,
      "parameter_type": "text",
      "variable": "timeout",
      "parameter": true,
      "order": 1,
      "description": ""
    }
  },
  {
    "pk": 375,
    "model": "workflows.abstractinput",
    "fields": {
      "widget": 169,
      "name": "Send empty strings to webservices",
      "short_name": "ses",
      "uid": "7ac0ea58-70b3-4e75-a146-2abcd9ff81a0",
      "default": "true",
      "required": false,
      "multi": false,
      "parameter_type": "checkbox",
      "variable": "sendemptystrings",
      "parameter": true,
      "order": 2,
      "description": ""
    }
  },
  {
    "pk": 376,
    "model": "workflows.abstractinput",
    "fields": {
      "widget": 169,
      "name": "params",
      "short_name": "par",
      "uid": "34b5d0f6-a72f-4d16-a338-1b1da6597c21",
      "default": "",
      "required": false,
      "multi": false,
      "parameter_type": "text",
      "variable": "params",
      "parameter": true,
      "order": 3,
      "description": ""
    }
  },
  {
    "pk": 185,
    "model": "workflows.abstractoutput",
    "fields": {
      "widget": 169,
      "name": "IBk_learner",
      "short_name": "IBk",
      "variable": "IBk_learner",
      "uid": "eb204c56-6279-4f3a-b1c0-37a6b0c7b91b",
      "order": 1,
      "description": ""
    }
  },
  {
    "pk": 170,
    "model": "workflows.abstractwidget",
    "fields": {
      "category": 36,
      "treeview_image": "",
      "name": "J48",
      "is_streaming": false,
      "uid": "dc8980c2-df3c-4797-a0b9-297e10e188e4",
      "interaction_view": "",
      "image": "",
      "package": "weka",
      "static_image": "",
      "post_interact_action": "",
      "user": 1,
      "visualization_view": "",
      "action": "call_webservice",
      "wsdl_method": "J48",
      "wsdl": "http://vihar.ijs.si:8092/Classification?wsdl",
      "interactive": false,
      "has_progress_bar": false,
      "order": 1,
      "description": ""
    }
  },
  {
    "pk": 377,
    "model": "workflows.abstractinput",
    "fields": {
      "widget": 170,
      "name": "Timeout",
      "short_name": "to",
      "uid": "166f1dc1-6cf7-4ddb-9480-e4ec9cad8613",
      "default": "60",
      "required": false,
      "multi": false,
      "parameter_type": "text",
      "variable": "timeout",
      "parameter": true,
      "order": 1,
      "description": ""
    }
  },
  {
    "pk": 378,
    "model": "workflows.abstractinput",
    "fields": {
      "widget": 170,
      "name": "Send empty strings to webservices",
      "short_name": "ses",
      "uid": "44995999-b169-4672-94b4-832cc5afc25f",
      "default": "true",
      "required": false,
      "multi": false,
      "parameter_type": "checkbox",
      "variable": "sendemptystrings",
      "parameter": true,
      "order": 2,
      "description": ""
    }
  },
  {
    "pk": 379,
    "model": "workflows.abstractinput",
    "fields": {
      "widget": 170,
      "name": "params",
      "short_name": "par",
      "uid": "d9b876f1-5346-43e4-b6f9-183ba17d04ac",
      "default": "",
      "required": false,
      "multi": false,
      "parameter_type": "text",
      "variable": "params",
      "parameter": true,
      "order": 3,
      "description": ""
    }
  },
  {
    "pk": 186,
    "model": "workflows.abstractoutput",
    "fields": {
      "widget": 170,
      "name": "J48_learner",
      "short_name": "J48",
      "variable": "J48_learner",
      "uid": "f853af74-d660-4450-ada4-fb32fc6aae86",
      "order": 1,
      "description": ""
    }
  },
  {
    "pk": 171,
    "model": "workflows.abstractwidget",
    "fields": {
      "category": 36,
      "treeview_image": "",
      "name": "JRip",
      "is_streaming": false,
      "uid": "49e693c9-1ca5-40d0-af31-9d84c0bc4151",
      "interaction_view": "",
      "image": "",
      "package": "weka",
      "static_image": "",
      "post_interact_action": "",
      "user": 1,
      "visualization_view": "",
      "action": "call_webservice",
      "wsdl_method": "JRip",
      "wsdl": "http://vihar.ijs.si:8092/Classification?wsdl",
      "interactive": false,
      "has_progress_bar": false,
      "order": 1,
      "description": ""
    }
  },
  {
    "pk": 380,
    "model": "workflows.abstractinput",
    "fields": {
      "widget": 171,
      "name": "Timeout",
      "short_name": "to",
      "uid": "abddf5f0-d80d-4595-bda1-a7708831704f",
      "default": "60",
      "required": false,
      "multi": false,
      "parameter_type": "text",
      "variable": "timeout",
      "parameter": true,
      "order": 1,
      "description": ""
    }
  },
  {
    "pk": 381,
    "model": "workflows.abstractinput",
    "fields": {
      "widget": 171,
      "name": "Send empty strings to webservices",
      "short_name": "ses",
      "uid": "7f11ab99-79a8-417c-93ce-022159e4bd8b",
      "default": "true",
      "required": false,
      "multi": false,
      "parameter_type": "checkbox",
      "variable": "sendemptystrings",
      "parameter": true,
      "order": 2,
      "description": ""
    }
  },
  {
    "pk": 382,
    "model": "workflows.abstractinput",
    "fields": {
      "widget": 171,
      "name": "params",
      "short_name": "par",
      "uid": "30e65c8c-04a3-4cea-a503-fa836c8f8222",
      "default": "",
      "required": false,
      "multi": false,
      "parameter_type": "text",
      "variable": "params",
      "parameter": true,
      "order": 3,
      "description": ""
    }
  },
  {
    "pk": 187,
    "model": "workflows.abstractoutput",
    "fields": {
      "widget": 171,
      "name": "JRip_learner",
      "short_name": "JRi",
      "variable": "JRip_learner",
      "uid": "022a1a8a-ad2b-49bb-9ec9-05f0903bda5d",
      "order": 1,
      "description": ""
    }
  },
  {
    "pk": 172,
    "model": "workflows.abstractwidget",
    "fields": {
      "category": 36,
      "treeview_image": "",
      "name": "KStar",
      "is_streaming": false,
      "uid": "353f931b-fc5f-40b7-9e26-9364990c56eb",
      "interaction_view": "",
      "image": "",
      "package": "weka",
      "static_image": "",
      "post_interact_action": "",
      "user": 1,
      "visualization_view": "",
      "action": "call_webservice",
      "wsdl_method": "KStar",
      "wsdl": "http://vihar.ijs.si:8092/Classification?wsdl",
      "interactive": false,
      "has_progress_bar": false,
      "order": 1,
      "description": ""
    }
  },
  {
    "pk": 383,
    "model": "workflows.abstractinput",
    "fields": {
      "widget": 172,
      "name": "Timeout",
      "short_name": "to",
      "uid": "72ccc121-19fd-4501-95b1-f66662970c21",
      "default": "60",
      "required": false,
      "multi": false,
      "parameter_type": "text",
      "variable": "timeout",
      "parameter": true,
      "order": 1,
      "description": ""
    }
  },
  {
    "pk": 384,
    "model": "workflows.abstractinput",
    "fields": {
      "widget": 172,
      "name": "Send empty strings to webservices",
      "short_name": "ses",
      "uid": "527e1e1a-3ff7-40c1-add6-f08b84b82a2b",
      "default": "true",
      "required": false,
      "multi": false,
      "parameter_type": "checkbox",
      "variable": "sendemptystrings",
      "parameter": true,
      "order": 2,
      "description": ""
    }
  },
  {
    "pk": 385,
    "model": "workflows.abstractinput",
    "fields": {
      "widget": 172,
      "name": "params",
      "short_name": "par",
      "uid": "26fe9a12-9917-4a3f-822e-7f9c64260e9c",
      "default": "",
      "required": false,
      "multi": false,
      "parameter_type": "text",
      "variable": "params",
      "parameter": true,
      "order": 3,
      "description": ""
    }
  },
  {
    "pk": 188,
    "model": "workflows.abstractoutput",
    "fields": {
      "widget": 172,
      "name": "KStar_learner",
      "short_name": "KSt",
      "variable": "KStar_learner",
      "uid": "b82ceb0d-5430-40f7-9dbc-e1b981ee959d",
      "order": 1,
      "description": ""
    }
  },
  {
    "pk": 173,
    "model": "workflows.abstractwidget",
    "fields": {
      "category": 36,
      "treeview_image": "",
      "name": "LibSVM",
      "is_streaming": false,
      "uid": "dc1efcee-56bc-40b0-a699-b3750d4651ac",
      "interaction_view": "",
      "image": "",
      "package": "weka",
      "static_image": "",
      "post_interact_action": "",
      "user": 1,
      "visualization_view": "",
      "action": "call_webservice",
      "wsdl_method": "LibSVM",
      "wsdl": "http://vihar.ijs.si:8092/Classification?wsdl",
      "interactive": false,
      "has_progress_bar": false,
      "order": 1,
      "description": ""
    }
  },
  {
    "pk": 386,
    "model": "workflows.abstractinput",
    "fields": {
      "widget": 173,
      "name": "Timeout",
      "short_name": "to",
      "uid": "72e6a74a-6213-4821-b114-9eedcb0d3556",
      "default": "60",
      "required": false,
      "multi": false,
      "parameter_type": "text",
      "variable": "timeout",
      "parameter": true,
      "order": 1,
      "description": ""
    }
  },
  {
    "pk": 387,
    "model": "workflows.abstractinput",
    "fields": {
      "widget": 173,
      "name": "Send empty strings to webservices",
      "short_name": "ses",
      "uid": "80a185a0-919e-41ef-9f6d-5696a04508c5",
      "default": "true",
      "required": false,
      "multi": false,
      "parameter_type": "checkbox",
      "variable": "sendemptystrings",
      "parameter": true,
      "order": 2,
      "description": ""
    }
  },
  {
    "pk": 388,
    "model": "workflows.abstractinput",
    "fields": {
      "widget": 173,
      "name": "params",
      "short_name": "par",
      "uid": "399e84ce-3ff0-4c15-a367-c9848d3cbb93",
      "default": "",
      "required": false,
      "multi": false,
      "parameter_type": "text",
      "variable": "params",
      "parameter": true,
      "order": 3,
      "description": ""
    }
  },
  {
    "pk": 189,
    "model": "workflows.abstractoutput",
    "fields": {
      "widget": 173,
      "name": "LibSVM_learner",
      "short_name": "Lib",
      "variable": "LibSVM_learner",
      "uid": "73e0b8a5-33d6-4b23-b366-b8173028b44d",
      "order": 1,
      "description": ""
    }
  },
  {
    "pk": 174,
    "model": "workflows.abstractwidget",
    "fields": {
      "category": 36,
      "treeview_image": "",
      "name": "Multilayer Perceptron",
      "is_streaming": false,
      "uid": "fa4f24ac-1055-408a-852f-1ce4d90ef3ce",
      "interaction_view": "",
      "image": "",
      "package": "weka",
      "static_image": "",
      "post_interact_action": "",
      "user": 1,
      "visualization_view": "",
      "action": "call_webservice",
      "wsdl_method": "Multilayer_Perceptron",
      "wsdl": "http://vihar.ijs.si:8092/Classification?wsdl",
      "interactive": false,
      "has_progress_bar": false,
      "order": 1,
      "description": ""
    }
  },
  {
    "pk": 389,
    "model": "workflows.abstractinput",
    "fields": {
      "widget": 174,
      "name": "Timeout",
      "short_name": "to",
      "uid": "b4ffb057-67de-4df8-ad9c-1fe44fd491bd",
      "default": "60",
      "required": false,
      "multi": false,
      "parameter_type": "text",
      "variable": "timeout",
      "parameter": true,
      "order": 1,
      "description": ""
    }
  },
  {
    "pk": 390,
    "model": "workflows.abstractinput",
    "fields": {
      "widget": 174,
      "name": "Send empty strings to webservices",
      "short_name": "ses",
      "uid": "a084b7c4-cbc1-44eb-b9ae-8265f800d999",
      "default": "true",
      "required": false,
      "multi": false,
      "parameter_type": "checkbox",
      "variable": "sendemptystrings",
      "parameter": true,
      "order": 2,
      "description": ""
    }
  },
  {
    "pk": 391,
    "model": "workflows.abstractinput",
    "fields": {
      "widget": 174,
      "name": "params",
      "short_name": "par",
      "uid": "f1f2a5e7-40c7-485f-a592-0d7a13bafa30",
      "default": "",
      "required": false,
      "multi": false,
      "parameter_type": "text",
      "variable": "params",
      "parameter": true,
      "order": 3,
      "description": ""
    }
  },
  {
    "pk": 190,
    "model": "workflows.abstractoutput",
    "fields": {
      "widget": 174,
      "name": "Multilayer_Perceptron_learner",
      "short_name": "Mul",
      "variable": "Multilayer_Perceptron_learner",
      "uid": "8174e40c-d895-4db1-a51b-d9b83aa3fa42",
      "order": 1,
      "description": ""
    }
  },
  {
    "pk": 175,
    "model": "workflows.abstractwidget",
    "fields": {
      "category": 36,
      "treeview_image": "",
      "name": "Naive Bayes",
      "is_streaming": false,
      "uid": "8283f38a-33dc-4d0d-812d-1c58c7209469",
      "interaction_view": "",
      "image": "",
      "package": "weka",
      "static_image": "",
      "post_interact_action": "",
      "user": 1,
      "visualization_view": "",
      "action": "call_webservice",
      "wsdl_method": "Naive_Bayes",
      "wsdl": "http://vihar.ijs.si:8092/Classification?wsdl",
      "interactive": false,
      "has_progress_bar": false,
      "order": 1,
      "description": ""
    }
  },
  {
    "pk": 392,
    "model": "workflows.abstractinput",
    "fields": {
      "widget": 175,
      "name": "Timeout",
      "short_name": "to",
      "uid": "0d9e4fd6-aae2-42d1-9dc8-8c905cbea8ab",
      "default": "60",
      "required": false,
      "multi": false,
      "parameter_type": "text",
      "variable": "timeout",
      "parameter": true,
      "order": 1,
      "description": ""
    }
  },
  {
    "pk": 393,
    "model": "workflows.abstractinput",
    "fields": {
      "widget": 175,
      "name": "Send empty strings to webservices",
      "short_name": "ses",
      "uid": "9d4e54cc-013a-4997-8804-bc6329901226",
      "default": "true",
      "required": false,
      "multi": false,
      "parameter_type": "checkbox",
      "variable": "sendemptystrings",
      "parameter": true,
      "order": 2,
      "description": ""
    }
  },
  {
    "pk": 394,
    "model": "workflows.abstractinput",
    "fields": {
      "widget": 175,
      "name": "params",
      "short_name": "par",
      "uid": "4c034605-af49-4af3-b1b5-ba3feb4fe5f7",
      "default": "",
      "required": false,
      "multi": false,
      "parameter_type": "text",
      "variable": "params",
      "parameter": true,
      "order": 3,
      "description": ""
    }
  },
  {
    "pk": 191,
    "model": "workflows.abstractoutput",
    "fields": {
      "widget": 175,
      "name": "Naive_Bayes_learner",
      "short_name": "Nai",
      "variable": "Naive_Bayes_learner",
      "uid": "e399b729-9f81-437d-8037-6aee44155e14",
      "order": 1,
      "description": ""
    }
  },
  {
    "pk": 176,
    "model": "workflows.abstractwidget",
    "fields": {
      "category": 36,
      "treeview_image": "",
      "name": "REP Tree",
      "is_streaming": false,
      "uid": "77f625ba-46fd-4c7c-bcc1-ab279682a02c",
      "interaction_view": "",
      "image": "",
      "package": "weka",
      "static_image": "",
      "post_interact_action": "",
      "user": 1,
      "visualization_view": "",
      "action": "call_webservice",
      "wsdl_method": "REPTree",
      "wsdl": "http://vihar.ijs.si:8092/Classification?wsdl",
      "interactive": false,
      "has_progress_bar": false,
      "order": 1,
      "description": ""
    }
  },
  {
    "pk": 395,
    "model": "workflows.abstractinput",
    "fields": {
      "widget": 176,
      "name": "Timeout",
      "short_name": "to",
      "uid": "1f6b1b09-1319-45a8-a785-83afa47649fb",
      "default": "60",
      "required": false,
      "multi": false,
      "parameter_type": "text",
      "variable": "timeout",
      "parameter": true,
      "order": 1,
      "description": ""
    }
  },
  {
    "pk": 396,
    "model": "workflows.abstractinput",
    "fields": {
      "widget": 176,
      "name": "Send empty strings to webservices",
      "short_name": "ses",
      "uid": "48127408-7f94-47bc-93d7-723787cccbe9",
      "default": "true",
      "required": false,
      "multi": false,
      "parameter_type": "checkbox",
      "variable": "sendemptystrings",
      "parameter": true,
      "order": 2,
      "description": ""
    }
  },
  {
    "pk": 397,
    "model": "workflows.abstractinput",
    "fields": {
      "widget": 176,
      "name": "params",
      "short_name": "par",
      "uid": "0cd58b20-a46d-42ba-b1ea-e63f77bce087",
      "default": "",
      "required": false,
      "multi": false,
      "parameter_type": "text",
      "variable": "params",
      "parameter": true,
      "order": 3,
      "description": ""
    }
  },
  {
    "pk": 192,
    "model": "workflows.abstractoutput",
    "fields": {
      "widget": 176,
      "name": "REPTree_learner",
      "short_name": "REP",
      "variable": "REPTree_learner",
      "uid": "6b3e9710-6b9b-492c-808a-52a9f4476c65",
      "order": 1,
      "description": ""
    }
  },
  {
    "pk": 177,
    "model": "workflows.abstractwidget",
    "fields": {
      "category": 36,
      "treeview_image": "treeview/Toolbar_-_Loop.png",
      "name": "Random Tree",
      "is_streaming": false,
      "uid": "0adcbc66-4b1a-475b-b82f-42682050c8f4",
      "interaction_view": "",
      "image": "images/Toolbar_-_Loop.png",
      "package": "weka",
      "static_image": "",
      "post_interact_action": "",
      "user": 1,
      "visualization_view": "",
      "action": "call_webservice",
      "wsdl_method": "RandomTree",
      "wsdl": "http://vihar.ijs.si:8092/Classification?wsdl",
      "interactive": false,
      "has_progress_bar": false,
      "order": 1,
      "description": ""
    }
  },
  {
    "pk": 398,
    "model": "workflows.abstractinput",
    "fields": {
      "widget": 177,
      "name": "Timeout",
      "short_name": "to",
      "uid": "ba293824-883c-463c-aefc-b7f3d6617dec",
      "default": "60",
      "required": false,
      "multi": false,
      "parameter_type": "text",
      "variable": "timeout",
      "parameter": true,
      "order": 1,
      "description": ""
    }
  },
  {
    "pk": 399,
    "model": "workflows.abstractinput",
    "fields": {
      "widget": 177,
      "name": "Send empty strings to webservices",
      "short_name": "ses",
      "uid": "4061b687-c92d-4eca-9e2a-b420bb2b8611",
      "default": "true",
      "required": false,
      "multi": false,
      "parameter_type": "checkbox",
      "variable": "sendemptystrings",
      "parameter": true,
      "order": 2,
      "description": ""
    }
  },
  {
    "pk": 400,
    "model": "workflows.abstractinput",
    "fields": {
      "widget": 177,
      "name": "params",
      "short_name": "par",
      "uid": "b38f475d-34b7-4892-9ae2-2f1c0fbcd753",
      "default": "",
      "required": false,
      "multi": false,
      "parameter_type": "text",
      "variable": "params",
      "parameter": true,
      "order": 3,
      "description": ""
    }
  },
  {
    "pk": 193,
    "model": "workflows.abstractoutput",
    "fields": {
      "widget": 177,
      "name": "RandomTree_learner",
      "short_name": "Ran",
      "variable": "RandomTree_learner",
      "uid": "26150fbf-2b4c-4ab4-b227-df9c941febed",
      "order": 1,
      "description": ""
    }
  },
  {
    "pk": 178,
    "model": "workflows.abstractwidget",
    "fields": {
      "category": 36,
      "treeview_image": "treeview/120px-Gears_icon.png",
      "name": "RandomForest",
      "is_streaming": false,
      "uid": "a86057ba-aa1f-40fe-a548-e6c3259b7a6e",
      "interaction_view": "",
      "image": "images/120px-Gears_icon.png",
      "package": "weka",
      "static_image": "",
      "post_interact_action": "",
      "user": 1,
      "visualization_view": "",
      "action": "call_webservice",
      "wsdl_method": "RandomForest",
      "wsdl": "http://vihar.ijs.si:8092/Classification?wsdl",
      "interactive": false,
      "has_progress_bar": false,
      "order": 1,
      "description": ""
    }
  },
  {
    "pk": 401,
    "model": "workflows.abstractinput",
    "fields": {
      "widget": 178,
      "name": "Timeout",
      "short_name": "to",
      "uid": "d88bcf23-9d76-4ac7-9335-1a480ba93db7",
      "default": "60",
      "required": false,
      "multi": false,
      "parameter_type": "text",
      "variable": "timeout",
      "parameter": true,
      "order": 1,
      "description": ""
    }
  },
  {
    "pk": 402,
    "model": "workflows.abstractinput",
    "fields": {
      "widget": 178,
      "name": "Send empty strings to webservices",
      "short_name": "ses",
      "uid": "e91780de-4643-4e7d-86a7-6fe3f4d81324",
      "default": "true",
      "required": false,
      "multi": false,
      "parameter_type": "checkbox",
      "variable": "sendemptystrings",
      "parameter": true,
      "order": 2,
      "description": ""
    }
  },
  {
    "pk": 403,
    "model": "workflows.abstractinput",
    "fields": {
      "widget": 178,
      "name": "params",
      "short_name": "par",
      "uid": "7e7e0abe-932b-48e0-937b-cc6285f08ac7",
      "default": "",
      "required": false,
      "multi": false,
      "parameter_type": "text",
      "variable": "params",
      "parameter": true,
      "order": 3,
      "description": ""
    }
  },
  {
    "pk": 194,
    "model": "workflows.abstractoutput",
    "fields": {
      "widget": 178,
      "name": "RandomForest_learner",
      "short_name": "Ran",
      "variable": "RandomForest_learner",
      "uid": "5fcca051-bda1-44b3-b8d9-199fef38d0b4",
      "order": 1,
      "description": ""
    }
  },
  {
    "pk": 179,
    "model": "workflows.abstractwidget",
    "fields": {
      "category": 36,
      "treeview_image": "",
      "name": "SMO",
      "is_streaming": false,
      "uid": "9fa88a17-5a6a-4173-88bf-8458dc24baea",
      "interaction_view": "",
      "image": "",
      "package": "weka",
      "static_image": "",
      "post_interact_action": "",
      "user": 1,
      "visualization_view": "",
      "action": "call_webservice",
      "wsdl_method": "SMO",
      "wsdl": "http://vihar.ijs.si:8092/Classification?wsdl",
      "interactive": false,
      "has_progress_bar": false,
      "order": 1,
      "description": ""
    }
  },
  {
    "pk": 404,
    "model": "workflows.abstractinput",
    "fields": {
      "widget": 179,
      "name": "Timeout",
      "short_name": "to",
      "uid": "88f3ce4a-fd3e-45a3-bacf-94bb6ae183e1",
      "default": "60",
      "required": false,
      "multi": false,
      "parameter_type": "text",
      "variable": "timeout",
      "parameter": true,
      "order": 1,
      "description": ""
    }
  },
  {
    "pk": 405,
    "model": "workflows.abstractinput",
    "fields": {
      "widget": 179,
      "name": "Send empty strings to webservices",
      "short_name": "ses",
      "uid": "69e8a087-14b7-4539-bea2-07450fb40cdd",
      "default": "true",
      "required": false,
      "multi": false,
      "parameter_type": "checkbox",
      "variable": "sendemptystrings",
      "parameter": true,
      "order": 2,
      "description": ""
    }
  },
  {
    "pk": 406,
    "model": "workflows.abstractinput",
    "fields": {
      "widget": 179,
      "name": "params",
      "short_name": "par",
      "uid": "fbd439ac-767f-4923-b9d9-7be4c61e2c4a",
      "default": "",
      "required": false,
      "multi": false,
      "parameter_type": "text",
      "variable": "params",
      "parameter": true,
      "order": 3,
      "description": ""
    }
  },
  {
    "pk": 195,
    "model": "workflows.abstractoutput",
    "fields": {
      "widget": 179,
      "name": "SMO_learner",
      "short_name": "SMO",
      "variable": "SMO_learner",
      "uid": "fdb2e4fb-85e1-41b7-b1af-96e3779ff751",
      "order": 1,
      "description": ""
    }
  },
  {
    "pk": 37,
    "model": "workflows.category",
    "fields": {
      "uid": "6d75faa7-c547-475c-8b96-04b78d4ff402",
      "parent": 35,
      "workflow": null,
      "user": null,
      "order": 1,
      "name": "Evaluation"
    }
  },
  {
    "pk": 180,
    "model": "workflows.abstractwidget",
    "fields": {
      "category": 37,
      "treeview_image": "",
      "name": "Apply Classifier",
      "is_streaming": false,
      "uid": "86315b53-900f-4844-b41e-019f91afd955",
      "interaction_view": "",
      "image": "",
      "package": "weka",
      "static_image": "",
      "post_interact_action": "",
      "user": 1,
      "visualization_view": "",
      "action": "call_webservice",
      "wsdl_method": "apply_classifier",
      "wsdl": "http://vihar.ijs.si:8092/Evaluation?wsdl",
      "interactive": false,
      "has_progress_bar": false,
      "order": 1,
      "description": ""
    }
  },
  {
    "pk": 407,
    "model": "workflows.abstractinput",
    "fields": {
      "widget": 180,
      "name": "Timeout",
      "short_name": "to",
      "uid": "542b8e26-bc86-4e7c-8595-01911478f235",
      "default": "60",
      "required": false,
      "multi": false,
      "parameter_type": "text",
      "variable": "timeout",
      "parameter": true,
      "order": 1,
      "description": ""
    }
  },
  {
    "pk": 408,
    "model": "workflows.abstractinput",
    "fields": {
      "widget": 180,
      "name": "Send empty strings to webservices",
      "short_name": "ses",
      "uid": "80e54d5f-d86f-4681-8bad-8b37cc1ec2c3",
      "default": "true",
      "required": false,
      "multi": false,
      "parameter_type": "checkbox",
      "variable": "sendemptystrings",
      "parameter": true,
      "order": 2,
      "description": ""
    }
  },
  {
    "pk": 409,
    "model": "workflows.abstractinput",
    "fields": {
      "widget": 180,
      "name": "classifier",
      "short_name": "cla",
      "uid": "09c54f59-0beb-4300-b682-47ebd63b71c9",
      "default": "",
      "required": false,
      "multi": false,
      "parameter_type": null,
      "variable": "classifier",
      "parameter": false,
      "order": 3,
      "description": ""
    }
  },
  {
    "pk": 410,
    "model": "workflows.abstractinput",
    "fields": {
      "widget": 180,
      "name": "instances",
      "short_name": "ins",
      "uid": "c22197af-f60b-4b76-b40e-516c17c9e1ab",
      "default": "",
      "required": false,
      "multi": false,
      "parameter_type": null,
      "variable": "instances",
      "parameter": false,
      "order": 4,
      "description": ""
    }
  },
  {
    "pk": 196,
    "model": "workflows.abstractoutput",
    "fields": {
      "widget": 180,
      "name": "classes",
      "short_name": "cla",
      "variable": "classes",
      "uid": "9b29be8c-d5e9-46c5-84a8-530275037210",
      "order": 1,
      "description": ""
    }
  },
  {
    "pk": 181,
    "model": "workflows.abstractwidget",
    "fields": {
      "category": 37,
      "treeview_image": "",
      "name": "Apply Clusterer",
      "is_streaming": false,
      "uid": "c8b8dcb1-9eea-4c94-b42a-fa3eeac1c771",
      "interaction_view": "",
      "image": "",
      "package": "weka",
      "static_image": "",
      "post_interact_action": "",
      "user": 1,
      "visualization_view": "",
      "action": "call_webservice",
      "wsdl_method": "apply_clusterer",
      "wsdl": "http://vihar.ijs.si:8092/Evaluation?wsdl",
      "interactive": false,
      "has_progress_bar": false,
      "order": 1,
      "description": ""
    }
  },
  {
    "pk": 411,
    "model": "workflows.abstractinput",
    "fields": {
      "widget": 181,
      "name": "Timeout",
      "short_name": "to",
      "uid": "09b6a103-7879-469c-bf8b-712f80de4b52",
      "default": "60",
      "required": false,
      "multi": false,
      "parameter_type": "text",
      "variable": "timeout",
      "parameter": true,
      "order": 1,
      "description": ""
    }
  },
  {
    "pk": 412,
    "model": "workflows.abstractinput",
    "fields": {
      "widget": 181,
      "name": "Send empty strings to webservices",
      "short_name": "ses",
      "uid": "416696a5-40bf-41bb-afd6-dd9f89c4246f",
      "default": "true",
      "required": false,
      "multi": false,
      "parameter_type": "checkbox",
      "variable": "sendemptystrings",
      "parameter": true,
      "order": 2,
      "description": ""
    }
  },
  {
    "pk": 413,
    "model": "workflows.abstractinput",
    "fields": {
      "widget": 181,
      "name": "clusterer",
      "short_name": "clu",
      "uid": "5b14518d-51a9-4638-9231-dd73d19b6b3c",
      "default": "",
      "required": false,
      "multi": false,
      "parameter_type": null,
      "variable": "clusterer",
      "parameter": false,
      "order": 3,
      "description": ""
    }
  },
  {
    "pk": 414,
    "model": "workflows.abstractinput",
    "fields": {
      "widget": 181,
      "name": "instances",
      "short_name": "ins",
      "uid": "278891e3-2530-4c9b-9871-57e6b6ad4070",
      "default": "",
      "required": false,
      "multi": false,
      "parameter_type": null,
      "variable": "instances",
      "parameter": false,
      "order": 4,
      "description": ""
    }
  },
  {
    "pk": 197,
    "model": "workflows.abstractoutput",
    "fields": {
      "widget": 181,
      "name": "clusters",
      "short_name": "clu",
      "variable": "clusters",
      "uid": "10685da4-1505-46f5-aed3-30e7228eaaa6",
      "order": 1,
      "description": ""
    }
  },
  {
    "pk": 198,
    "model": "workflows.abstractoutput",
    "fields": {
      "widget": 181,
      "name": "number_of_clusters",
      "short_name": "num",
      "variable": "number_of_clusters",
      "uid": "618a6e7b-54a2-4ee0-8356-6819a88451c7",
      "order": 2,
      "description": ""
    }
  },
  {
    "pk": 199,
    "model": "workflows.abstractoutput",
    "fields": {
      "widget": 181,
      "name": "centroids",
      "short_name": "cen",
      "variable": "centroids",
      "uid": "39951e7d-8354-49b6-aa26-cbbc5be2285a",
      "order": 3,
      "description": ""
    }
  },
  {
    "pk": 182,
    "model": "workflows.abstractwidget",
    "fields": {
      "category": 37,
      "treeview_image": "",
      "name": "Build Classifier",
      "is_streaming": false,
      "uid": "904dbc2d-1de8-4b97-a48f-e6ea84753f6a",
      "interaction_view": "",
      "image": "",
      "package": "weka",
      "static_image": "",
      "post_interact_action": "",
      "user": 1,
      "visualization_view": "",
      "action": "call_webservice",
      "wsdl_method": "build_classifier",
      "wsdl": "http://vihar.ijs.si:8092/Evaluation?wsdl",
      "interactive": false,
      "has_progress_bar": false,
      "order": 1,
      "description": ""
    }
  },
  {
    "pk": 415,
    "model": "workflows.abstractinput",
    "fields": {
      "widget": 182,
      "name": "Timeout",
      "short_name": "to",
      "uid": "e3d4fe8d-8b9d-45ff-a3a4-de7ce9a29327",
      "default": "60",
      "required": false,
      "multi": false,
      "parameter_type": "text",
      "variable": "timeout",
      "parameter": true,
      "order": 1,
      "description": ""
    }
  },
  {
    "pk": 416,
    "model": "workflows.abstractinput",
    "fields": {
      "widget": 182,
      "name": "Send empty strings to webservices",
      "short_name": "ses",
      "uid": "8b63a66a-2a37-41d0-8c55-8b92f98fc79f",
      "default": "true",
      "required": false,
      "multi": false,
      "parameter_type": "checkbox",
      "variable": "sendemptystrings",
      "parameter": true,
      "order": 2,
      "description": ""
    }
  },
  {
    "pk": 417,
    "model": "workflows.abstractinput",
    "fields": {
      "widget": 182,
      "name": "learner",
      "short_name": "lea",
      "uid": "17b77977-c7fd-4a1e-8bdd-e57dda0495d9",
      "default": "",
      "required": false,
      "multi": false,
      "parameter_type": null,
      "variable": "learner",
      "parameter": false,
      "order": 3,
      "description": ""
    }
  },
  {
    "pk": 418,
    "model": "workflows.abstractinput",
    "fields": {
      "widget": 182,
      "name": "instances",
      "short_name": "ins",
      "uid": "1c36937f-7127-48a5-b086-ab3356e8db7d",
      "default": "",
      "required": false,
      "multi": false,
      "parameter_type": null,
      "variable": "instances",
      "parameter": false,
      "order": 4,
      "description": ""
    }
  },
  {
    "pk": 200,
    "model": "workflows.abstractoutput",
    "fields": {
      "widget": 182,
      "name": "classifier",
      "short_name": "cla",
      "variable": "classifier",
      "uid": "764cd629-5f3a-44b7-ab8f-a71edd9363c7",
      "order": 1,
      "description": ""
    }
  },
  {
    "pk": 183,
    "model": "workflows.abstractwidget",
    "fields": {
      "category": 37,
      "treeview_image": "",
      "name": "Build Clusterer",
      "is_streaming": false,
      "uid": "533bec7f-539a-4a95-b883-a841bf3b0118",
      "interaction_view": "",
      "image": "",
      "package": "weka",
      "static_image": "",
      "post_interact_action": "",
      "user": 1,
      "visualization_view": "",
      "action": "call_webservice",
      "wsdl_method": "build_clusterer",
      "wsdl": "http://vihar.ijs.si:8092/Evaluation?wsdl",
      "interactive": false,
      "has_progress_bar": false,
      "order": 1,
      "description": ""
    }
  },
  {
    "pk": 419,
    "model": "workflows.abstractinput",
    "fields": {
      "widget": 183,
      "name": "Timeout",
      "short_name": "to",
      "uid": "db17d2bf-4d1e-49cd-863c-2055246de11c",
      "default": "60",
      "required": false,
      "multi": false,
      "parameter_type": "text",
      "variable": "timeout",
      "parameter": true,
      "order": 1,
      "description": ""
    }
  },
  {
    "pk": 420,
    "model": "workflows.abstractinput",
    "fields": {
      "widget": 183,
      "name": "Send empty strings to webservices",
      "short_name": "ses",
      "uid": "21155ff6-e3dc-4b73-99be-7070bc16a7ac",
      "default": "true",
      "required": false,
      "multi": false,
      "parameter_type": "checkbox",
      "variable": "sendemptystrings",
      "parameter": true,
      "order": 2,
      "description": ""
    }
  },
  {
    "pk": 421,
    "model": "workflows.abstractinput",
    "fields": {
      "widget": 183,
      "name": "learner",
      "short_name": "lea",
      "uid": "eec2f308-1c5e-4de3-b60d-59b4f19d7aa6",
      "default": "",
      "required": false,
      "multi": false,
      "parameter_type": null,
      "variable": "learner",
      "parameter": false,
      "order": 3,
      "description": ""
    }
  },
  {
    "pk": 422,
    "model": "workflows.abstractinput",
    "fields": {
      "widget": 183,
      "name": "instances",
      "short_name": "ins",
      "uid": "da953155-8ed2-416b-b739-bed4fd748dda",
      "default": "",
      "required": false,
      "multi": false,
      "parameter_type": null,
      "variable": "instances",
      "parameter": false,
      "order": 4,
      "description": ""
    }
  },
  {
    "pk": 201,
    "model": "workflows.abstractoutput",
    "fields": {
      "widget": 183,
      "name": "clusterer",
      "short_name": "clu",
      "variable": "clusterer",
      "uid": "777aeed1-65ad-478b-9b2f-058e2441f13f",
      "order": 1,
      "description": ""
    }
  },
  {
    "pk": 184,
    "model": "workflows.abstractwidget",
    "fields": {
      "category": 37,
      "treeview_image": "",
      "name": "Cross Validate",
      "is_streaming": false,
      "uid": "272f5485-8081-4483-8321-118599817882",
      "interaction_view": "",
      "image": "",
      "package": "weka",
      "static_image": "",
      "post_interact_action": "",
      "user": 1,
      "visualization_view": "",
      "action": "call_webservice",
      "wsdl_method": "cross_validate",
      "wsdl": "http://vihar.ijs.si:8092/Evaluation?wsdl",
      "interactive": false,
      "has_progress_bar": false,
      "order": 1,
      "description": ""
    }
  },
  {
    "pk": 423,
    "model": "workflows.abstractinput",
    "fields": {
      "widget": 184,
      "name": "Timeout",
      "short_name": "to",
      "uid": "db8ea5c9-738b-44c1-bcd9-9b704a8798c6",
      "default": "60",
      "required": false,
      "multi": false,
      "parameter_type": "text",
      "variable": "timeout",
      "parameter": true,
      "order": 1,
      "description": ""
    }
  },
  {
    "pk": 424,
    "model": "workflows.abstractinput",
    "fields": {
      "widget": 184,
      "name": "Send empty strings to webservices",
      "short_name": "ses",
      "uid": "f5f83294-4688-4244-8b8a-95df71859fb0",
      "default": "true",
      "required": false,
      "multi": false,
      "parameter_type": "checkbox",
      "variable": "sendemptystrings",
      "parameter": true,
      "order": 2,
      "description": ""
    }
  },
  {
    "pk": 425,
    "model": "workflows.abstractinput",
    "fields": {
      "widget": 184,
      "name": "learner",
      "short_name": "lea",
      "uid": "5ddb24a4-f7ad-4d31-9a3d-8c18da1361a2",
      "default": "",
      "required": false,
      "multi": false,
      "parameter_type": null,
      "variable": "learner",
      "parameter": false,
      "order": 3,
      "description": ""
    }
  },
  {
    "pk": 426,
    "model": "workflows.abstractinput",
    "fields": {
      "widget": 184,
      "name": "instances",
      "short_name": "ins",
      "uid": "91c0ad22-1d1b-4f0b-8ea9-be94be1ade29",
      "default": "",
      "required": false,
      "multi": false,
      "parameter_type": null,
      "variable": "instances",
      "parameter": false,
      "order": 4,
      "description": ""
    }
  },
  {
    "pk": 427,
    "model": "workflows.abstractinput",
    "fields": {
      "widget": 184,
      "name": "folds",
      "short_name": "fol",
      "uid": "1a99446a-c3bd-40b4-996a-eb1af12fbf65",
      "default": "",
      "required": false,
      "multi": false,
      "parameter_type": "text",
      "variable": "folds",
      "parameter": true,
      "order": 5,
      "description": ""
    }
  },
  {
    "pk": 202,
    "model": "workflows.abstractoutput",
    "fields": {
      "widget": 184,
      "name": "accuracy",
      "short_name": "acc",
      "variable": "accuracy",
      "uid": "1030110c-bab6-4dbd-b19e-549ea1c94450",
      "order": 1,
      "description": ""
    }
  },
  {
    "pk": 203,
    "model": "workflows.abstractoutput",
    "fields": {
      "widget": 184,
      "name": "confusion_matrix",
      "short_name": "con",
      "variable": "confusion_matrix",
      "uid": "b6b27c8f-ce52-4e01-bdf2-de6011a42f44",
      "order": 2,
      "description": ""
    }
  },
  {
    "pk": 204,
    "model": "workflows.abstractoutput",
    "fields": {
      "widget": 184,
      "name": "accuracy_by_class",
      "short_name": "acc",
      "variable": "accuracy_by_class",
      "uid": "ca272653-396e-4a43-a94c-dc86029728eb",
      "order": 3,
      "description": ""
    }
  },
  {
    "pk": 205,
    "model": "workflows.abstractoutput",
    "fields": {
      "widget": 184,
      "name": "summary",
      "short_name": "sum",
      "variable": "summary",
      "uid": "997d0a9d-273d-47df-8aaf-3e74e35d6b7d",
      "order": 4,
      "description": ""
    }
  },
  {
    "pk": 38,
    "model": "workflows.category",
    "fields": {
      "uid": "0ae049f7-6040-4992-bb03-f9134b8e63c7",
      "parent": 35,
      "workflow": null,
      "user": null,
      "order": 1,
      "name": "Utilities"
    }
  },
  {
    "pk": 185,
    "model": "workflows.abstractwidget",
    "fields": {
      "category": 38,
      "treeview_image": "",
      "name": "Arff to Weka Instances",
      "is_streaming": false,
      "uid": "3a141e99-a804-4b73-b06b-c75032325aa3",
      "interaction_view": "",
      "image": "",
      "package": "weka",
      "static_image": "",
      "post_interact_action": "",
      "user": 1,
      "visualization_view": "",
      "action": "call_webservice",
      "wsdl_method": "arff_to_weka_instances",
      "wsdl": "http://vihar.ijs.si:8092/Utilities?wsdl",
      "interactive": false,
      "has_progress_bar": false,
      "order": 1,
      "description": ""
    }
  },
  {
    "pk": 428,
    "model": "workflows.abstractinput",
    "fields": {
      "widget": 185,
      "name": "Timeout",
      "short_name": "to",
      "uid": "2ec43e59-25e0-40da-a96f-7deb05ad063e",
      "default": "60",
      "required": false,
      "multi": false,
      "parameter_type": "text",
      "variable": "timeout",
      "parameter": true,
      "order": 1,
      "description": ""
    }
  },
  {
    "pk": 429,
    "model": "workflows.abstractinput",
    "fields": {
      "widget": 185,
      "name": "Send empty strings to webservices",
      "short_name": "ses",
      "uid": "0161f92d-e191-4d60-979f-f0a7d69f40cb",
      "default": "true",
      "required": false,
      "multi": false,
      "parameter_type": "checkbox",
      "variable": "sendemptystrings",
      "parameter": true,
      "order": 2,
      "description": ""
    }
  },
  {
    "pk": 430,
    "model": "workflows.abstractinput",
    "fields": {
      "widget": 185,
      "name": "arff",
      "short_name": "arf",
      "uid": "b027ab99-adb6-44fb-96ab-08deb7db7f5d",
      "default": "",
      "required": false,
      "multi": false,
      "parameter_type": null,
      "variable": "arff",
      "parameter": false,
      "order": 3,
      "description": ""
    }
  },
  {
    "pk": 431,
    "model": "workflows.abstractinput",
    "fields": {
      "widget": 185,
      "name": "class_index",
      "short_name": "cla",
      "uid": "1e067896-7006-4b44-82af-b03a61727080",
      "default": "",
      "required": false,
      "multi": false,
      "parameter_type": "text",
      "variable": "class_index",
      "parameter": true,
      "order": 4,
      "description": ""
    }
  },
  {
    "pk": 206,
    "model": "workflows.abstractoutput",
    "fields": {
      "widget": 185,
      "name": "instances",
      "short_name": "ins",
      "variable": "instances",
      "uid": "110f9834-3e44-419b-a3af-39622417ecd6",
      "order": 1,
      "description": ""
    }
  },
  {
    "pk": 186,
    "model": "workflows.abstractwidget",
    "fields": {
      "category": 38,
      "treeview_image": "",
      "name": "Print Model",
      "is_streaming": false,
      "uid": "5ac9aced-9520-4ea4-ac0d-bc58c8be2aef",
      "interaction_view": "",
      "image": "",
      "package": "weka",
      "static_image": "",
      "post_interact_action": "",
      "user": 1,
      "visualization_view": "",
      "action": "call_webservice",
      "wsdl_method": "print_model",
      "wsdl": "http://vihar.ijs.si:8092/Utilities?wsdl",
      "interactive": false,
      "has_progress_bar": false,
      "order": 1,
      "description": ""
    }
  },
  {
    "pk": 432,
    "model": "workflows.abstractinput",
    "fields": {
      "widget": 186,
      "name": "Timeout",
      "short_name": "to",
      "uid": "2a81aa2c-58af-44e1-8b03-c2dc72225c5c",
      "default": "60",
      "required": false,
      "multi": false,
      "parameter_type": "text",
      "variable": "timeout",
      "parameter": true,
      "order": 1,
      "description": ""
    }
  },
  {
    "pk": 433,
    "model": "workflows.abstractinput",
    "fields": {
      "widget": 186,
      "name": "Send empty strings to webservices",
      "short_name": "ses",
      "uid": "00fdd694-785f-4e96-a616-5feea30eec49",
      "default": "true",
      "required": false,
      "multi": false,
      "parameter_type": "checkbox",
      "variable": "sendemptystrings",
      "parameter": true,
      "order": 2,
      "description": ""
    }
  },
  {
    "pk": 434,
    "model": "workflows.abstractinput",
    "fields": {
      "widget": 186,
      "name": "model",
      "short_name": "mod",
      "uid": "df7c8785-4e7f-4e74-b123-c86b7f380516",
      "default": "",
      "required": false,
      "multi": false,
      "parameter_type": null,
      "variable": "model",
      "parameter": false,
      "order": 3,
      "description": ""
    }
  },
  {
    "pk": 207,
    "model": "workflows.abstractoutput",
    "fields": {
      "widget": 186,
      "name": "model_as_string",
      "short_name": "mod",
      "variable": "model_as_string",
      "uid": "873ce128-d626-4490-a34e-1276f3048a8b",
      "order": 1,
      "description": ""
    }
  },
  {
    "pk": 187,
    "model": "workflows.abstractwidget",
    "fields": {
      "category": 38,
      "treeview_image": "",
      "name": "Print Tree",
      "is_streaming": false,
      "uid": "bc3756b6-7f76-48ed-ae71-8bdae8870b23",
      "interaction_view": "",
      "image": "",
      "package": "weka",
      "static_image": "",
      "post_interact_action": "",
      "user": 1,
      "visualization_view": "",
      "action": "call_webservice",
      "wsdl_method": "print_tree",
      "wsdl": "http://vihar.ijs.si:8092/Utilities?wsdl",
      "interactive": false,
      "has_progress_bar": false,
      "order": 1,
      "description": ""
    }
  },
  {
    "pk": 435,
    "model": "workflows.abstractinput",
    "fields": {
      "widget": 187,
      "name": "Timeout",
      "short_name": "to",
      "uid": "b0aa8640-b529-4433-b795-f1f022939fc3",
      "default": "60",
      "required": false,
      "multi": false,
      "parameter_type": "text",
      "variable": "timeout",
      "parameter": true,
      "order": 1,
      "description": ""
    }
  },
  {
    "pk": 436,
    "model": "workflows.abstractinput",
    "fields": {
      "widget": 187,
      "name": "Send empty strings to webservices",
      "short_name": "ses",
      "uid": "3ce46037-9612-4b55-8297-1a604d545a64",
      "default": "true",
      "required": false,
      "multi": false,
      "parameter_type": "checkbox",
      "variable": "sendemptystrings",
      "parameter": true,
      "order": 2,
      "description": ""
    }
  },
  {
    "pk": 437,
    "model": "workflows.abstractinput",
    "fields": {
      "widget": 187,
      "name": "tree_model",
      "short_name": "tre",
      "uid": "2910d5a9-1735-416f-8ec4-cc2afbd5e977",
      "default": "",
      "required": false,
      "multi": false,
      "parameter_type": null,
      "variable": "tree_model",
      "parameter": false,
      "order": 3,
      "description": ""
    }
  },
  {
    "pk": 208,
    "model": "workflows.abstractoutput",
    "fields": {
      "widget": 187,
      "name": "tree",
      "short_name": "tre",
      "variable": "tree",
      "uid": "dc917831-9cb4-457b-9b40-4acb54d23335",
      "order": 1,
      "description": ""
    }
  },
  {
    "pk": 188,
    "model": "workflows.abstractwidget",
    "fields": {
      "category": 38,
      "treeview_image": "",
      "name": "Weka Instances To Arff",
      "is_streaming": false,
      "uid": "4d855dc4-0544-484a-914e-79487e8bb982",
      "interaction_view": "",
      "image": "",
      "package": "weka",
      "static_image": "",
      "post_interact_action": "",
      "user": 1,
      "visualization_view": "",
      "action": "call_webservice",
      "wsdl_method": "weka_instances_to_arff",
      "wsdl": "http://vihar.ijs.si:8092/Utilities?wsdl",
      "interactive": false,
      "has_progress_bar": false,
      "order": 1,
      "description": ""
    }
  },
  {
    "pk": 438,
    "model": "workflows.abstractinput",
    "fields": {
      "widget": 188,
      "name": "Timeout",
      "short_name": "to",
      "uid": "8bb6803e-eb93-4809-8b1b-a8d9f74e1910",
      "default": "60",
      "required": false,
      "multi": false,
      "parameter_type": "text",
      "variable": "timeout",
      "parameter": true,
      "order": 1,
      "description": ""
    }
  },
  {
    "pk": 439,
    "model": "workflows.abstractinput",
    "fields": {
      "widget": 188,
      "name": "Send empty strings to webservices",
      "short_name": "ses",
      "uid": "306aa32b-0c75-41e7-8a12-1dbad868124c",
      "default": "true",
      "required": false,
      "multi": false,
      "parameter_type": "checkbox",
      "variable": "sendemptystrings",
      "parameter": true,
      "order": 2,
      "description": ""
    }
  },
  {
    "pk": 440,
    "model": "workflows.abstractinput",
    "fields": {
      "widget": 188,
      "name": "instances",
      "short_name": "ins",
      "uid": "0ba276f9-f0c5-4d1e-ada8-7398e3ea3d72",
      "default": "",
      "required": false,
      "multi": false,
      "parameter_type": null,
      "variable": "instances",
      "parameter": false,
      "order": 3,
      "description": ""
    }
  },
  {
    "pk": 209,
    "model": "workflows.abstractoutput",
    "fields": {
      "widget": 188,
      "name": "arff",
      "short_name": "arf",
      "variable": "arff",
      "uid": "bfbd3109-e756-4a38-bcaf-b2d5883eda77",
      "order": 1,
      "description": ""
    }
  },
  {
    "pk": 189,
    "model": "workflows.abstractwidget",
    "fields": {
      "category": 38,
      "treeview_image": "",
      "name": "Weka confusion matrix computations",
      "is_streaming": false,
      "uid": "b62a32e0-ab1b-4bf9-b2f2-ed699d4b05be",
      "interaction_view": "",
      "image": "",
      "package": "weka",
      "static_image": "",
      "post_interact_action": "",
      "user": null,
      "visualization_view": "",
      "action": "weka_statistics",
      "wsdl_method": "",
      "wsdl": "",
      "interactive": false,
      "has_progress_bar": false,
      "order": 1,
      "description": ""
    }
  },
  {
    "pk": 441,
    "model": "workflows.abstractinput",
    "fields": {
      "widget": 189,
      "name": "Summary",
      "short_name": "sum",
      "uid": "173d8ec1-24ce-48bf-a77b-ce948f20b32f",
      "default": "",
      "required": false,
      "multi": false,
      "parameter_type": null,
      "variable": "summary",
      "parameter": false,
      "order": 1,
      "description": "The summary output of the Cross Validate widget"
    }
  },
  {
    "pk": 442,
    "model": "workflows.abstractinput",
    "fields": {
      "widget": 189,
      "name": "Class Index",
      "short_name": "ci",
      "uid": "ef5fbfe5-72dc-4e3d-9d88-239caeeed56e",
      "default": "-1",
      "required": false,
      "multi": false,
      "parameter_type": "text",
      "variable": "classIndex",
      "parameter": true,
      "order": 2,
      "description": "Class index. If -1, it will return a weighted average."
    }
  },
  {
    "pk": 210,
    "model": "workflows.abstractoutput",
    "fields": {
      "widget": 189,
      "name": "Precision",
      "short_name": "pre",
      "variable": "precision",
      "uid": "fbd6d60c-251d-41ab-a786-01760a0110ef",
      "order": 1,
      "description": ""
    }
  },
  {
    "pk": 211,
    "model": "workflows.abstractoutput",
    "fields": {
      "widget": 189,
      "name": "Recall",
      "short_name": "rec",
      "variable": "recall",
      "uid": "4f3e18a4-fcc0-44e1-9c37-0f6d53127a94",
      "order": 2,
      "description": ""
    }
  },
  {
    "pk": 212,
    "model": "workflows.abstractoutput",
    "fields": {
      "widget": 189,
      "name": "F-score",
      "short_name": "f",
      "variable": "f",
      "uid": "9ef277a3-ca41-443e-b975-3c6b6d1f4ff2",
      "order": 3,
      "description": ""
    }
  },
  {
    "pk": 213,
    "model": "workflows.abstractoutput",
    "fields": {
      "widget": 189,
      "name": "ROC area",
      "short_name": "auc",
      "variable": "auc",
      "uid": "c602bc74-f0ff-4cac-9a53-900a777fe236",
      "order": 4,
      "description": ""
    }
  },
  {
    "pk": 214,
    "model": "workflows.abstractoutput",
    "fields": {
      "widget": 189,
      "name": "TP rate",
      "short_name": "tp",
      "variable": "tp_rate",
      "uid": "401a36ad-3bbf-49b4-b6a1-1eda084683fc",
      "order": 5,
      "description": ""
    }
  },
  {
    "pk": 215,
    "model": "workflows.abstractoutput",
    "fields": {
      "widget": 189,
      "name": "FP rate",
      "short_name": "fp",
      "variable": "fp_rate",
      "uid": "41a9a618-0874-4665-b580-f181cd20202c",
      "order": 6,
      "description": ""
    }
  }
]