[
  {
    "pk": 3, 
    "model": "workflows.category", 
    "fields": {
      "uid": "fe5d5a78-ee52-4434-8a90-1fcfeb0ea63e", 
      "parent": null, 
      "workflow": null, 
      "user": null, 
      "order": 1, 
      "name": "Weka"
    }
  }, 
  {
    "pk": 4, 
    "model": "workflows.category", 
    "fields": {
      "uid": "74a7063e-9e7f-4305-8b5e-d5f1a4c40250", 
      "parent": 3, 
      "workflow": null, 
      "user": null, 
      "order": 1, 
      "name": "Classification"
    }
  }, 
  {
    "pk": 11, 
    "model": "workflows.abstractwidget", 
    "fields": {
      "category": 4, 
      "treeview_image": "", 
      "windows_queue": false, 
      "name": "IBk", 
      "is_streaming": false, 
      "uid": "a6125102-c2b4-4206-842b-8d0c510f7e86", 
      "interaction_view": "", 
      "image": "", 
      "package": "weka", 
      "static_image": "WEKA_IBk.png", 
      "post_interact_action": "", 
      "user": 1, 
      "visualization_view": "", 
      "streaming_visualization_view": "", 
      "action": "call_webservice", 
      "wsdl_method": "IBk", 
      "wsdl": "http://vihar.ijs.si:8092/Classification?wsdl", 
      "interactive": false, 
      "has_progress_bar": false, 
      "order": 1, 
      "description": "Instance-Based learner with fixed neighborhood."
    }
  }, 
  {
    "pk": 17, 
    "model": "workflows.abstractinput", 
    "fields": {
      "widget": 11, 
      "name": "Timeout", 
      "short_name": "to", 
      "uid": "ca7a572b-2662-460b-a788-42e3b82824ac", 
      "default": "60", 
      "required": false, 
      "multi": false, 
      "parameter_type": "text", 
      "variable": "timeout", 
      "parameter": true, 
      "order": 1, 
      "description": ""
    }
  }, 
  {
    "pk": 18, 
    "model": "workflows.abstractinput", 
    "fields": {
      "widget": 11, 
      "name": "Send empty strings to webservices", 
      "short_name": "ses", 
      "uid": "7ac0ea58-70b3-4e75-a146-2abcd9ff81a0", 
      "default": "true", 
      "required": false, 
      "multi": false, 
      "parameter_type": "checkbox", 
      "variable": "sendemptystrings", 
      "parameter": true, 
      "order": 2, 
      "description": ""
    }
  }, 
  {
    "pk": 19, 
    "model": "workflows.abstractinput", 
    "fields": {
      "widget": 11, 
      "name": "Params", 
      "short_name": "par", 
      "uid": "34b5d0f6-a72f-4d16-a338-1b1da6597c21", 
      "default": "", 
      "required": false, 
      "multi": false, 
      "parameter_type": "text", 
      "variable": "params", 
      "parameter": true, 
      "order": 3, 
      "description": ""
    }
  }, 
  {
    "pk": 6, 
    "model": "workflows.abstractoutput", 
    "fields": {
      "widget": 11, 
      "name": "IBk Learner", 
      "short_name": "lrn", 
      "variable": "IBk_learner", 
      "uid": "eb204c56-6279-4f3a-b1c0-37a6b0c7b91b", 
      "order": 1, 
      "description": ""
    }
  }, 
  {
    "pk": 12, 
    "model": "workflows.abstractwidget", 
    "fields": {
      "category": 4, 
      "treeview_image": "", 
      "windows_queue": false, 
      "name": "J48", 
      "is_streaming": false, 
      "uid": "dc8980c2-df3c-4797-a0b9-297e10e188e4", 
      "interaction_view": "", 
      "image": "", 
      "package": "weka", 
      "static_image": "WEKA_J48.png", 
      "post_interact_action": "", 
      "user": 1, 
      "visualization_view": "", 
      "streaming_visualization_view": "", 
      "action": "call_webservice", 
      "wsdl_method": "J48", 
      "wsdl": "http://vihar.ijs.si:8092/Classification?wsdl", 
      "interactive": false, 
      "has_progress_bar": false, 
      "order": 1, 
      "description": "A clone of the C4.5 decision tree learner."
    }
  }, 
  {
    "pk": 20, 
    "model": "workflows.abstractinput", 
    "fields": {
      "widget": 12, 
      "name": "Timeout", 
      "short_name": "to", 
      "uid": "166f1dc1-6cf7-4ddb-9480-e4ec9cad8613", 
      "default": "60", 
      "required": false, 
      "multi": false, 
      "parameter_type": "text", 
      "variable": "timeout", 
      "parameter": true, 
      "order": 1, 
      "description": ""
    }
  }, 
  {
    "pk": 21, 
    "model": "workflows.abstractinput", 
    "fields": {
      "widget": 12, 
      "name": "Send empty strings to webservices", 
      "short_name": "ses", 
      "uid": "44995999-b169-4672-94b4-832cc5afc25f", 
      "default": "true", 
      "required": false, 
      "multi": false, 
      "parameter_type": "checkbox", 
      "variable": "sendemptystrings", 
      "parameter": true, 
      "order": 2, 
      "description": ""
    }
  }, 
  {
    "pk": 22, 
    "model": "workflows.abstractinput", 
    "fields": {
      "widget": 12, 
      "name": "Params", 
      "short_name": "par", 
      "uid": "d9b876f1-5346-43e4-b6f9-183ba17d04ac", 
      "default": "", 
      "required": false, 
      "multi": false, 
      "parameter_type": "text", 
      "variable": "params", 
      "parameter": true, 
      "order": 3, 
      "description": ""
    }
  }, 
  {
    "pk": 7, 
    "model": "workflows.abstractoutput", 
    "fields": {
      "widget": 12, 
      "name": "J48 Learner", 
      "short_name": "lrn", 
      "variable": "J48_learner", 
      "uid": "f853af74-d660-4450-ada4-fb32fc6aae86", 
      "order": 1, 
      "description": ""
    }
  }, 
  {
    "pk": 13, 
    "model": "workflows.abstractwidget", 
    "fields": {
      "category": 4, 
      "treeview_image": "", 
      "windows_queue": false, 
      "name": "JRip", 
      "is_streaming": false, 
      "uid": "49e693c9-1ca5-40d0-af31-9d84c0bc4151", 
      "interaction_view": "", 
      "image": "", 
      "package": "weka", 
      "static_image": "WEKA_JRip.png", 
      "post_interact_action": "", 
      "user": 1, 
      "visualization_view": "", 
      "streaming_visualization_view": "", 
      "action": "call_webservice", 
      "wsdl_method": "JRip", 
      "wsdl": "http://vihar.ijs.si:8092/Classification?wsdl", 
      "interactive": false, 
      "has_progress_bar": false, 
      "order": 1, 
      "description": "A clone of the RIPPER rule learner."
    }
  }, 
  {
    "pk": 23, 
    "model": "workflows.abstractinput", 
    "fields": {
      "widget": 13, 
      "name": "Timeout", 
      "short_name": "to", 
      "uid": "abddf5f0-d80d-4595-bda1-a7708831704f", 
      "default": "60", 
      "required": false, 
      "multi": false, 
      "parameter_type": "text", 
      "variable": "timeout", 
      "parameter": true, 
      "order": 1, 
      "description": ""
    }
  }, 
  {
    "pk": 24, 
    "model": "workflows.abstractinput", 
    "fields": {
      "widget": 13, 
      "name": "Send empty strings to webservices", 
      "short_name": "ses", 
      "uid": "7f11ab99-79a8-417c-93ce-022159e4bd8b", 
      "default": "true", 
      "required": false, 
      "multi": false, 
      "parameter_type": "checkbox", 
      "variable": "sendemptystrings", 
      "parameter": true, 
      "order": 2, 
      "description": ""
    }
  }, 
  {
    "pk": 25, 
    "model": "workflows.abstractinput", 
    "fields": {
      "widget": 13, 
      "name": "Params", 
      "short_name": "par", 
      "uid": "30e65c8c-04a3-4cea-a503-fa836c8f8222", 
      "default": "", 
      "required": false, 
      "multi": false, 
      "parameter_type": "text", 
      "variable": "params", 
      "parameter": true, 
      "order": 3, 
      "description": ""
    }
  }, 
  {
    "pk": 8, 
    "model": "workflows.abstractoutput", 
    "fields": {
      "widget": 13, 
      "name": "JRip Learner", 
      "short_name": "lrn", 
      "variable": "JRip_learner", 
      "uid": "022a1a8a-ad2b-49bb-9ec9-05f0903bda5d", 
      "order": 1, 
      "description": ""
    }
  }, 
  {
    "pk": 14, 
    "model": "workflows.abstractwidget", 
    "fields": {
      "category": 4, 
      "treeview_image": "", 
      "windows_queue": false, 
      "name": "KStar", 
      "is_streaming": false, 
      "uid": "353f931b-fc5f-40b7-9e26-9364990c56eb", 
      "interaction_view": "", 
      "image": "", 
      "package": "weka", 
      "static_image": "WEKA_KStar.png", 
      "post_interact_action": "", 
      "user": 1, 
      "visualization_view": "", 
      "streaming_visualization_view": "", 
      "action": "call_webservice", 
      "wsdl_method": "KStar", 
      "wsdl": "http://vihar.ijs.si:8092/Classification?wsdl", 
      "interactive": false, 
      "has_progress_bar": false, 
      "order": 1, 
      "description": "Instance-Based learner."
    }
  }, 
  {
    "pk": 26, 
    "model": "workflows.abstractinput", 
    "fields": {
      "widget": 14, 
      "name": "Timeout", 
      "short_name": "to", 
      "uid": "72ccc121-19fd-4501-95b1-f66662970c21", 
      "default": "60", 
      "required": false, 
      "multi": false, 
      "parameter_type": "text", 
      "variable": "timeout", 
      "parameter": true, 
      "order": 1, 
      "description": ""
    }
  }, 
  {
    "pk": 27, 
    "model": "workflows.abstractinput", 
    "fields": {
      "widget": 14, 
      "name": "Send empty strings to webservices", 
      "short_name": "ses", 
      "uid": "527e1e1a-3ff7-40c1-add6-f08b84b82a2b", 
      "default": "true", 
      "required": false, 
      "multi": false, 
      "parameter_type": "checkbox", 
      "variable": "sendemptystrings", 
      "parameter": true, 
      "order": 2, 
      "description": ""
    }
  }, 
  {
    "pk": 28, 
    "model": "workflows.abstractinput", 
    "fields": {
      "widget": 14, 
      "name": "Params", 
      "short_name": "par", 
      "uid": "26fe9a12-9917-4a3f-822e-7f9c64260e9c", 
      "default": "", 
      "required": false, 
      "multi": false, 
      "parameter_type": "text", 
      "variable": "params", 
      "parameter": true, 
      "order": 3, 
      "description": ""
    }
  }, 
  {
    "pk": 9, 
    "model": "workflows.abstractoutput", 
    "fields": {
      "widget": 14, 
      "name": "KStar Learner", 
      "short_name": "lrn", 
      "variable": "KStar_learner", 
      "uid": "b82ceb0d-5430-40f7-9dbc-e1b981ee959d", 
      "order": 1, 
      "description": ""
    }
  }, 
  {
    "pk": 15, 
    "model": "workflows.abstractwidget", 
    "fields": {
      "category": 4, 
      "treeview_image": "", 
      "windows_queue": false, 
      "name": "LibSVM", 
      "is_streaming": false, 
      "uid": "dc1efcee-56bc-40b0-a699-b3750d4651ac", 
      "interaction_view": "", 
      "image": "", 
      "package": "weka", 
      "static_image": "WEKA_LibSVM.png", 
      "post_interact_action": "", 
      "user": 1, 
      "visualization_view": "", 
      "streaming_visualization_view": "", 
      "action": "call_webservice", 
      "wsdl_method": "LibSVM", 
      "wsdl": "http://vihar.ijs.si:8092/Classification?wsdl", 
      "interactive": false, 
      "has_progress_bar": false, 
      "order": 1, 
      "description": "Support Vector Machine learner."
    }
  }, 
  {
    "pk": 29, 
    "model": "workflows.abstractinput", 
    "fields": {
      "widget": 15, 
      "name": "Timeout", 
      "short_name": "to", 
      "uid": "72e6a74a-6213-4821-b114-9eedcb0d3556", 
      "default": "60", 
      "required": false, 
      "multi": false, 
      "parameter_type": "text", 
      "variable": "timeout", 
      "parameter": true, 
      "order": 1, 
      "description": ""
    }
  }, 
  {
    "pk": 30, 
    "model": "workflows.abstractinput", 
    "fields": {
      "widget": 15, 
      "name": "Send empty strings to webservices", 
      "short_name": "ses", 
      "uid": "80a185a0-919e-41ef-9f6d-5696a04508c5", 
      "default": "true", 
      "required": false, 
      "multi": false, 
      "parameter_type": "checkbox", 
      "variable": "sendemptystrings", 
      "parameter": true, 
      "order": 2, 
      "description": ""
    }
  }, 
  {
    "pk": 31, 
    "model": "workflows.abstractinput", 
    "fields": {
      "widget": 15, 
      "name": "Params", 
      "short_name": "par", 
      "uid": "399e84ce-3ff0-4c15-a367-c9848d3cbb93", 
      "default": "", 
      "required": false, 
      "multi": false, 
      "parameter_type": "text", 
      "variable": "params", 
      "parameter": true, 
      "order": 3, 
      "description": ""
    }
  }, 
  {
    "pk": 10, 
    "model": "workflows.abstractoutput", 
    "fields": {
      "widget": 15, 
      "name": "LibSVM Learner", 
      "short_name": "lrn", 
      "variable": "LibSVM_learner", 
      "uid": "73e0b8a5-33d6-4b23-b366-b8173028b44d", 
      "order": 1, 
      "description": ""
    }
  }, 
  {
    "pk": 16, 
    "model": "workflows.abstractwidget", 
    "fields": {
      "category": 4, 
      "treeview_image": "", 
      "windows_queue": false, 
      "name": "Multilayer Perceptron", 
      "is_streaming": false, 
      "uid": "fa4f24ac-1055-408a-852f-1ce4d90ef3ce", 
      "interaction_view": "", 
      "image": "", 
      "package": "weka", 
      "static_image": "WEKA_MultilPerceptron.png", 
      "post_interact_action": "", 
      "user": 1, 
      "visualization_view": "", 
      "streaming_visualization_view": "", 
      "action": "call_webservice", 
      "wsdl_method": "Multilayer_Perceptron", 
      "wsdl": "http://vihar.ijs.si:8092/Classification?wsdl", 
      "interactive": false, 
      "has_progress_bar": false, 
      "order": 1, 
      "description": "Feedforward artificial neural network, using backpropagation to classify instances"
    }
  }, 
  {
    "pk": 32, 
    "model": "workflows.abstractinput", 
    "fields": {
      "widget": 16, 
      "name": "Timeout", 
      "short_name": "to", 
      "uid": "b4ffb057-67de-4df8-ad9c-1fe44fd491bd", 
      "default": "60", 
      "required": false, 
      "multi": false, 
      "parameter_type": "text", 
      "variable": "timeout", 
      "parameter": true, 
      "order": 1, 
      "description": ""
    }
  }, 
  {
    "pk": 33, 
    "model": "workflows.abstractinput", 
    "fields": {
      "widget": 16, 
      "name": "Send empty strings to webservices", 
      "short_name": "ses", 
      "uid": "a084b7c4-cbc1-44eb-b9ae-8265f800d999", 
      "default": "true", 
      "required": false, 
      "multi": false, 
      "parameter_type": "checkbox", 
      "variable": "sendemptystrings", 
      "parameter": true, 
      "order": 2, 
      "description": ""
    }
  }, 
  {
    "pk": 34, 
    "model": "workflows.abstractinput", 
    "fields": {
      "widget": 16, 
      "name": "Params", 
      "short_name": "par", 
      "uid": "f1f2a5e7-40c7-485f-a592-0d7a13bafa30", 
      "default": "", 
      "required": false, 
      "multi": false, 
      "parameter_type": "text", 
      "variable": "params", 
      "parameter": true, 
      "order": 3, 
      "description": ""
    }
  }, 
  {
    "pk": 11, 
    "model": "workflows.abstractoutput", 
    "fields": {
      "widget": 16, 
      "name": "Multilayer Perceptron Learner", 
      "short_name": "lrn", 
      "variable": "Multilayer_Perceptron_learner", 
      "uid": "8174e40c-d895-4db1-a51b-d9b83aa3fa42", 
      "order": 1, 
      "description": ""
    }
  }, 
  {
    "pk": 17, 
    "model": "workflows.abstractwidget", 
    "fields": {
      "category": 4, 
      "treeview_image": "", 
      "windows_queue": false, 
      "name": "Naive Bayes", 
      "is_streaming": false, 
      "uid": "8283f38a-33dc-4d0d-812d-1c58c7209469", 
      "interaction_view": "", 
      "image": "", 
      "package": "weka", 
      "static_image": "WEKA_naiveBayes.png", 
      "post_interact_action": "", 
      "user": 1, 
      "visualization_view": "", 
      "streaming_visualization_view": "", 
      "action": "call_webservice", 
      "wsdl_method": "Naive_Bayes", 
      "wsdl": "http://vihar.ijs.si:8092/Classification?wsdl", 
      "interactive": false, 
      "has_progress_bar": false, 
      "order": 1, 
      "description": "Naive Bayes classifier. Naive Bayes is a simple probabilistic classifier based on applying the Bayes' theorem."
    }
  }, 
  {
    "pk": 35, 
    "model": "workflows.abstractinput", 
    "fields": {
      "widget": 17, 
      "name": "Timeout", 
      "short_name": "to", 
      "uid": "0d9e4fd6-aae2-42d1-9dc8-8c905cbea8ab", 
      "default": "60", 
      "required": false, 
      "multi": false, 
      "parameter_type": "text", 
      "variable": "timeout", 
      "parameter": true, 
      "order": 1, 
      "description": ""
    }
  }, 
  {
    "pk": 36, 
    "model": "workflows.abstractinput", 
    "fields": {
      "widget": 17, 
      "name": "Send empty strings to webservices", 
      "short_name": "ses", 
      "uid": "9d4e54cc-013a-4997-8804-bc6329901226", 
      "default": "true", 
      "required": false, 
      "multi": false, 
      "parameter_type": "checkbox", 
      "variable": "sendemptystrings", 
      "parameter": true, 
      "order": 2, 
      "description": ""
    }
  }, 
  {
    "pk": 37, 
    "model": "workflows.abstractinput", 
    "fields": {
      "widget": 17, 
      "name": "Params", 
      "short_name": "par", 
      "uid": "4c034605-af49-4af3-b1b5-ba3feb4fe5f7", 
      "default": "", 
      "required": false, 
      "multi": false, 
      "parameter_type": "text", 
      "variable": "params", 
      "parameter": true, 
      "order": 3, 
      "description": ""
    }
  }, 
  {
    "pk": 12, 
    "model": "workflows.abstractoutput", 
    "fields": {
      "widget": 17, 
      "name": "Naive Bayes Learner", 
      "short_name": "lrn", 
      "variable": "Naive_Bayes_learner", 
      "uid": "e399b729-9f81-437d-8037-6aee44155e14", 
      "order": 1, 
      "description": ""
    }
  }, 
  {
    "pk": 18, 
    "model": "workflows.abstractwidget", 
    "fields": {
      "category": 4, 
      "treeview_image": "", 
      "windows_queue": false, 
      "name": "REP Tree", 
      "is_streaming": false, 
      "uid": "77f625ba-46fd-4c7c-bcc1-ab279682a02c", 
      "interaction_view": "", 
      "image": "", 
      "package": "weka", 
      "static_image": "WEKA_REPTree.png", 
      "post_interact_action": "", 
      "user": 1, 
      "visualization_view": "", 
      "streaming_visualization_view": "", 
      "action": "call_webservice", 
      "wsdl_method": "REPTree", 
      "wsdl": "http://vihar.ijs.si:8092/Classification?wsdl", 
      "interactive": false, 
      "has_progress_bar": false, 
      "order": 1, 
      "description": "Widget implementing a REP Tree, which is a fast decision tree learner. Builds a decision/regression tree using information gain/variance and prunes it using reduced-error pruning (with backfitting). Only sorts values for numeric attributes once. Missing values are dealt with by splitting the corresponding instances into pieces (i.e. as in C4.5)."
    }
  }, 
  {
    "pk": 38, 
    "model": "workflows.abstractinput", 
    "fields": {
      "widget": 18, 
      "name": "Timeout", 
      "short_name": "to", 
      "uid": "1f6b1b09-1319-45a8-a785-83afa47649fb", 
      "default": "60", 
      "required": false, 
      "multi": false, 
      "parameter_type": "text", 
      "variable": "timeout", 
      "parameter": true, 
      "order": 1, 
      "description": ""
    }
  }, 
  {
    "pk": 39, 
    "model": "workflows.abstractinput", 
    "fields": {
      "widget": 18, 
      "name": "Send empty strings to webservices", 
      "short_name": "ses", 
      "uid": "48127408-7f94-47bc-93d7-723787cccbe9", 
      "default": "true", 
      "required": false, 
      "multi": false, 
      "parameter_type": "checkbox", 
      "variable": "sendemptystrings", 
      "parameter": true, 
      "order": 2, 
      "description": ""
    }
  }, 
  {
    "pk": 40, 
    "model": "workflows.abstractinput", 
    "fields": {
      "widget": 18, 
      "name": "Params", 
      "short_name": "par", 
      "uid": "0cd58b20-a46d-42ba-b1ea-e63f77bce087", 
      "default": "", 
      "required": false, 
      "multi": false, 
      "parameter_type": "text", 
      "variable": "params", 
      "parameter": true, 
      "order": 3, 
      "description": ""
    }
  }, 
  {
    "pk": 13, 
    "model": "workflows.abstractoutput", 
    "fields": {
      "widget": 18, 
      "name": "REPTree Learner", 
      "short_name": "lrn", 
      "variable": "REPTree_learner", 
      "uid": "6b3e9710-6b9b-492c-808a-52a9f4476c65", 
      "order": 1, 
      "description": ""
    }
  }, 
  {
    "pk": 19, 
    "model": "workflows.abstractwidget", 
    "fields": {
      "category": 4, 
      "treeview_image": "treeview/Toolbar_-_Loop.png", 
      "windows_queue": false, 
      "name": "Random Tree", 
      "is_streaming": false, 
      "uid": "0adcbc66-4b1a-475b-b82f-42682050c8f4", 
      "interaction_view": "", 
      "image": "images/Toolbar_-_Loop.png", 
      "package": "weka", 
      "static_image": "WEKA_RandomTree.png", 
      "post_interact_action": "", 
      "user": 1, 
      "visualization_view": "", 
      "streaming_visualization_view": "", 
      "action": "call_webservice", 
      "wsdl_method": "RandomTree", 
      "wsdl": "http://vihar.ijs.si:8092/Classification?wsdl", 
      "interactive": false, 
      "has_progress_bar": false, 
      "order": 1, 
      "description": "A tree that considers K randomly chosen attributes at each node, and performs no pruning."
    }
  }, 
  {
    "pk": 41, 
    "model": "workflows.abstractinput", 
    "fields": {
      "widget": 19, 
      "name": "Timeout", 
      "short_name": "to", 
      "uid": "ba293824-883c-463c-aefc-b7f3d6617dec", 
      "default": "60", 
      "required": false, 
      "multi": false, 
      "parameter_type": "text", 
      "variable": "timeout", 
      "parameter": true, 
      "order": 1, 
      "description": ""
    }
  }, 
  {
    "pk": 42, 
    "model": "workflows.abstractinput", 
    "fields": {
      "widget": 19, 
      "name": "Send empty strings to webservices", 
      "short_name": "ses", 
      "uid": "4061b687-c92d-4eca-9e2a-b420bb2b8611", 
      "default": "true", 
      "required": false, 
      "multi": false, 
      "parameter_type": "checkbox", 
      "variable": "sendemptystrings", 
      "parameter": true, 
      "order": 2, 
      "description": ""
    }
  }, 
  {
    "pk": 43, 
    "model": "workflows.abstractinput", 
    "fields": {
      "widget": 19, 
      "name": "Params", 
      "short_name": "par", 
      "uid": "b38f475d-34b7-4892-9ae2-2f1c0fbcd753", 
      "default": "", 
      "required": false, 
      "multi": false, 
      "parameter_type": "text", 
      "variable": "params", 
      "parameter": true, 
      "order": 3, 
      "description": ""
    }
  }, 
  {
    "pk": 14, 
    "model": "workflows.abstractoutput", 
    "fields": {
      "widget": 19, 
      "name": "RandomTree Learner", 
      "short_name": "lrn", 
      "variable": "RandomTree_learner", 
      "uid": "26150fbf-2b4c-4ab4-b227-df9c941febed", 
      "order": 1, 
      "description": ""
    }
  }, 
  {
    "pk": 20, 
    "model": "workflows.abstractwidget", 
    "fields": {
      "category": 4, 
      "treeview_image": "treeview/120px-Gears_icon.png", 
      "windows_queue": false, 
      "name": "RandomForest", 
      "is_streaming": false, 
      "uid": "a86057ba-aa1f-40fe-a548-e6c3259b7a6e", 
      "interaction_view": "", 
      "image": "images/120px-Gears_icon.png", 
      "package": "weka", 
      "static_image": "WEKA_RandomForest.png", 
      "post_interact_action": "", 
      "user": 1, 
      "visualization_view": "", 
      "streaming_visualization_view": "", 
      "action": "call_webservice", 
      "wsdl_method": "RandomForest", 
      "wsdl": "http://vihar.ijs.si:8092/Classification?wsdl", 
      "interactive": false, 
      "has_progress_bar": false, 
      "order": 1, 
      "description": "Random Forest learner."
    }
  }, 
  {
    "pk": 44, 
    "model": "workflows.abstractinput", 
    "fields": {
      "widget": 20, 
      "name": "Timeout", 
      "short_name": "to", 
      "uid": "d88bcf23-9d76-4ac7-9335-1a480ba93db7", 
      "default": "60", 
      "required": false, 
      "multi": false, 
      "parameter_type": "text", 
      "variable": "timeout", 
      "parameter": true, 
      "order": 1, 
      "description": ""
    }
  }, 
  {
    "pk": 45, 
    "model": "workflows.abstractinput", 
    "fields": {
      "widget": 20, 
      "name": "Send empty strings to webservices", 
      "short_name": "ses", 
      "uid": "e91780de-4643-4e7d-86a7-6fe3f4d81324", 
      "default": "true", 
      "required": false, 
      "multi": false, 
      "parameter_type": "checkbox", 
      "variable": "sendemptystrings", 
      "parameter": true, 
      "order": 2, 
      "description": ""
    }
  }, 
  {
    "pk": 46, 
    "model": "workflows.abstractinput", 
    "fields": {
      "widget": 20, 
      "name": "Params", 
      "short_name": "par", 
      "uid": "7e7e0abe-932b-48e0-937b-cc6285f08ac7", 
      "default": "", 
      "required": false, 
      "multi": false, 
      "parameter_type": "text", 
      "variable": "params", 
      "parameter": true, 
      "order": 3, 
      "description": ""
    }
  }, 
  {
    "pk": 15, 
    "model": "workflows.abstractoutput", 
    "fields": {
      "widget": 20, 
      "name": "RandomForest Learner", 
      "short_name": "lrn", 
      "variable": "RandomForest_learner", 
      "uid": "5fcca051-bda1-44b3-b8d9-199fef38d0b4", 
      "order": 1, 
      "description": ""
    }
  }, 
  {
    "pk": 21, 
    "model": "workflows.abstractwidget", 
    "fields": {
      "category": 4, 
      "treeview_image": "", 
      "windows_queue": false, 
      "name": "SMO", 
      "is_streaming": false, 
      "uid": "9fa88a17-5a6a-4173-88bf-8458dc24baea", 
      "interaction_view": "", 
      "image": "", 
      "package": "weka", 
      "static_image": "WEKA_SMO.png", 
      "post_interact_action": "", 
      "user": 1, 
      "visualization_view": "", 
      "streaming_visualization_view": "", 
      "action": "call_webservice", 
      "wsdl_method": "SMO", 
      "wsdl": "http://vihar.ijs.si:8092/Classification?wsdl", 
      "interactive": false, 
      "has_progress_bar": false, 
      "order": 1, 
      "description": "A support vector classifier, trained using a sequential minimal optimization algorithm."
    }
  }, 
  {
    "pk": 47, 
    "model": "workflows.abstractinput", 
    "fields": {
      "widget": 21, 
      "name": "Timeout", 
      "short_name": "to", 
      "uid": "88f3ce4a-fd3e-45a3-bacf-94bb6ae183e1", 
      "default": "60", 
      "required": false, 
      "multi": false, 
      "parameter_type": "text", 
      "variable": "timeout", 
      "parameter": true, 
      "order": 1, 
      "description": ""
    }
  }, 
  {
    "pk": 48, 
    "model": "workflows.abstractinput", 
    "fields": {
      "widget": 21, 
      "name": "Send empty strings to webservices", 
      "short_name": "ses", 
      "uid": "69e8a087-14b7-4539-bea2-07450fb40cdd", 
      "default": "true", 
      "required": false, 
      "multi": false, 
      "parameter_type": "checkbox", 
      "variable": "sendemptystrings", 
      "parameter": true, 
      "order": 2, 
      "description": ""
    }
  }, 
  {
    "pk": 49, 
    "model": "workflows.abstractinput", 
    "fields": {
      "widget": 21, 
      "name": "Params", 
      "short_name": "par", 
      "uid": "fbd439ac-767f-4923-b9d9-7be4c61e2c4a", 
      "default": "", 
      "required": false, 
      "multi": false, 
      "parameter_type": "text", 
      "variable": "params", 
      "parameter": true, 
      "order": 3, 
      "description": ""
    }
  }, 
  {
    "pk": 16, 
    "model": "workflows.abstractoutput", 
    "fields": {
      "widget": 21, 
      "name": "SMO Learner", 
      "short_name": "lrn", 
      "variable": "SMO_learner", 
      "uid": "fdb2e4fb-85e1-41b7-b1af-96e3779ff751", 
      "order": 1, 
      "description": ""
    }
  }, 
  {
    "pk": 5, 
    "model": "workflows.category", 
    "fields": {
      "uid": "6d75faa7-c547-475c-8b96-04b78d4ff402", 
      "parent": 3, 
      "workflow": null, 
      "user": null, 
      "order": 1, 
      "name": "Evaluation"
    }
  }, 
  {
    "pk": 22, 
    "model": "workflows.abstractwidget", 
    "fields": {
      "category": 5, 
      "treeview_image": "", 
      "windows_queue": false, 
      "name": "Apply Classifier", 
      "is_streaming": false, 
      "uid": "86315b53-900f-4844-b41e-019f91afd955", 
      "interaction_view": "", 
      "image": "", 
      "package": "weka", 
      "static_image": "WEKA_ApplyClassifier.png", 
      "post_interact_action": "", 
      "user": 1, 
      "visualization_view": "", 
      "streaming_visualization_view": "", 
      "action": "call_webservice", 
      "wsdl_method": "apply_classifier", 
      "wsdl": "http://vihar.ijs.si:8092/Evaluation?wsdl", 
      "interactive": false, 
      "has_progress_bar": false, 
      "order": 1, 
      "description": "Apply the provided classifier on the provided data."
    }
  }, 
  {
    "pk": 50, 
    "model": "workflows.abstractinput", 
    "fields": {
      "widget": 22, 
      "name": "Timeout", 
      "short_name": "to", 
      "uid": "542b8e26-bc86-4e7c-8595-01911478f235", 
      "default": "60", 
      "required": false, 
      "multi": false, 
      "parameter_type": "text", 
      "variable": "timeout", 
      "parameter": true, 
      "order": 1, 
      "description": ""
    }
  }, 
  {
    "pk": 51, 
    "model": "workflows.abstractinput", 
    "fields": {
      "widget": 22, 
      "name": "Send empty strings to webservices", 
      "short_name": "ses", 
      "uid": "80e54d5f-d86f-4681-8bad-8b37cc1ec2c3", 
      "default": "true", 
      "required": false, 
      "multi": false, 
      "parameter_type": "checkbox", 
      "variable": "sendemptystrings", 
      "parameter": true, 
      "order": 2, 
      "description": ""
    }
  }, 
  {
    "pk": 52, 
    "model": "workflows.abstractinput", 
    "fields": {
      "widget": 22, 
      "name": "Classifier", 
      "short_name": "cla", 
      "uid": "09c54f59-0beb-4300-b682-47ebd63b71c9", 
      "default": "", 
      "required": false, 
      "multi": false, 
      "parameter_type": null, 
      "variable": "classifier", 
      "parameter": false, 
      "order": 3, 
      "description": "to be applied on data.\r\n\r\nProvided by:\r\nWeka Build Classifier"
    }
  }, 
  {
    "pk": 53, 
    "model": "workflows.abstractinput", 
    "fields": {
      "widget": 22, 
      "name": "Instances", 
      "short_name": "ins", 
      "uid": "c22197af-f60b-4b76-b40e-516c17c9e1ab", 
      "default": "", 
      "required": false, 
      "multi": false, 
      "parameter_type": null, 
      "variable": "instances", 
      "parameter": false, 
      "order": 4, 
      "description": "to be classified.\r\n\r\nProvided by:\r\nArff to Weka Instances"
    }
  }, 
  {
    "pk": 17, 
    "model": "workflows.abstractoutput", 
    "fields": {
      "widget": 22, 
      "name": "Classes", 
      "short_name": "cls", 
      "variable": "classes", 
      "uid": "9b29be8c-d5e9-46c5-84a8-530275037210", 
      "order": 1, 
      "description": "based on the provided classifier and data."
    }
  }, 
  {
    "pk": 23, 
    "model": "workflows.abstractwidget", 
    "fields": {
      "category": 5, 
      "treeview_image": "", 
      "windows_queue": false, 
      "name": "Apply Clusterer", 
      "is_streaming": false, 
      "uid": "c8b8dcb1-9eea-4c94-b42a-fa3eeac1c771", 
      "interaction_view": "", 
      "image": "", 
      "package": "weka", 
      "static_image": "WEKA_ApplyClusterer.png", 
      "post_interact_action": "", 
      "user": 1, 
      "visualization_view": "", 
      "streaming_visualization_view": "", 
      "action": "call_webservice", 
      "wsdl_method": "apply_clusterer", 
      "wsdl": "http://vihar.ijs.si:8092/Evaluation?wsdl", 
      "interactive": false, 
      "has_progress_bar": false, 
      "order": 1, 
      "description": "Creates data clusters based on the provided clusterer."
    }
  }, 
  {
    "pk": 54, 
    "model": "workflows.abstractinput", 
    "fields": {
      "widget": 23, 
      "name": "Timeout", 
      "short_name": "to", 
      "uid": "09b6a103-7879-469c-bf8b-712f80de4b52", 
      "default": "60", 
      "required": false, 
      "multi": false, 
      "parameter_type": "text", 
      "variable": "timeout", 
      "parameter": true, 
      "order": 1, 
      "description": ""
    }
  }, 
  {
    "pk": 55, 
    "model": "workflows.abstractinput", 
    "fields": {
      "widget": 23, 
      "name": "Send empty strings to webservices", 
      "short_name": "ses", 
      "uid": "416696a5-40bf-41bb-afd6-dd9f89c4246f", 
      "default": "true", 
      "required": false, 
      "multi": false, 
      "parameter_type": "checkbox", 
      "variable": "sendemptystrings", 
      "parameter": true, 
      "order": 2, 
      "description": ""
    }
  }, 
  {
    "pk": 56, 
    "model": "workflows.abstractinput", 
    "fields": {
      "widget": 23, 
      "name": "Clusterer", 
      "short_name": "clu", 
      "uid": "5b14518d-51a9-4638-9231-dd73d19b6b3c", 
      "default": "", 
      "required": false, 
      "multi": false, 
      "parameter_type": null, 
      "variable": "clusterer", 
      "parameter": false, 
      "order": 3, 
      "description": "Clusterer provided for clustering data."
    }
  }, 
  {
    "pk": 57, 
    "model": "workflows.abstractinput", 
    "fields": {
      "widget": 23, 
      "name": "Instances", 
      "short_name": "ins", 
      "uid": "278891e3-2530-4c9b-9871-57e6b6ad4070", 
      "default": "", 
      "required": false, 
      "multi": false, 
      "parameter_type": null, 
      "variable": "instances", 
      "parameter": false, 
      "order": 4, 
      "description": "Provided data."
    }
  }, 
  {
    "pk": 18, 
    "model": "workflows.abstractoutput", 
    "fields": {
      "widget": 23, 
      "name": "Clusters", 
      "short_name": "clu", 
      "variable": "clusters", 
      "uid": "10685da4-1505-46f5-aed3-30e7228eaaa6", 
      "order": 1, 
      "description": "Clusters based on provided clusterer and data"
    }
  }, 
  {
    "pk": 19, 
    "model": "workflows.abstractoutput", 
    "fields": {
      "widget": 23, 
      "name": "Number of Clusters", 
      "short_name": "num", 
      "variable": "number_of_clusters", 
      "uid": "618a6e7b-54a2-4ee0-8356-6819a88451c7", 
      "order": 2, 
      "description": "Number of data clusters based on the clustering done"
    }
  }, 
  {
    "pk": 20, 
    "model": "workflows.abstractoutput", 
    "fields": {
      "widget": 23, 
      "name": "Centroids", 
      "short_name": "cen", 
      "variable": "centroids", 
      "uid": "39951e7d-8354-49b6-aa26-cbbc5be2285a", 
      "order": 3, 
      "description": "Number of centroids based on the clustering done"
    }
  }, 
  {
    "pk": 349, 
    "model": "workflows.abstractwidget", 
    "fields": {
      "category": 5, 
      "treeview_image": "", 
      "windows_queue": false, 
      "name": "Apply classifier and get instances", 
      "is_streaming": false, 
      "uid": "955f7bed-5341-4c7a-b6fc-a260e15095f5", 
      "interaction_view": "", 
      "image": "", 
      "package": "weka", 
      "static_image": "WEKA_ApplyClassifier.png", 
      "post_interact_action": "", 
      "user": null, 
      "visualization_view": "", 
      "streaming_visualization_view": "", 
      "action": "call_webservice", 
      "wsdl_method": "apply_classifier_get_instances", 
      "wsdl": "http://vihar.ijs.si:8092/Evaluation?wsdl", 
      "interactive": false, 
      "has_progress_bar": false, 
      "order": 1, 
      "description": ""
    }
  }, 
  {
    "pk": 881, 
    "model": "workflows.abstractinput", 
    "fields": {
      "widget": 349, 
      "name": "Timeout", 
      "short_name": "to", 
      "uid": "f706b0cf-0361-4bb6-b7d5-190d184802db", 
      "default": "60", 
      "required": false, 
      "multi": false, 
      "parameter_type": "text", 
      "variable": "timeout", 
      "parameter": true, 
      "order": 1, 
      "description": ""
    }
  }, 
  {
    "pk": 882, 
    "model": "workflows.abstractinput", 
    "fields": {
      "widget": 349, 
      "name": "Send empty strings to webservices", 
      "short_name": "ses", 
      "uid": "ee7f6b67-f6ef-4801-afdc-e7aab6656dd7", 
      "default": "", 
      "required": false, 
      "multi": false, 
      "parameter_type": "checkbox", 
      "variable": "sendemptystrings", 
      "parameter": true, 
      "order": 2, 
      "description": ""
    }
  }, 
  {
    "pk": 883, 
    "model": "workflows.abstractinput", 
    "fields": {
      "widget": 349, 
      "name": "classifier", 
      "short_name": "cla", 
      "uid": "ddfb91ef-af1f-4f69-b169-1765166b99ee", 
      "default": "", 
      "required": false, 
      "multi": false, 
      "parameter_type": null, 
      "variable": "classifier", 
      "parameter": false, 
      "order": 3, 
      "description": ""
    }
  }, 
  {
    "pk": 884, 
    "model": "workflows.abstractinput", 
    "fields": {
      "widget": 349, 
      "name": "instances", 
      "short_name": "ins", 
      "uid": "5d68936c-6cfc-446e-95e7-2c3173a6232c", 
      "default": "", 
      "required": false, 
      "multi": false, 
      "parameter_type": null, 
      "variable": "instances", 
      "parameter": false, 
      "order": 4, 
      "description": ""
    }
  }, 
  {
    "pk": 383, 
    "model": "workflows.abstractoutput", 
    "fields": {
      "widget": 349, 
      "name": "instances", 
      "short_name": "ins", 
      "variable": "instances", 
      "uid": "0426dbe9-6d92-4b6d-8449-d40f6a7f23c5", 
      "order": 1, 
      "description": ""
    }
  }, 
  {
    "pk": 358, 
    "model": "workflows.abstractwidget", 
    "fields": {
      "category": 5, 
      "treeview_image": "", 
      "windows_queue": false, 
      "name": "Apply mapped classifier", 
      "is_streaming": false, 
      "uid": "d140512f-b11c-4e48-86c2-6b5680be94b3", 
      "interaction_view": "", 
      "image": "", 
      "package": "weka", 
      "static_image": "WEKA_ApplyClassifier.png", 
      "post_interact_action": "", 
      "user": null, 
      "visualization_view": "", 
      "streaming_visualization_view": "", 
      "action": "call_webservice", 
      "wsdl_method": "apply_mapped_classifier", 
      "wsdl": "http://vihar.ijs.si:8092/Evaluation?wsdl", 
      "interactive": false, 
      "has_progress_bar": false, 
      "order": 1, 
      "description": ""
    }
  }, 
  {
    "pk": 915, 
    "model": "workflows.abstractinput", 
    "fields": {
      "widget": 358, 
      "name": "Timeout", 
      "short_name": "to", 
      "uid": "32ac641a-6d45-473f-b1b8-aeb9dc8ddb68", 
      "default": "60", 
      "required": false, 
      "multi": false, 
      "parameter_type": "text", 
      "variable": "timeout", 
      "parameter": true, 
      "order": 1, 
      "description": ""
    }
  }, 
  {
    "pk": 916, 
    "model": "workflows.abstractinput", 
    "fields": {
      "widget": 358, 
      "name": "Send empty strings to webservices", 
      "short_name": "ses", 
      "uid": "10589bee-7632-4fa6-97e2-8035fa149dda", 
      "default": "", 
      "required": false, 
      "multi": false, 
      "parameter_type": "checkbox", 
      "variable": "sendemptystrings", 
      "parameter": true, 
      "order": 2, 
      "description": ""
    }
  }, 
  {
    "pk": 917, 
    "model": "workflows.abstractinput", 
    "fields": {
      "widget": 358, 
      "name": "classifier", 
      "short_name": "cla", 
      "uid": "9c48f769-7282-4517-addc-fd9478cd1e01", 
      "default": "", 
      "required": false, 
      "multi": false, 
      "parameter_type": null, 
      "variable": "classifier", 
      "parameter": false, 
      "order": 3, 
      "description": ""
    }
  }, 
  {
    "pk": 918, 
    "model": "workflows.abstractinput", 
    "fields": {
      "widget": 358, 
      "name": "original_training_instances", 
      "short_name": "ori", 
      "uid": "130682bd-fea0-405f-ad15-48a8a8f07bae", 
      "default": "", 
      "required": false, 
      "multi": false, 
      "parameter_type": null, 
      "variable": "original_training_instances", 
      "parameter": false, 
      "order": 4, 
      "description": ""
    }
  }, 
  {
    "pk": 919, 
    "model": "workflows.abstractinput", 
    "fields": {
      "widget": 358, 
      "name": "instances", 
      "short_name": "ins", 
      "uid": "f03406cb-272d-4b4b-a17b-c7c5a8b0b9df", 
      "default": "", 
      "required": false, 
      "multi": false, 
      "parameter_type": null, 
      "variable": "instances", 
      "parameter": false, 
      "order": 5, 
      "description": ""
    }
  }, 
  {
    "pk": 402, 
    "model": "workflows.abstractoutput", 
    "fields": {
      "widget": 358, 
      "name": "classes", 
      "short_name": "cla", 
      "variable": "classes", 
      "uid": "d52744ba-03c1-40a7-a2be-d777b1c6b90e", 
      "order": 1, 
      "description": ""
    }
  }, 
  {
    "pk": 403, 
    "model": "workflows.abstractoutput", 
    "fields": {
      "widget": 358, 
      "name": "mapping_report", 
      "short_name": "map", 
      "variable": "mapping_report", 
      "uid": "69c17d1d-87c1-4fff-9602-9a7e72da946a", 
      "order": 2, 
      "description": ""
    }
  }, 
  {
    "pk": 361, 
    "model": "workflows.abstractwidget", 
    "fields": {
      "category": 5, 
      "treeview_image": "", 
      "windows_queue": false, 
      "name": "Apply mapped classifier get instances", 
      "is_streaming": false, 
      "uid": "c4138988-fc97-4daf-bfe8-b4e6299e3ca0", 
      "interaction_view": "", 
      "image": "", 
      "package": "weka", 
      "static_image": "WEKA_ApplyClassifier.png", 
      "post_interact_action": "", 
      "user": null, 
      "visualization_view": "", 
      "streaming_visualization_view": "", 
      "action": "call_webservice", 
      "wsdl_method": "apply_mapped_classifier_get_instances", 
      "wsdl": "http://vihar.ijs.si:8092/Evaluation?wsdl", 
      "interactive": false, 
      "has_progress_bar": false, 
      "order": 1, 
      "description": ""
    }
  }, 
  {
    "pk": 928, 
    "model": "workflows.abstractinput", 
    "fields": {
      "widget": 361, 
      "name": "Timeout", 
      "short_name": "to", 
      "uid": "53380691-204b-40b5-90f0-fedea051dd23", 
      "default": "60", 
      "required": false, 
      "multi": false, 
      "parameter_type": "text", 
      "variable": "timeout", 
      "parameter": true, 
      "order": 1, 
      "description": ""
    }
  }, 
  {
    "pk": 929, 
    "model": "workflows.abstractinput", 
    "fields": {
      "widget": 361, 
      "name": "Send empty strings to webservices", 
      "short_name": "ses", 
      "uid": "99dd0cf1-5bfb-428d-bd0f-e4bd5111337c", 
      "default": "", 
      "required": false, 
      "multi": false, 
      "parameter_type": "checkbox", 
      "variable": "sendemptystrings", 
      "parameter": true, 
      "order": 2, 
      "description": ""
    }
  }, 
  {
    "pk": 930, 
    "model": "workflows.abstractinput", 
    "fields": {
      "widget": 361, 
      "name": "classifier", 
      "short_name": "cla", 
      "uid": "3195ea76-f4f1-442b-b824-833b0f132920", 
      "default": "", 
      "required": false, 
      "multi": false, 
      "parameter_type": null, 
      "variable": "classifier", 
      "parameter": false, 
      "order": 3, 
      "description": ""
    }
  }, 
  {
    "pk": 931, 
    "model": "workflows.abstractinput", 
    "fields": {
      "widget": 361, 
      "name": "original_training_instances", 
      "short_name": "ori", 
      "uid": "e7f4e700-08b6-4568-91aa-e06937d5e8d7", 
      "default": "", 
      "required": false, 
      "multi": false, 
      "parameter_type": null, 
      "variable": "original_training_instances", 
      "parameter": false, 
      "order": 4, 
      "description": ""
    }
  }, 
  {
    "pk": 932, 
    "model": "workflows.abstractinput", 
    "fields": {
      "widget": 361, 
      "name": "instances", 
      "short_name": "ins", 
      "uid": "77403ebd-7c9b-43c7-a2c7-95087c621eb2", 
      "default": "", 
      "required": false, 
      "multi": false, 
      "parameter_type": null, 
      "variable": "instances", 
      "parameter": false, 
      "order": 5, 
      "description": ""
    }
  }, 
  {
    "pk": 406, 
    "model": "workflows.abstractoutput", 
    "fields": {
      "widget": 361, 
      "name": "instances", 
      "short_name": "ins", 
      "variable": "instances", 
      "uid": "fcba6a34-ccc8-4eec-b3b5-064d9fa742df", 
      "order": 1, 
      "description": ""
    }
  }, 
  {
    "pk": 407, 
    "model": "workflows.abstractoutput", 
    "fields": {
      "widget": 361, 
      "name": "mapping_report", 
      "short_name": "map", 
      "variable": "mapping_report", 
      "uid": "c1be3d7b-4611-4337-90d3-bc0c4958cb82", 
      "order": 2, 
      "description": ""
    }
  }, 
  {
    "pk": 24, 
    "model": "workflows.abstractwidget", 
    "fields": {
      "category": 5, 
      "treeview_image": "", 
      "windows_queue": false, 
      "name": "Build Classifier", 
      "is_streaming": false, 
      "uid": "904dbc2d-1de8-4b97-a48f-e6ea84753f6a", 
      "interaction_view": "", 
      "image": "", 
      "package": "weka", 
      "static_image": "WEKA_BuildClassifier.png", 
      "post_interact_action": "", 
      "user": 1, 
      "visualization_view": "", 
      "streaming_visualization_view": "", 
      "action": "call_webservice", 
      "wsdl_method": "build_classifier", 
      "wsdl": "http://vihar.ijs.si:8092/Evaluation?wsdl", 
      "interactive": false, 
      "has_progress_bar": false, 
      "order": 1, 
      "description": "Build a classifier based on provided learner and data."
    }
  }, 
  {
    "pk": 58, 
    "model": "workflows.abstractinput", 
    "fields": {
      "widget": 24, 
      "name": "Timeout", 
      "short_name": "to", 
      "uid": "e3d4fe8d-8b9d-45ff-a3a4-de7ce9a29327", 
      "default": "60", 
      "required": false, 
      "multi": false, 
      "parameter_type": "text", 
      "variable": "timeout", 
      "parameter": true, 
      "order": 1, 
      "description": ""
    }
  }, 
  {
    "pk": 59, 
    "model": "workflows.abstractinput", 
    "fields": {
      "widget": 24, 
      "name": "Send empty strings to webservices", 
      "short_name": "ses", 
      "uid": "8b63a66a-2a37-41d0-8c55-8b92f98fc79f", 
      "default": "true", 
      "required": false, 
      "multi": false, 
      "parameter_type": "checkbox", 
      "variable": "sendemptystrings", 
      "parameter": true, 
      "order": 2, 
      "description": ""
    }
  }, 
  {
    "pk": 60, 
    "model": "workflows.abstractinput", 
    "fields": {
      "widget": 24, 
      "name": "Learner", 
      "short_name": "lea", 
      "uid": "17b77977-c7fd-4a1e-8bdd-e57dda0495d9", 
      "default": "", 
      "required": false, 
      "multi": false, 
      "parameter_type": null, 
      "variable": "learner", 
      "parameter": false, 
      "order": 3, 
      "description": "used to build the classifier.\r\n\r\nProvided by:\r\na Weka Classification widget"
    }
  }, 
  {
    "pk": 61, 
    "model": "workflows.abstractinput", 
    "fields": {
      "widget": 24, 
      "name": "Instances", 
      "short_name": "ins", 
      "uid": "1c36937f-7127-48a5-b086-ab3356e8db7d", 
      "default": "", 
      "required": false, 
      "multi": false, 
      "parameter_type": null, 
      "variable": "instances", 
      "parameter": false, 
      "order": 4, 
      "description": "to be used by the provided learner to create a classifier.\r\n\r\nProvided by:\r\nArff to Weka Instances"
    }
  }, 
  {
    "pk": 21, 
    "model": "workflows.abstractoutput", 
    "fields": {
      "widget": 24, 
      "name": "Classifier", 
      "short_name": "cla", 
      "variable": "classifier", 
      "uid": "764cd629-5f3a-44b7-ab8f-a71edd9363c7", 
      "order": 1, 
      "description": "based on the provided data and learner.\r\n\r\nUsed by:\r\nWeka Apply Classifier"
    }
  }, 
  {
    "pk": 25, 
    "model": "workflows.abstractwidget", 
    "fields": {
      "category": 5, 
      "treeview_image": "", 
      "windows_queue": false, 
      "name": "Build Clusterer", 
      "is_streaming": false, 
      "uid": "533bec7f-539a-4a95-b883-a841bf3b0118", 
      "interaction_view": "", 
      "image": "", 
      "package": "weka", 
      "static_image": "WEKA_BuildClusterer.png", 
      "post_interact_action": "", 
      "user": 1, 
      "visualization_view": "", 
      "streaming_visualization_view": "", 
      "action": "call_webservice", 
      "wsdl_method": "build_clusterer", 
      "wsdl": "http://vihar.ijs.si:8092/Evaluation?wsdl", 
      "interactive": false, 
      "has_progress_bar": false, 
      "order": 1, 
      "description": "Build a clusterer based on provided learner and data."
    }
  }, 
  {
    "pk": 62, 
    "model": "workflows.abstractinput", 
    "fields": {
      "widget": 25, 
      "name": "Timeout", 
      "short_name": "to", 
      "uid": "db17d2bf-4d1e-49cd-863c-2055246de11c", 
      "default": "60", 
      "required": false, 
      "multi": false, 
      "parameter_type": "text", 
      "variable": "timeout", 
      "parameter": true, 
      "order": 1, 
      "description": ""
    }
  }, 
  {
    "pk": 63, 
    "model": "workflows.abstractinput", 
    "fields": {
      "widget": 25, 
      "name": "Send empty strings to webservices", 
      "short_name": "ses", 
      "uid": "21155ff6-e3dc-4b73-99be-7070bc16a7ac", 
      "default": "true", 
      "required": false, 
      "multi": false, 
      "parameter_type": "checkbox", 
      "variable": "sendemptystrings", 
      "parameter": true, 
      "order": 2, 
      "description": ""
    }
  }, 
  {
    "pk": 64, 
    "model": "workflows.abstractinput", 
    "fields": {
      "widget": 25, 
      "name": "Learner", 
      "short_name": "lea", 
      "uid": "eec2f308-1c5e-4de3-b60d-59b4f19d7aa6", 
      "default": "", 
      "required": false, 
      "multi": false, 
      "parameter_type": null, 
      "variable": "learner", 
      "parameter": false, 
      "order": 3, 
      "description": "used to build the clusterer."
    }
  }, 
  {
    "pk": 65, 
    "model": "workflows.abstractinput", 
    "fields": {
      "widget": 25, 
      "name": "Instances", 
      "short_name": "ins", 
      "uid": "da953155-8ed2-416b-b739-bed4fd748dda", 
      "default": "", 
      "required": false, 
      "multi": false, 
      "parameter_type": null, 
      "variable": "instances", 
      "parameter": false, 
      "order": 4, 
      "description": "to be used by the provided learner to create a clusterer."
    }
  }, 
  {
    "pk": 22, 
    "model": "workflows.abstractoutput", 
    "fields": {
      "widget": 25, 
      "name": "Clusterer", 
      "short_name": "clu", 
      "variable": "clusterer", 
      "uid": "777aeed1-65ad-478b-9b2f-058e2441f13f", 
      "order": 1, 
      "description": "based on the provided data and learner."
    }
  }, 
  {
    "pk": 26, 
    "model": "workflows.abstractwidget", 
    "fields": {
      "category": 5, 
      "treeview_image": "", 
      "windows_queue": false, 
      "name": "Cross Validate", 
      "is_streaming": false, 
      "uid": "272f5485-8081-4483-8321-118599817882", 
      "interaction_view": "", 
      "image": "", 
      "package": "weka", 
      "static_image": "WEKA_CrossVal.png", 
      "post_interact_action": "", 
      "user": 1, 
      "visualization_view": "", 
      "streaming_visualization_view": "", 
      "action": "call_webservice", 
      "wsdl_method": "cross_validate", 
      "wsdl": "http://vihar.ijs.si:8092/Evaluation?wsdl", 
      "interactive": false, 
      "has_progress_bar": false, 
      "order": 1, 
      "description": "Evaluate a model using cross validation."
    }
  }, 
  {
    "pk": 66, 
    "model": "workflows.abstractinput", 
    "fields": {
      "widget": 26, 
      "name": "Timeout", 
      "short_name": "to", 
      "uid": "db8ea5c9-738b-44c1-bcd9-9b704a8798c6", 
      "default": "60", 
      "required": false, 
      "multi": false, 
      "parameter_type": "text", 
      "variable": "timeout", 
      "parameter": true, 
      "order": 1, 
      "description": ""
    }
  }, 
  {
    "pk": 67, 
    "model": "workflows.abstractinput", 
    "fields": {
      "widget": 26, 
      "name": "Send empty strings to webservices", 
      "short_name": "ses", 
      "uid": "f5f83294-4688-4244-8b8a-95df71859fb0", 
      "default": "true", 
      "required": false, 
      "multi": false, 
      "parameter_type": "checkbox", 
      "variable": "sendemptystrings", 
      "parameter": true, 
      "order": 2, 
      "description": ""
    }
  }, 
  {
    "pk": 68, 
    "model": "workflows.abstractinput", 
    "fields": {
      "widget": 26, 
      "name": "Learner", 
      "short_name": "lrn", 
      "uid": "5ddb24a4-f7ad-4d31-9a3d-8c18da1361a2", 
      "default": "", 
      "required": false, 
      "multi": false, 
      "parameter_type": null, 
      "variable": "learner", 
      "parameter": false, 
      "order": 3, 
      "description": ""
    }
  }, 
  {
    "pk": 69, 
    "model": "workflows.abstractinput", 
    "fields": {
      "widget": 26, 
      "name": "Instances", 
      "short_name": "ins", 
      "uid": "91c0ad22-1d1b-4f0b-8ea9-be94be1ade29", 
      "default": "", 
      "required": false, 
      "multi": false, 
      "parameter_type": null, 
      "variable": "instances", 
      "parameter": false, 
      "order": 4, 
      "description": ""
    }
  }, 
  {
    "pk": 70, 
    "model": "workflows.abstractinput", 
    "fields": {
      "widget": 26, 
      "name": "Folds", 
      "short_name": "fol", 
      "uid": "1a99446a-c3bd-40b4-996a-eb1af12fbf65", 
      "default": "", 
      "required": false, 
      "multi": false, 
      "parameter_type": "text", 
      "variable": "folds", 
      "parameter": true, 
      "order": 5, 
      "description": ""
    }
  }, 
  {
    "pk": 23, 
    "model": "workflows.abstractoutput", 
    "fields": {
      "widget": 26, 
      "name": "Accuracy", 
      "short_name": "acc", 
      "variable": "accuracy", 
      "uid": "1030110c-bab6-4dbd-b19e-549ea1c94450", 
      "order": 1, 
      "description": ""
    }
  }, 
  {
    "pk": 24, 
    "model": "workflows.abstractoutput", 
    "fields": {
      "widget": 26, 
      "name": "Confusion matrix", 
      "short_name": "con", 
      "variable": "confusion_matrix", 
      "uid": "b6b27c8f-ce52-4e01-bdf2-de6011a42f44", 
      "order": 2, 
      "description": ""
    }
  }, 
  {
    "pk": 25, 
    "model": "workflows.abstractoutput", 
    "fields": {
      "widget": 26, 
      "name": "Accuracy by class", 
      "short_name": "acc", 
      "variable": "accuracy_by_class", 
      "uid": "ca272653-396e-4a43-a94c-dc86029728eb", 
      "order": 3, 
      "description": ""
    }
  }, 
  {
    "pk": 26, 
    "model": "workflows.abstractoutput", 
    "fields": {
      "widget": 26, 
      "name": "Summary", 
      "short_name": "sum", 
      "variable": "summary", 
      "uid": "997d0a9d-273d-47df-8aaf-3e74e35d6b7d", 
      "order": 4, 
      "description": ""
    }
  }, 
  {
    "pk": 6, 
    "model": "workflows.category", 
    "fields": {
      "uid": "0ae049f7-6040-4992-bb03-f9134b8e63c7", 
      "parent": 3, 
      "workflow": null, 
      "user": null, 
      "order": 1, 
      "name": "Utilities"
    }
  }, 
  {
    "pk": 27, 
    "model": "workflows.abstractwidget", 
    "fields": {
      "category": 6, 
      "treeview_image": "", 
      "windows_queue": false, 
      "name": "Arff to Weka Instances", 
      "is_streaming": false, 
      "uid": "3a141e99-a804-4b73-b06b-c75032325aa3", 
      "interaction_view": "", 
      "image": "", 
      "package": "weka", 
      "static_image": "WEKA_arff.png", 
      "post_interact_action": "", 
      "user": 1, 
      "visualization_view": "", 
      "streaming_visualization_view": "", 
      "action": "call_webservice", 
      "wsdl_method": "arff_to_weka_instances", 
      "wsdl": "http://vihar.ijs.si:8092/Utilities?wsdl", 
      "interactive": false, 
      "has_progress_bar": false, 
      "order": 1, 
      "description": "Reads a dataset into a format suitable for WEKA methods"
    }
  }, 
  {
    "pk": 71, 
    "model": "workflows.abstractinput", 
    "fields": {
      "widget": 27, 
      "name": "Timeout", 
      "short_name": "to", 
      "uid": "2ec43e59-25e0-40da-a96f-7deb05ad063e", 
      "default": "60", 
      "required": false, 
      "multi": false, 
      "parameter_type": "text", 
      "variable": "timeout", 
      "parameter": true, 
      "order": 1, 
      "description": ""
    }
  }, 
  {
    "pk": 72, 
    "model": "workflows.abstractinput", 
    "fields": {
      "widget": 27, 
      "name": "Send empty strings to webservices", 
      "short_name": "ses", 
      "uid": "0161f92d-e191-4d60-979f-f0a7d69f40cb", 
      "default": "true", 
      "required": false, 
      "multi": false, 
      "parameter_type": "checkbox", 
      "variable": "sendemptystrings", 
      "parameter": true, 
      "order": 2, 
      "description": ""
    }
  }, 
  {
    "pk": 73, 
    "model": "workflows.abstractinput", 
    "fields": {
      "widget": 27, 
      "name": "arff file", 
      "short_name": "arf", 
      "uid": "b027ab99-adb6-44fb-96ab-08deb7db7f5d", 
      "default": "", 
      "required": false, 
      "multi": false, 
      "parameter_type": null, 
      "variable": "arff", 
      "parameter": false, 
      "order": 3, 
      "description": ""
    }
  }, 
  {
    "pk": 74, 
    "model": "workflows.abstractinput", 
    "fields": {
      "widget": 27, 
      "name": "Class index", 
      "short_name": "cla", 
      "uid": "1e067896-7006-4b44-82af-b03a61727080", 
      "default": "", 
      "required": false, 
      "multi": false, 
      "parameter_type": "text", 
      "variable": "class_index", 
      "parameter": true, 
      "order": 4, 
      "description": ""
    }
  }, 
  {
    "pk": 27, 
    "model": "workflows.abstractoutput", 
    "fields": {
      "widget": 27, 
      "name": "Instances", 
      "short_name": "ins", 
      "variable": "instances", 
      "uid": "110f9834-3e44-419b-a3af-39622417ecd6", 
      "order": 1, 
      "description": ""
    }
  }, 
  {
    "pk": 28, 
    "model": "workflows.abstractwidget", 
    "fields": {
      "category": 6, 
      "treeview_image": "", 
      "windows_queue": false, 
      "name": "Print Model", 
      "is_streaming": false, 
      "uid": "5ac9aced-9520-4ea4-ac0d-bc58c8be2aef", 
      "interaction_view": "", 
      "image": "", 
      "package": "weka", 
      "static_image": "WEKA_printModel.png", 
      "post_interact_action": "", 
      "user": 1, 
      "visualization_view": "", 
      "streaming_visualization_view": "", 
      "action": "call_webservice", 
      "wsdl_method": "print_model", 
      "wsdl": "http://vihar.ijs.si:8092/Utilities?wsdl", 
      "interactive": false, 
      "has_progress_bar": false, 
      "order": 1, 
      "description": "Prepares a WEKA model for printing"
    }
  }, 
  {
    "pk": 75, 
    "model": "workflows.abstractinput", 
    "fields": {
      "widget": 28, 
      "name": "Timeout", 
      "short_name": "to", 
      "uid": "2a81aa2c-58af-44e1-8b03-c2dc72225c5c", 
      "default": "60", 
      "required": false, 
      "multi": false, 
      "parameter_type": "text", 
      "variable": "timeout", 
      "parameter": true, 
      "order": 1, 
      "description": ""
    }
  }, 
  {
    "pk": 76, 
    "model": "workflows.abstractinput", 
    "fields": {
      "widget": 28, 
      "name": "Send empty strings to webservices", 
      "short_name": "ses", 
      "uid": "00fdd694-785f-4e96-a616-5feea30eec49", 
      "default": "true", 
      "required": false, 
      "multi": false, 
      "parameter_type": "checkbox", 
      "variable": "sendemptystrings", 
      "parameter": true, 
      "order": 2, 
      "description": ""
    }
  }, 
  {
    "pk": 77, 
    "model": "workflows.abstractinput", 
    "fields": {
      "widget": 28, 
      "name": "Model", 
      "short_name": "mod", 
      "uid": "df7c8785-4e7f-4e74-b123-c86b7f380516", 
      "default": "", 
      "required": false, 
      "multi": false, 
      "parameter_type": null, 
      "variable": "model", 
      "parameter": false, 
      "order": 3, 
      "description": ""
    }
  }, 
  {
    "pk": 28, 
    "model": "workflows.abstractoutput", 
    "fields": {
      "widget": 28, 
      "name": "Model as String", 
      "short_name": "mod", 
      "variable": "model_as_string", 
      "uid": "873ce128-d626-4490-a34e-1276f3048a8b", 
      "order": 1, 
      "description": ""
    }
  }, 
  {
    "pk": 29, 
    "model": "workflows.abstractwidget", 
    "fields": {
      "category": 6, 
      "treeview_image": "", 
      "windows_queue": false, 
      "name": "Print Tree", 
      "is_streaming": false, 
      "uid": "bc3756b6-7f76-48ed-ae71-8bdae8870b23", 
      "interaction_view": "", 
      "image": "", 
      "package": "weka", 
      "static_image": "WEKA_printTree.png", 
      "post_interact_action": "", 
      "user": 1, 
      "visualization_view": "", 
      "streaming_visualization_view": "", 
      "action": "call_webservice", 
      "wsdl_method": "print_tree", 
      "wsdl": "http://vihar.ijs.si:8092/Utilities?wsdl", 
      "interactive": false, 
      "has_progress_bar": false, 
      "order": 1, 
      "description": "Prints a WEKA decision tree. It outputs the textual representation of the tree."
    }
  }, 
  {
    "pk": 78, 
    "model": "workflows.abstractinput", 
    "fields": {
      "widget": 29, 
      "name": "Timeout", 
      "short_name": "to", 
      "uid": "b0aa8640-b529-4433-b795-f1f022939fc3", 
      "default": "60", 
      "required": false, 
      "multi": false, 
      "parameter_type": "text", 
      "variable": "timeout", 
      "parameter": true, 
      "order": 1, 
      "description": ""
    }
  }, 
  {
    "pk": 79, 
    "model": "workflows.abstractinput", 
    "fields": {
      "widget": 29, 
      "name": "Send empty strings to webservices", 
      "short_name": "ses", 
      "uid": "3ce46037-9612-4b55-8297-1a604d545a64", 
      "default": "true", 
      "required": false, 
      "multi": false, 
      "parameter_type": "checkbox", 
      "variable": "sendemptystrings", 
      "parameter": true, 
      "order": 2, 
      "description": ""
    }
  }, 
  {
    "pk": 80, 
    "model": "workflows.abstractinput", 
    "fields": {
      "widget": 29, 
      "name": "Tree model", 
      "short_name": "tre", 
      "uid": "2910d5a9-1735-416f-8ec4-cc2afbd5e977", 
      "default": "", 
      "required": false, 
      "multi": false, 
      "parameter_type": null, 
      "variable": "tree_model", 
      "parameter": false, 
      "order": 3, 
      "description": ""
    }
  }, 
  {
    "pk": 29, 
    "model": "workflows.abstractoutput", 
    "fields": {
      "widget": 29, 
      "name": "Tree", 
      "short_name": "tre", 
      "variable": "tree", 
      "uid": "dc917831-9cb4-457b-9b40-4acb54d23335", 
      "order": 1, 
      "description": ""
    }
  }, 
  {
    "pk": 352, 
    "model": "workflows.abstractwidget", 
    "fields": {
      "category": 6, 
      "treeview_image": "", 
      "windows_queue": false, 
      "name": "Weka Get Attribute List", 
      "is_streaming": false, 
      "uid": "27b03964-8802-40e5-a7e4-4bed62c305eb", 
      "interaction_view": "", 
      "image": "", 
      "package": "weka", 
      "static_image": "", 
      "post_interact_action": "", 
      "user": 1, 
      "visualization_view": "", 
      "streaming_visualization_view": "", 
      "action": "weka_get_attr_list", 
      "wsdl_method": "", 
      "wsdl": "", 
      "interactive": false, 
      "has_progress_bar": false, 
      "order": 1, 
      "description": "Returns attribute values for a single attribute from the dataset. Defaults to the last attribute. E.g., useful for calculating classification statistics.\r\n"
    }
  }, 
  {
    "pk": 895, 
    "model": "workflows.abstractinput", 
    "fields": {
      "widget": 352, 
      "name": "Arff dataset", 
      "short_name": "arf", 
      "uid": "cb2a88ea-8ffa-4776-b91e-6e6a608e1cbd", 
      "default": "", 
      "required": true, 
      "multi": false, 
      "parameter_type": null, 
      "variable": "arff_file", 
      "parameter": false, 
      "order": 1, 
      "description": "Arff dataset"
    }
  }, 
  {
    "pk": 896, 
    "model": "workflows.abstractinput", 
    "fields": {
      "widget": 352, 
      "name": "Attribute name", 
      "short_name": "atr", 
      "uid": "cbc6708b-6932-4858-8522-a7fa705af1fd", 
      "default": "", 
      "required": false, 
      "multi": false, 
      "parameter_type": null, 
      "variable": "attr_name", 
      "parameter": true, 
      "order": 2, 
      "description": "Attribute name to extract as list"
    }
  }, 
  {
    "pk": 386, 
    "model": "workflows.abstractoutput", 
    "fields": {
      "widget": 352, 
      "name": "List of attr-values", 
      "short_name": "lst", 
      "variable": "attr_list", 
      "uid": "6c4e0b43-fd91-422b-a01b-3cbbd2c387c2", 
      "order": 1, 
      "description": ""
    }
  }, 
  {
    "pk": 30, 
    "model": "workflows.abstractwidget", 
    "fields": {
      "category": 6, 
      "treeview_image": "", 
      "windows_queue": false, 
      "name": "Weka Instances To Arff", 
      "is_streaming": false, 
      "uid": "4d855dc4-0544-484a-914e-79487e8bb982", 
      "interaction_view": "", 
      "image": "", 
      "package": "weka", 
      "static_image": "WEKA_arff.png", 
      "post_interact_action": "", 
      "user": 1, 
      "visualization_view": "", 
      "streaming_visualization_view": "", 
      "action": "call_webservice", 
      "wsdl_method": "weka_instances_to_arff", 
      "wsdl": "http://vihar.ijs.si:8092/Utilities?wsdl", 
      "interactive": false, 
      "has_progress_bar": false, 
      "order": 1, 
      "description": "Transforms a dataset from the WEKA internal representation to ARFF textual format"
    }
  }, 
  {
    "pk": 81, 
    "model": "workflows.abstractinput", 
    "fields": {
      "widget": 30, 
      "name": "Timeout", 
      "short_name": "to", 
      "uid": "8bb6803e-eb93-4809-8b1b-a8d9f74e1910", 
      "default": "60", 
      "required": false, 
      "multi": false, 
      "parameter_type": "text", 
      "variable": "timeout", 
      "parameter": true, 
      "order": 1, 
      "description": ""
    }
  }, 
  {
    "pk": 82, 
    "model": "workflows.abstractinput", 
    "fields": {
      "widget": 30, 
      "name": "Send empty strings to webservices", 
      "short_name": "ses", 
      "uid": "306aa32b-0c75-41e7-8a12-1dbad868124c", 
      "default": "true", 
      "required": false, 
      "multi": false, 
      "parameter_type": "checkbox", 
      "variable": "sendemptystrings", 
      "parameter": true, 
      "order": 2, 
      "description": ""
    }
  }, 
  {
    "pk": 83, 
    "model": "workflows.abstractinput", 
    "fields": {
      "widget": 30, 
      "name": "Instances", 
      "short_name": "ins", 
      "uid": "0ba276f9-f0c5-4d1e-ada8-7398e3ea3d72", 
      "default": "", 
      "required": false, 
      "multi": false, 
      "parameter_type": null, 
      "variable": "instances", 
      "parameter": false, 
      "order": 3, 
      "description": ""
    }
  }, 
  {
    "pk": 30, 
    "model": "workflows.abstractoutput", 
    "fields": {
      "widget": 30, 
      "name": "arff file", 
      "short_name": "arf", 
      "variable": "arff", 
      "uid": "bfbd3109-e756-4a38-bcaf-b2d5883eda77", 
      "order": 1, 
      "description": ""
    }
  }, 
  {
    "pk": 31, 
    "model": "workflows.abstractwidget", 
    "fields": {
      "category": 6, 
      "treeview_image": "", 
      "windows_queue": false, 
      "name": "Weka confusion matrix computations", 
      "is_streaming": false, 
      "uid": "b62a32e0-ab1b-4bf9-b2f2-ed699d4b05be", 
      "interaction_view": "", 
      "image": "", 
      "package": "weka", 
      "static_image": "WEKA_ConfusionMatrix.png", 
      "post_interact_action": "", 
      "user": null, 
      "visualization_view": "", 
      "streaming_visualization_view": "", 
      "action": "weka_statistics", 
      "wsdl_method": "", 
      "wsdl": "", 
      "interactive": false, 
      "has_progress_bar": false, 
      "order": 1, 
      "description": "Confusion Matrix shows how many instances have been assigned to each class. Elements show the number of test examples whose actual class is the row and whose predicted class is the column."
    }
  }, 
  {
    "pk": 84, 
    "model": "workflows.abstractinput", 
    "fields": {
      "widget": 31, 
      "name": "Summary", 
      "short_name": "sum", 
      "uid": "173d8ec1-24ce-48bf-a77b-ce948f20b32f", 
      "default": "", 
      "required": false, 
      "multi": false, 
      "parameter_type": null, 
      "variable": "summary", 
      "parameter": false, 
      "order": 1, 
      "description": "The summary output of the Cross Validate widget"
    }
  }, 
  {
    "pk": 85, 
    "model": "workflows.abstractinput", 
    "fields": {
      "widget": 31, 
      "name": "Class Index", 
      "short_name": "ci", 
      "uid": "ef5fbfe5-72dc-4e3d-9d88-239caeeed56e", 
      "default": "-1", 
      "required": false, 
      "multi": false, 
      "parameter_type": "text", 
      "variable": "classIndex", 
      "parameter": true, 
      "order": 2, 
      "description": "Class index. If -1, it will return a weighted average."
    }
  }, 
  {
    "pk": 31, 
    "model": "workflows.abstractoutput", 
    "fields": {
      "widget": 31, 
      "name": "Precision", 
      "short_name": "pre", 
      "variable": "precision", 
      "uid": "fbd6d60c-251d-41ab-a786-01760a0110ef", 
      "order": 1, 
      "description": ""
    }
  }, 
  {
    "pk": 32, 
    "model": "workflows.abstractoutput", 
    "fields": {
      "widget": 31, 
      "name": "Recall", 
      "short_name": "rec", 
      "variable": "recall", 
      "uid": "4f3e18a4-fcc0-44e1-9c37-0f6d53127a94", 
      "order": 2, 
      "description": ""
    }
  }, 
  {
    "pk": 33, 
    "model": "workflows.abstractoutput", 
    "fields": {
      "widget": 31, 
      "name": "F-score", 
      "short_name": "f", 
      "variable": "f", 
      "uid": "9ef277a3-ca41-443e-b975-3c6b6d1f4ff2", 
      "order": 3, 
      "description": ""
    }
  }, 
  {
    "pk": 34, 
    "model": "workflows.abstractoutput", 
    "fields": {
      "widget": 31, 
      "name": "ROC area", 
      "short_name": "auc", 
      "variable": "auc", 
      "uid": "c602bc74-f0ff-4cac-9a53-900a777fe236", 
      "order": 4, 
      "description": ""
    }
  }, 
  {
    "pk": 35, 
    "model": "workflows.abstractoutput", 
    "fields": {
      "widget": 31, 
      "name": "TP rate", 
      "short_name": "tp", 
      "variable": "tp_rate", 
      "uid": "401a36ad-3bbf-49b4-b6a1-1eda084683fc", 
      "order": 5, 
      "description": ""
    }
  }, 
  {
    "pk": 36, 
    "model": "workflows.abstractoutput", 
    "fields": {
      "widget": 31, 
      "name": "FP rate", 
      "short_name": "fp", 
      "variable": "fp_rate", 
      "uid": "41a9a618-0874-4665-b580-f181cd20202c", 
      "order": 6, 
      "description": ""
    }
  }
]