[
  {
    "pk": 2,
    "model": "workflows.category",
    "fields": {
      "uid": "bbf1e628-8be6-4178-8d93-765de278c0e4",
      "parent": null,
      "workflow": null,
      "user": null,
      "order": 1,
      "name": "Files"
    }
  },
  {
    "pk": 1,
    "model": "workflows.category",
    "fields": {
      "uid": "9b145e48-9cc0-4a24-9ac7-0df48e879361",
      "parent": null,
      "workflow": null,
      "user": null,
      "order": 1,
      "name": "Integers"
    }
  },
  {
    "pk": 3,
    "model": "workflows.category",
    "fields": {
      "uid": "01ad639d-acb8-45c0-bc5e-bc8739bb4c95",
      "parent": null,
      "workflow": null,
      "user": null,
      "order": 1,
      "name": "Objects"
    }
  },
  {
    "pk": 12,
    "model": "workflows.category",
    "fields": {
      "uid": "11865b03-cb06-4d50-9174-69d920cbe4ec",
      "parent": null,
      "workflow": null,
      "user": null,
      "order": 1,
      "name": "Strings"
    }
  },
  {
    "pk": 2,
    "model": "workflows.abstractwidget",
    "fields": {
      "category": 1,
      "treeview_image": "treeview/d914a910.png",
      "name": "Add integers",
      "is_streaming": false,
      "uid": "e898b974-bafa-4b67-8918-b47b801e063e",
      "interaction_view": "",
      "image": "images/d914a910.png",
      "package": "base",
      "static_image": "",
      "post_interact_action": "",
      "user": null,
      "visualization_view": "",
      "action": "add_integers",
      "wsdl_method": "",
      "wsdl": "",
      "interactive": false,
      "has_progress_bar": false,
      "order": 1,
      "description": "Adds two integers"
    }
  },
  {
    "pk": 70,
    "model": "workflows.abstractwidget",
    "fields": {
      "category": 12,
      "treeview_image": "treeview/concatenate_string.png",
      "name": "Concatenate Strings",
      "is_streaming": false,
      "uid": "28c00f15-c6e1-45b7-9825-14fdc9819584",
      "interaction_view": "",
      "image": "images/concatenate_string.png",
      "package": "base",
      "static_image": "",
      "post_interact_action": "",
      "user": null,
      "visualization_view": "",
      "action": "concatenate_strings",
      "wsdl_method": "",
      "wsdl": "",
      "interactive": false,
      "has_progress_bar": false,
      "order": 1,
      "description": ""
    }
  },
  {
    "pk": 9,
    "model": "workflows.abstractwidget",
    "fields": {
      "category": 3,
      "treeview_image": "treeview/Task-List-icon.png",
      "name": "Create List",
      "is_streaming": false,
      "uid": "ed60cacd-633c-4c7c-b963-a5fda548bed4",
      "interaction_view": "",
      "image": "images/Task-List-icon.png",
      "package": "base",
      "static_image": "",
      "post_interact_action": "",
      "user": null,
      "visualization_view": "",
      "action": "create_list",
      "wsdl_method": "",
      "wsdl": "",
      "interactive": false,
      "has_progress_bar": false,
      "order": 1,
      "description": ""
    }
  },
  {
    "pk": 7,
    "model": "workflows.abstractwidget",
    "fields": {
      "category": 2,
      "treeview_image": "treeview/File.png",
      "name": "File to string",
      "is_streaming": false,
      "uid": "ff26380c-dd36-47c4-92ec-4526e199abbc",
      "interaction_view": "",
      "image": "images/File.png",
      "package": "base",
      "static_image": "",
      "post_interact_action": "",
      "user": null,
      "visualization_view": "",
      "action": "file_to_string",
      "wsdl_method": "",
      "wsdl": "",
      "interactive": false,
      "has_progress_bar": false,
      "order": 1,
      "description": ""
    }
  },
  {
    "pk": 4,
    "model": "workflows.abstractwidget",
    "fields": {
      "category": 1,
      "treeview_image": "treeview/d914a910_2.png",
      "name": "Add multiple integers",
      "is_streaming": false,
      "uid": "e327e9ce-0a1d-4dcc-90ac-45ea4fd74707",
      "interaction_view": "",
      "image": "images/d914a910_2.png",
      "package": "base",
      "static_image": "",
      "post_interact_action": "",
      "user": null,
      "visualization_view": "",
      "action": "add_multiple",
      "wsdl_method": "",
      "wsdl": "",
      "interactive": false,
      "has_progress_bar": false,
      "order": 2,
      "description": ""
    }
  },
  {
    "pk": 117,
    "model": "workflows.abstractwidget",
    "fields": {
      "category": 3,
      "treeview_image": "treeview/Create-Range_1.png",
      "name": "Create Range",
      "is_streaming": false,
      "uid": "98e1fec5-e771-4f75-8615-eac6577e64c1",
      "interaction_view": "",
      "image": "images/Create-Range_1.png",
      "package": "base",
      "static_image": "",
      "post_interact_action": "",
      "user": null,
      "visualization_view": "",
      "action": "create_range",
      "wsdl_method": "",
      "wsdl": "",
      "interactive": false,
      "has_progress_bar": false,
      "order": 2,
      "description": ""
    }
  },
  {
    "pk": 69,
    "model": "workflows.abstractwidget",
    "fields": {
      "category": 12,
      "treeview_image": "treeview/string.png",
      "name": "Create String",
      "is_streaming": false,
      "uid": "1b38bbab-7f89-4469-94cd-2f481f9c61f7",
      "interaction_view": "",
      "image": "images/string.png",
      "package": "base",
      "static_image": "",
      "post_interact_action": "",
      "user": null,
      "visualization_view": "",
      "action": "create_string",
      "wsdl_method": "",
      "wsdl": "",
      "interactive": false,
      "has_progress_bar": false,
      "order": 2,
      "description": "Creates a string"
    }
  },
  {
    "pk": 6,
    "model": "workflows.abstractwidget",
    "fields": {
      "category": 2,
      "treeview_image": "treeview/Upload-icon.png",
      "name": "Load file",
      "is_streaming": false,
      "uid": "ff4e5d1a-c09b-4c1c-85e0-190c3b933418",
      "interaction_view": "",
      "image": "images/Upload-icon.png",
      "package": "base",
      "static_image": "",
      "post_interact_action": "",
      "user": null,
      "visualization_view": "",
      "action": "load_file",
      "wsdl_method": "",
      "wsdl": "",
      "interactive": false,
      "has_progress_bar": false,
      "order": 2,
      "description": ""
    }
  },
  {
    "pk": 1,
    "model": "workflows.abstractwidget",
    "fields": {
      "category": 1,
      "treeview_image": "treeview/417px-Latex_integers.svg.png",
      "name": "Create Integer",
      "is_streaming": false,
      "uid": "8b20d4ad-c420-4156-973d-48d6d15934ba",
      "interaction_view": "",
      "image": "images/417px-Latex_integers.svg.png",
      "package": "base",
      "static_image": "",
      "post_interact_action": "",
      "user": null,
      "visualization_view": "",
      "action": "create_integer",
      "wsdl_method": "",
      "wsdl": "",
      "interactive": false,
      "has_progress_bar": false,
      "order": 3,
      "description": "Creates an integer object from a parameter."
    }
  },
  {
    "pk": 72,
    "model": "workflows.abstractwidget",
    "fields": {
      "category": 3,
      "treeview_image": "treeview/482063585452602669.png",
      "name": "Delay",
      "is_streaming": false,
      "uid": "51a88c36-60c3-44c1-ba5a-b895c0ed0370",
      "interaction_view": "",
      "image": "images/482063585452602669.png",
      "package": "base",
      "static_image": "",
      "post_interact_action": "",
      "user": null,
      "visualization_view": "",
      "action": "delay",
      "wsdl_method": "",
      "wsdl": "",
      "interactive": false,
      "has_progress_bar": true,
      "order": 3,
      "description": "Delays for a certain amount of seconds"
    }
  },
  {
    "pk": 71,
    "model": "workflows.abstractwidget",
    "fields": {
      "category": 12,
      "treeview_image": "treeview/display_string.png",
      "name": "Display String",
      "is_streaming": false,
      "uid": "2c69b211-05fe-49a2-8de1-d38971e75b95",
      "interaction_view": "",
      "image": "images/display_string.png",
      "package": "base",
      "static_image": "",
      "post_interact_action": "",
      "user": null,
      "visualization_view": "display_string",
      "action": "display_string",
      "wsdl_method": "",
      "wsdl": "",
      "interactive": false,
      "has_progress_bar": false,
      "order": 3,
      "description": ""
    }
  },
  {
    "pk": 189,
    "model": "workflows.abstractwidget",
    "fields": {
      "category": 2,
      "treeview_image": "treeview/Upload-icon_1.png",
      "name": "Load file to string",
      "is_streaming": false,
      "uid": "866b596e-0131-43f6-969d-97f43c66ef0d",
      "interaction_view": "",
      "image": "images/Upload-icon_1.png",
      "package": "base",
      "static_image": "",
      "post_interact_action": "",
      "user": null,
      "visualization_view": "",
      "action": "load_to_string",
      "wsdl_method": "",
      "wsdl": "",
      "interactive": false,
      "has_progress_bar": false,
      "order": 3,
      "description": ""
    }
  },
  {
    "pk": 109,
    "model": "workflows.abstractwidget",
    "fields": {
      "category": 3,
      "treeview_image": "treeview/ensemble-small.png",
      "name": "Ensemble",
      "is_streaming": false,
      "uid": "e2faf966-57a8-4bd9-af66-bb7921be4431",
      "interaction_view": "",
      "image": "images/ensemble-small.png",
      "package": "base",
      "static_image": "",
      "post_interact_action": "",
      "user": null,
      "visualization_view": "",
      "action": "ensemble",
      "wsdl_method": "",
      "wsdl": "",
      "interactive": false,
      "has_progress_bar": false,
      "order": 4,
      "description": ""
    }
  },
  {
    "pk": 5,
    "model": "workflows.abstractwidget",
    "fields": {
      "category": 1,
      "treeview_image": "",
      "name": "Filter integers",
      "is_streaming": false,
      "uid": "cf0af098-719c-4dce-bf75-0b3018eafb03",
      "interaction_view": "filter_integers",
      "image": "",
      "package": "base",
      "static_image": "",
      "post_interact_action": "filter_integers_post",
      "user": null,
      "visualization_view": "",
      "action": "filter_integers",
      "wsdl_method": "",
      "wsdl": "",
      "interactive": true,
      "has_progress_bar": false,
      "order": 4,
      "description": "Filters some integers"
    }
  },
  {
    "pk": 219,
    "model": "workflows.abstractwidget",
    "fields": {
      "category": 2,
      "treeview_image": "treeview/1688041475.png",
      "name": "String to file",
      "is_streaming": false,
      "uid": "442f5484-494d-4bd7-b1c2-74c1153dd1fe",
      "interaction_view": "",
      "image": "images/1688041475.png",
      "package": "base",
      "static_image": "",
      "post_interact_action": "",
      "user": null,
      "visualization_view": "string_to_file",
      "action": "string_to_file",
      "wsdl_method": "",
      "wsdl": "",
      "interactive": false,
      "has_progress_bar": false,
      "order": 4,
      "description": ""
    }
  },
  {
    "pk": 93,
    "model": "workflows.abstractwidget",
    "fields": {
      "category": 1,
      "treeview_image": "",
      "name": "Multiply integers",
      "is_streaming": false,
      "uid": "c950af9c-be87-4761-a69e-e37f0c26cacb",
      "interaction_view": "",
      "image": "",
      "package": "base",
      "static_image": "",
      "post_interact_action": "",
      "user": null,
      "visualization_view": "",
      "action": "multiply_integers",
      "wsdl_method": "",
      "wsdl": "",
      "interactive": false,
      "has_progress_bar": false,
      "order": 5,
      "description": ""
    }
  },
  {
    "pk": 8,
    "model": "workflows.abstractwidget",
    "fields": {
      "category": 3,
      "treeview_image": "treeview/glass_1.png",
      "name": "Object viewer",
      "is_streaming": false,
      "uid": "9c7ff1bd-6026-4ebd-b44f-ed889a8b0fad",
      "interaction_view": "",
      "image": "images/glass_3.png",
      "package": "base",
      "static_image": "",
      "post_interact_action": "",
      "user": null,
      "visualization_view": "object_viewer",
      "action": "object_viewer",
      "wsdl_method": "",
      "wsdl": "",
      "interactive": false,
      "has_progress_bar": false,
      "order": 5,
      "description": "Displays any input."
    }
  },
  {
    "pk": 196,
    "model": "workflows.abstractwidget",
    "fields": {
      "category": 3,
      "treeview_image": "treeview/pickle.png",
      "name": "Pickle object",
      "is_streaming": false,
      "uid": "1f6bd626-331e-4ac3-b55f-cec8fcd8fd9e",
      "interaction_view": "",
      "image": "images/pickle.png",
      "package": "base",
      "static_image": "",
      "post_interact_action": "",
      "user": null,
      "visualization_view": "",
      "action": "pickle_object",
      "wsdl_method": "",
      "wsdl": "",
      "interactive": false,
      "has_progress_bar": false,
      "order": 6,
      "description": ""
    }
  },
  {
    "pk": 3,
    "model": "workflows.abstractwidget",
    "fields": {
      "category": 1,
      "treeview_image": "treeview/d914a910_1.png",
      "name": "Subtract integers",
      "is_streaming": false,
      "uid": "c6cf5c17-f6a6-4076-bf35-ecb06d72da86",
      "interaction_view": "",
      "image": "images/d914a910_1.png",
      "package": "base",
      "static_image": "",
      "post_interact_action": "",
      "user": null,
      "visualization_view": "",
      "action": "subtract_integers",
      "wsdl_method": "",
      "wsdl": "",
      "interactive": false,
      "has_progress_bar": false,
      "order": 6,
      "description": "Subtracts two integers"
    }
  },
  {
    "pk": 197,
    "model": "workflows.abstractwidget",
    "fields": {
      "category": 3,
      "treeview_image": "treeview/pickle_1.png",
      "name": "Unpickle object",
      "is_streaming": false,
      "uid": "58975866-d556-49ff-84bf-70e31af4638c",
      "interaction_view": "",
      "image": "images/pickle_1.png",
      "package": "base",
      "static_image": "",
      "post_interact_action": "",
      "user": null,
      "visualization_view": "",
      "action": "unpickle_object",
      "wsdl_method": "",
      "wsdl": "",
      "interactive": false,
      "has_progress_bar": false,
      "order": 7,
      "description": ""
    }
  },
  {
    "pk": 1,
    "model": "workflows.abstractoutput",
    "fields": {
      "widget": 1,
      "name": "Integer",
      "short_name": "int",
      "variable": "integer",
      "uid": "68ec6254-d17a-4867-b57c-6f95f7a72527",
      "order": 1,
      "description": "The returned integer."
    }
  },
  {
    "pk": 2,
    "model": "workflows.abstractoutput",
    "fields": {
      "widget": 2,
      "name": "Integer",
      "short_name": "int",
      "variable": "integer",
      "uid": "da76c9e0-d374-4455-a708-6b5de8023f57",
      "order": 1,
      "description": ""
    }
  },
  {
    "pk": 3,
    "model": "workflows.abstractoutput",
    "fields": {
      "widget": 3,
      "name": "Integer",
      "short_name": "int",
      "variable": "integer",
      "uid": "4488e496-5b41-4081-8715-ec82404d2d98",
      "order": 1,
      "description": ""
    }
  },
  {
    "pk": 4,
    "model": "workflows.abstractoutput",
    "fields": {
      "widget": 4,
      "name": "Sum",
      "short_name": "sum",
      "variable": "sum",
      "uid": "512aa455-9fcc-462f-83bb-5203dec8ef7b",
      "order": 1,
      "description": ""
    }
  },
  {
    "pk": 5,
    "model": "workflows.abstractoutput",
    "fields": {
      "widget": 5,
      "name": "Integer list",
      "short_name": "int",
      "variable": "integers",
      "uid": "ca868bfc-19db-49c1-babe-9ae5694478e4",
      "order": 1,
      "description": ""
    }
  },
  {
    "pk": 6,
    "model": "workflows.abstractoutput",
    "fields": {
      "widget": 6,
      "name": "File",
      "short_name": "fil",
      "variable": "file",
      "uid": "d9ede78a-a4f3-47c3-b2bd-04cda3f2ce6c",
      "order": 1,
      "description": ""
    }
  },
  {
    "pk": 7,
    "model": "workflows.abstractoutput",
    "fields": {
      "widget": 7,
      "name": "String",
      "short_name": "str",
      "variable": "string",
      "uid": "4ca351ce-9b2f-4466-be15-b47f8cc37a84",
      "order": 1,
      "description": ""
    }
  },
  {
    "pk": 8,
    "model": "workflows.abstractoutput",
    "fields": {
      "widget": 9,
      "name": "List",
      "short_name": "lst",
      "variable": "list",
      "uid": "97e650f1-8235-43ee-b23d-92a7c029c47f",
      "order": 1,
      "description": ""
    }
  },
  {
    "pk": 71,
    "model": "workflows.abstractoutput",
    "fields": {
      "widget": 69,
      "name": "String",
      "short_name": "str",
      "variable": "string",
      "uid": "c5b4663c-778a-4573-a0e1-bf321831f75d",
      "order": 1,
      "description": ""
    }
  },
  {
    "pk": 72,
    "model": "workflows.abstractoutput",
    "fields": {
      "widget": 70,
      "name": "String",
      "short_name": "str",
      "variable": "string",
      "uid": "95c60fd3-1e53-4de7-84e0-8c0fa56d9e8a",
      "order": 1,
      "description": ""
    }
  },
  {
    "pk": 73,
    "model": "workflows.abstractoutput",
    "fields": {
      "widget": 72,
      "name": "Data",
      "short_name": "dat",
      "variable": "data",
      "uid": "b5233bb9-11f4-49d4-8c12-cd5476d1dc13",
      "order": 1,
      "description": ""
    }
  },
  {
    "pk": 99,
    "model": "workflows.abstractoutput",
    "fields": {
      "widget": 93,
      "name": "Integer",
      "short_name": "int",
      "variable": "integer",
      "uid": "66a00cb7-d9b9-4051-8d8a-2d46e707db19",
      "order": 1,
      "description": ""
    }
  },
  {
    "pk": 114,
    "model": "workflows.abstractoutput",
    "fields": {
      "widget": 109,
      "name": "Ensembled Indices",
      "short_name": "eni",
      "variable": "ens_out",
      "uid": "63322ca1-401b-445e-bfef-c322121e018d",
      "order": 1,
      "description": ""
    }
  },
  {
    "pk": 122,
    "model": "workflows.abstractoutput",
    "fields": {
      "widget": 117,
      "name": "Range",
      "short_name": "rng",
      "variable": "rangeout",
      "uid": "c5f77ca1-7680-4b73-852f-ebf142ed538a",
      "order": 1,
      "description": ""
    }
  },
  {
    "pk": 194,
    "model": "workflows.abstractoutput",
    "fields": {
      "widget": 189,
      "name": "string",
      "short_name": "str",
      "variable": "string",
      "uid": "9051dbca-57cb-4d2b-98e1-14e5b2ea3375",
      "order": 1,
      "description": ""
    }
  },
  {
    "pk": 203,
    "model": "workflows.abstractoutput",
    "fields": {
      "widget": 196,
      "name": "pickled object",
      "short_name": "obj",
      "variable": "pickled_object",
      "uid": "1c47c99e-5ba3-4bcf-8f67-56ebb8c97374",
      "order": 1,
      "description": ""
    }
  },
  {
    "pk": 204,
    "model": "workflows.abstractoutput",
    "fields": {
      "widget": 197,
      "name": "object",
      "short_name": "obj",
      "variable": "object",
      "uid": "350a6971-8803-4add-8c0d-b6f957358d45",
      "order": 1,
      "description": ""
    }
  },
  {
    "pk": 1,
    "model": "workflows.abstractinput",
    "fields": {
      "widget": 1,
      "name": "Type your integer",
      "short_name": "int",
      "uid": "1e52e44e-94cc-4666-8278-04da49d8f890",
      "default": "",
      "required": true,
      "multi": false,
      "parameter_type": "text",
      "variable": "integer",
      "parameter": true,
      "order": 0,
      "description": ""
    }
  },
  {
    "pk": 2,
    "model": "workflows.abstractinput",
    "fields": {
      "widget": 2,
      "name": "Integer 1",
      "short_name": "int",
      "uid": "d46b4d0e-cc22-48f9-9947-4bbb754d8991",
      "default": "",
      "required": false,
      "multi": false,
      "parameter_type": null,
      "variable": "integer1",
      "parameter": false,
      "order": 0,
      "description": ""
    }
  },
  {
    "pk": 3,
    "model": "workflows.abstractinput",
    "fields": {
      "widget": 2,
      "name": "Integer 2",
      "short_name": "int",
      "uid": "0bd80a21-e628-48c6-b3d8-58e8121e4711",
      "default": "",
      "required": false,
      "multi": false,
      "parameter_type": null,
      "variable": "integer2",
      "parameter": false,
      "order": 0,
      "description": ""
    }
  },
  {
    "pk": 4,
    "model": "workflows.abstractinput",
    "fields": {
      "widget": 3,
      "name": "Integer 1",
      "short_name": "int",
      "uid": "77312adf-6969-407e-90bd-083c96d3983b",
      "default": "",
      "required": false,
      "multi": false,
      "parameter_type": null,
      "variable": "integer1",
      "parameter": false,
      "order": 0,
      "description": ""
    }
  },
  {
    "pk": 5,
    "model": "workflows.abstractinput",
    "fields": {
      "widget": 3,
      "name": "Integer 2",
      "short_name": "int",
      "uid": "10fdef7a-7c55-464d-bd7d-1e273759eda9",
      "default": "",
      "required": false,
      "multi": false,
      "parameter_type": null,
      "variable": "integer2",
      "parameter": false,
      "order": 0,
      "description": ""
    }
  },
  {
    "pk": 6,
    "model": "workflows.abstractinput",
    "fields": {
      "widget": 4,
      "name": "Integer List",
      "short_name": "int",
      "uid": "aa8cdbe8-041b-455e-b03c-30d662f34c7b",
      "default": "",
      "required": false,
      "multi": true,
      "parameter_type": null,
      "variable": "integer",
      "parameter": false,
      "order": 0,
      "description": ""
    }
  },
  {
    "pk": 262,
    "model": "workflows.abstractinput",
    "fields": {
      "widget": 117,
      "name": "Range Length (Number of Items in Range)",
      "short_name": "rln",
      "uid": "4f60c95a-3177-4a5d-b047-75d971ee7654",
      "default": "10",
      "required": false,
      "multi": false,
      "parameter_type": "text",
      "variable": "n_range",
      "parameter": true,
      "order": 0,
      "description": ""
    }
  },
  {
    "pk": 7,
    "model": "workflows.abstractinput",
    "fields": {
      "widget": 5,
      "name": "Integer List",
      "short_name": "int",
      "uid": "7358ad8b-b3e7-4d19-98e1-749444b6686d",
      "default": "",
      "required": false,
      "multi": true,
      "parameter_type": null,
      "variable": "integers",
      "parameter": false,
      "order": 0,
      "description": ""
    }
  },
  {
    "pk": 8,
    "model": "workflows.abstractinput",
    "fields": {
      "widget": 6,
      "name": "File",
      "short_name": "fil",
      "uid": "d2b094de-d94c-4a7c-acbe-c21e5042183f",
      "default": "",
      "required": false,
      "multi": false,
      "parameter_type": "file",
      "variable": "file",
      "parameter": true,
      "order": 0,
      "description": ""
    }
  },
  {
    "pk": 9,
    "model": "workflows.abstractinput",
    "fields": {
      "widget": 7,
      "name": "File",
      "short_name": "fil",
      "uid": "81742f96-f3c3-470a-af08-8afc54b6ff30",
      "default": "",
      "required": false,
      "multi": false,
      "parameter_type": null,
      "variable": "file",
      "parameter": false,
      "order": 0,
      "description": ""
    }
  },
  {
    "pk": 10,
    "model": "workflows.abstractinput",
    "fields": {
      "widget": 8,
      "name": "Object",
      "short_name": "obj",
      "uid": "175cd7ae-46dd-471e-9aa2-29105cb077eb",
      "default": "",
      "required": true,
      "multi": false,
      "parameter_type": null,
      "variable": "object",
      "parameter": false,
      "order": 0,
      "description": "Any type of object."
    }
  },
  {
    "pk": 11,
    "model": "workflows.abstractinput",
    "fields": {
      "widget": 9,
      "name": "Element",
      "short_name": "el",
      "uid": "40d329ea-23e6-4217-9944-a43a9195bd54",
      "default": "",
      "required": false,
      "multi": true,
      "parameter_type": null,
      "variable": "list",
      "parameter": false,
      "order": 0,
      "description": ""
    }
  },
  {
    "pk": 539,
    "model": "workflows.abstractinput",
    "fields": {
      "widget": 196,
      "name": "object",
      "short_name": "obj",
      "uid": "3a319eaf-52fb-4cd0-b1b6-78d8a807b892",
      "default": "",
      "required": true,
      "multi": false,
      "parameter_type": null,
      "variable": "object",
      "parameter": false,
      "order": 0,
      "description": ""
    }
  },
  {
    "pk": 540,
    "model": "workflows.abstractinput",
    "fields": {
      "widget": 197,
      "name": "pickled object",
      "short_name": "obj",
      "uid": "1d6e265c-22e1-4761-a9a2-5615f00528b0",
      "default": "",
      "required": true,
      "multi": false,
      "parameter_type": null,
      "variable": "pickled_object",
      "parameter": false,
      "order": 0,
      "description": ""
    }
  },
  {
    "pk": 641,
    "model": "workflows.abstractinput",
    "fields": {
      "widget": 219,
      "name": "String",
      "short_name": "str",
      "uid": "c658923a-a611-414b-ba7e-510aaa83ff19",
      "default": "",
      "required": false,
      "multi": false,
      "parameter_type": null,
      "variable": "string",
      "parameter": false,
      "order": 0,
      "description": ""
    }
  },
  {
    "pk": 137,
    "model": "workflows.abstractinput",
    "fields": {
      "widget": 69,
      "name": "String",
      "short_name": "str",
      "uid": "0f6fa6df-b8d1-4e12-a9ac-427233bb090a",
      "default": "",
      "required": false,
      "multi": false,
      "parameter_type": "textarea",
      "variable": "string",
      "parameter": true,
      "order": 0,
      "description": ""
    }
  },
  {
    "pk": 138,
    "model": "workflows.abstractinput",
    "fields": {
      "widget": 70,
      "name": "Strings",
      "short_name": "str",
      "uid": "909c8b13-c318-4fab-b9d5-a6c6b08a25b3",
      "default": "",
      "required": false,
      "multi": true,
      "parameter_type": null,
      "variable": "strings",
      "parameter": false,
      "order": 0,
      "description": ""
    }
  },
  {
    "pk": 139,
    "model": "workflows.abstractinput",
    "fields": {
      "widget": 70,
      "name": "Delimiter",
      "short_name": "del",
      "uid": "8862cfd6-6444-46b7-9b16-456f27b58cb4",
      "default": "",
      "required": false,
      "multi": false,
      "parameter_type": "text",
      "variable": "delimiter",
      "parameter": true,
      "order": 0,
      "description": "The delimiter will be inserted in between the strings"
    }
  },
  {
    "pk": 140,
    "model": "workflows.abstractinput",
    "fields": {
      "widget": 71,
      "name": "String",
      "short_name": "str",
      "uid": "611e005a-e495-4572-9983-337e98ee5898",
      "default": "",
      "required": false,
      "multi": false,
      "parameter_type": null,
      "variable": "string",
      "parameter": false,
      "order": 0,
      "description": "Displays the string so that it is readable."
    }
  },
  {
    "pk": 141,
    "model": "workflows.abstractinput",
    "fields": {
      "widget": 72,
      "name": "Data",
      "short_name": "dat",
      "uid": "c6ddfb2b-a04a-448e-a853-8b4e13d4ccdf",
      "default": "",
      "required": false,
      "multi": false,
      "parameter_type": null,
      "variable": "data",
      "parameter": false,
      "order": 0,
      "description": ""
    }
  },
  {
    "pk": 142,
    "model": "workflows.abstractinput",
    "fields": {
      "widget": 72,
      "name": "Time",
      "short_name": "tim",
      "uid": "1a463ddc-289a-4250-ae41-9f7a3eb81881",
      "default": "10",
      "required": false,
      "multi": false,
      "parameter_type": "text",
      "variable": "time",
      "parameter": true,
      "order": 0,
      "description": "Time in seconds"
    }
  },
  {
    "pk": 210,
    "model": "workflows.abstractinput",
    "fields": {
      "widget": 93,
      "name": "Integers",
      "short_name": "int",
      "uid": "258f48ec-bbd1-4adc-85bb-97d43e73debe",
      "default": "",
      "required": false,
      "multi": true,
      "parameter_type": null,
      "variable": "integers",
      "parameter": false,
      "order": 0,
      "description": ""
    }
  },
  {
    "pk": 504,
    "model": "workflows.abstractinput",
    "fields": {
      "widget": 189,
      "name": "file",
      "short_name": "fil",
      "uid": "2de6ce93-0063-4770-a1d1-93fc2d98bccc",
      "default": "",
      "required": true,
      "multi": false,
      "parameter_type": "file",
      "variable": "file",
      "parameter": true,
      "order": 0,
      "description": ""
    }
  },
  {
    "pk": 249,
    "model": "workflows.abstractinput",
    "fields": {
      "widget": 109,
      "name": "Data Indices",
      "short_name": "dis",
      "uid": "7ab35883-9bb7-477b-a367-6c6ac95edc75",
      "default": "",
      "required": true,
      "multi": true,
      "parameter_type": null,
      "variable": "data_inds",
      "parameter": false,
      "order": 0,
      "description": ""
    }
  },
  {
    "pk": 250,
    "model": "workflows.abstractinput",
    "fields": {
      "widget": 109,
      "name": "Ensemble Type",
      "short_name": "ent",
      "uid": "d07ef228-561f-49d0-8ea5-5e4638d14b76",
      "default": "consensus",
      "required": true,
      "multi": false,
      "parameter_type": "select",
      "variable": "ens_type",
      "parameter": true,
      "order": 0,
      "description": ""
    }
  },
  {
    "pk": 251,
    "model": "workflows.abstractinput",
    "fields": {
      "widget": 109,
      "name": "Ensemble Name",
      "short_name": "enn",
      "uid": "1fa7cc01-afac-4c8c-86d5-829662939661",
      "default": "Untitled Ensemble",
      "required": true,
      "multi": false,
      "parameter_type": "text",
      "variable": "ens_name",
      "parameter": true,
      "order": 0,
      "description": ""
    }
  },
  {
    "pk": 73,
    "model": "workflows.abstractoption",
    "fields": {
      "uid": "7f71a3e6-cb99-4161-a62e-988424dc4598",
      "abstract_input": 250,
      "value": "consensus",
      "name": "Consensus"
    }
  },
  {
    "pk": 85,
    "model": "workflows.abstractoption",
    "fields": {
      "uid": "08bd84cc-2333-411c-9645-d0ac1f85b1dc",
      "abstract_input": 250,
      "value": "majority",
      "name": "Majority"
    }
  }
]