[
  {
    "pk": 37, 
    "model": "workflows.category", 
    "fields": {
      "uid": "bbf1e628-8be6-4178-8d93-765de278c0e4", 
      "parent": null, 
      "workflow": null, 
      "user": null, 
      "order": 1, 
      "name": "Files"
    }
  }, 
  {
    "pk": 180, 
    "model": "workflows.abstractwidget", 
    "fields": {
      "category": 37, 
      "treeview_image": "treeview/File.png", 
      "name": "File to string", 
      "is_streaming": false, 
      "uid": "ff26380c-dd36-47c4-92ec-4526e199abbc", 
      "interaction_view": "", 
      "image": "images/File.png", 
      "package": "base", 
      "static_image": "File.png", 
      "post_interact_action": "", 
      "windows_queue": false, 
      "user": null, 
      "visualization_view": "", 
      "streaming_visualization_view": "", 
      "action": "file_to_string", 
      "wsdl_method": "", 
      "wsdl": "", 
      "interactive": false, 
      "has_progress_bar": false, 
      "order": 1, 
      "description": "Reads a file residing on the ClowdFlows server and outputs its contents."
    }
  }, 
  {
    "pk": 359, 
    "model": "workflows.abstractinput", 
    "fields": {
      "widget": 180, 
      "name": "File", 
      "short_name": "fil", 
      "uid": "81742f96-f3c3-470a-af08-8afc54b6ff30", 
      "default": "", 
      "required": false, 
      "multi": false, 
      "parameter_type": null, 
      "variable": "file", 
      "parameter": false, 
      "order": 0, 
      "description": ""
    }
  }, 
  {
    "pk": 186, 
    "model": "workflows.abstractoutput", 
    "fields": {
      "widget": 180, 
      "name": "String", 
      "short_name": "str", 
      "variable": "string", 
      "uid": "4ca351ce-9b2f-4466-be15-b47f8cc37a84", 
      "order": 1, 
      "description": ""
    }
  }, 
  {
    "pk": 238, 
    "model": "workflows.abstractwidget", 
    "fields": {
      "category": 37, 
      "treeview_image": "", 
      "name": "Load big file", 
      "is_streaming": false, 
      "uid": "a9a75284-37d6-4520-a30b-30005f08c5d2", 
      "interaction_view": "", 
      "image": "", 
      "package": "base", 
      "static_image": "", 
      "post_interact_action": "", 
      "windows_queue": false, 
      "user": null, 
      "visualization_view": "", 
      "streaming_visualization_view": "", 
      "action": "base_load_big_file", 
      "wsdl_method": "", 
      "wsdl": "", 
      "interactive": false, 
      "has_progress_bar": false, 
      "order": 2, 
      "description": "Uploads a big file to the ClowdFlows server."
    }
  }, 
  {
    "pk": 517, 
    "model": "workflows.abstractinput", 
    "fields": {
      "widget": 238, 
      "name": "File", 
      "short_name": "fil", 
      "uid": "9d55262f-eb97-423f-b875-2b8ab02e6f82", 
      "default": "", 
      "required": false, 
      "multi": false, 
      "parameter_type": "bigfile", 
      "variable": "file", 
      "parameter": true, 
      "order": 1, 
      "description": ""
    }
  }, 
  {
    "pk": 247, 
    "model": "workflows.abstractoutput", 
    "fields": {
      "widget": 238, 
      "name": "File", 
      "short_name": "fil", 
      "variable": "file", 
      "uid": "e2edda87-dcc6-401b-910f-f6fcfc2ed076", 
      "order": 1, 
      "description": ""
    }
  }, 
  {
    "pk": 181, 
    "model": "workflows.abstractwidget", 
    "fields": {
      "category": 37, 
      "treeview_image": "treeview/Upload-icon.png", 
      "name": "Load file", 
      "is_streaming": false, 
      "uid": "ff4e5d1a-c09b-4c1c-85e0-190c3b933418", 
      "interaction_view": "", 
      "image": "images/Upload-icon.png", 
      "package": "base", 
      "static_image": "Upload-icon.png", 
      "post_interact_action": "", 
      "windows_queue": false, 
      "user": null, 
      "visualization_view": "", 
      "streaming_visualization_view": "", 
      "action": "load_file", 
      "wsdl_method": "", 
      "wsdl": "", 
      "interactive": false, 
      "has_progress_bar": false, 
      "order": 2, 
      "description": "Uploads a file to the ClowdFlows server. Outputs the file name on the server."
    }
  }, 
  {
    "pk": 360, 
    "model": "workflows.abstractinput", 
    "fields": {
      "widget": 181, 
      "name": "File", 
      "short_name": "fil", 
      "uid": "d2b094de-d94c-4a7c-acbe-c21e5042183f", 
      "default": "", 
      "required": false, 
      "multi": false, 
      "parameter_type": "file", 
      "variable": "file", 
      "parameter": true, 
      "order": 0, 
      "description": ""
    }
  }, 
  {
    "pk": 187, 
    "model": "workflows.abstractoutput", 
    "fields": {
      "widget": 181, 
      "name": "File", 
      "short_name": "fil", 
      "variable": "file", 
      "uid": "d9ede78a-a4f3-47c3-b2bd-04cda3f2ce6c", 
      "order": 1, 
      "description": ""
    }
  }, 
  {
    "pk": 182, 
    "model": "workflows.abstractwidget", 
    "fields": {
      "category": 37, 
      "treeview_image": "treeview/Upload-icon_1.png", 
      "name": "Load file to string", 
      "is_streaming": false, 
      "uid": "866b596e-0131-43f6-969d-97f43c66ef0d", 
      "interaction_view": "", 
      "image": "images/Upload-icon_1.png", 
      "package": "base", 
      "static_image": "Upload-icon_1.png", 
      "post_interact_action": "", 
      "windows_queue": false, 
      "user": null, 
      "visualization_view": "", 
      "streaming_visualization_view": "", 
      "action": "load_to_string", 
      "wsdl_method": "", 
      "wsdl": "", 
      "interactive": false, 
      "has_progress_bar": false, 
      "order": 3, 
      "description": "Uploads a file to the server and outputs its contents."
    }
  }, 
  {
    "pk": 361, 
    "model": "workflows.abstractinput", 
    "fields": {
      "widget": 182, 
      "name": "file", 
      "short_name": "fil", 
      "uid": "2de6ce93-0063-4770-a1d1-93fc2d98bccc", 
      "default": "", 
      "required": true, 
      "multi": false, 
      "parameter_type": "file", 
      "variable": "file", 
      "parameter": true, 
      "order": 0, 
      "description": ""
    }
  }, 
  {
    "pk": 188, 
    "model": "workflows.abstractoutput", 
    "fields": {
      "widget": 182, 
      "name": "string", 
      "short_name": "str", 
      "variable": "string", 
      "uid": "9051dbca-57cb-4d2b-98e1-14e5b2ea3375", 
      "order": 1, 
      "description": ""
    }
  }, 
  {
    "pk": 183, 
    "model": "workflows.abstractwidget", 
    "fields": {
      "category": 37, 
      "treeview_image": "treeview/1688041475.png", 
      "name": "String to file", 
      "is_streaming": false, 
      "uid": "442f5484-494d-4bd7-b1c2-74c1153dd1fe", 
      "interaction_view": "", 
      "image": "images/1688041475.png", 
      "package": "base", 
      "static_image": "1688041475.png", 
      "post_interact_action": "", 
      "windows_queue": false, 
      "user": null, 
      "visualization_view": "string_to_file", 
      "streaming_visualization_view": "", 
      "action": "string_to_file", 
      "wsdl_method": "", 
      "wsdl": "", 
      "interactive": false, 
      "has_progress_bar": false, 
      "order": 4, 
      "description": "Downloads a file containing data or results from the ClowdFlows server."
    }
  }, 
  {
    "pk": 362, 
    "model": "workflows.abstractinput", 
    "fields": {
      "widget": 183, 
      "name": "String", 
      "short_name": "str", 
      "uid": "c658923a-a611-414b-ba7e-510aaa83ff19", 
      "default": "", 
      "required": false, 
      "multi": false, 
      "parameter_type": null, 
      "variable": "string", 
      "parameter": false, 
      "order": 0, 
      "description": ""
    }
  }, 
  {
    "pk": 38, 
    "model": "workflows.category", 
    "fields": {
      "uid": "9b145e48-9cc0-4a24-9ac7-0df48e879361", 
      "parent": null, 
      "workflow": null, 
      "user": null, 
      "order": 1, 
      "name": "Integers"
    }
  }, 
  {
    "pk": 184, 
    "model": "workflows.abstractwidget", 
    "fields": {
      "category": 38, 
      "treeview_image": "treeview/d914a910.png", 
      "name": "Add integers", 
      "is_streaming": false, 
      "uid": "e898b974-bafa-4b67-8918-b47b801e063e", 
      "interaction_view": "", 
      "image": "images/d914a910.png", 
      "package": "base", 
      "static_image": "d914a910.png", 
      "post_interact_action": "", 
      "windows_queue": false, 
      "user": null, 
      "visualization_view": "", 
      "streaming_visualization_view": "", 
      "action": "add_integers", 
      "wsdl_method": "", 
      "wsdl": "", 
      "interactive": false, 
      "has_progress_bar": false, 
      "order": 1, 
      "description": "Adds two integers"
    }
  }, 
  {
    "pk": 363, 
    "model": "workflows.abstractinput", 
    "fields": {
      "widget": 184, 
      "name": "Integer 1", 
      "short_name": "int", 
      "uid": "d46b4d0e-cc22-48f9-9947-4bbb754d8991", 
      "default": "", 
      "required": false, 
      "multi": false, 
      "parameter_type": null, 
      "variable": "integer1", 
      "parameter": false, 
      "order": 0, 
      "description": ""
    }
  }, 
  {
    "pk": 364, 
    "model": "workflows.abstractinput", 
    "fields": {
      "widget": 184, 
      "name": "Integer 2", 
      "short_name": "int", 
      "uid": "0bd80a21-e628-48c6-b3d8-58e8121e4711", 
      "default": "", 
      "required": false, 
      "multi": false, 
      "parameter_type": null, 
      "variable": "integer2", 
      "parameter": false, 
      "order": 0, 
      "description": ""
    }
  }, 
  {
    "pk": 189, 
    "model": "workflows.abstractoutput", 
    "fields": {
      "widget": 184, 
      "name": "Integer", 
      "short_name": "int", 
      "variable": "integer", 
      "uid": "da76c9e0-d374-4455-a708-6b5de8023f57", 
      "order": 1, 
      "description": ""
    }
  }, 
  {
    "pk": 185, 
    "model": "workflows.abstractwidget", 
    "fields": {
      "category": 38, 
      "treeview_image": "treeview/d914a910_2.png", 
      "name": "Add multiple integers", 
      "is_streaming": false, 
      "uid": "e327e9ce-0a1d-4dcc-90ac-45ea4fd74707", 
      "interaction_view": "", 
      "image": "images/d914a910_2.png", 
      "package": "base", 
      "static_image": "d914a910_2.png", 
      "post_interact_action": "", 
      "windows_queue": false, 
      "user": null, 
      "visualization_view": "", 
      "streaming_visualization_view": "", 
      "action": "add_multiple", 
      "wsdl_method": "", 
      "wsdl": "", 
      "interactive": false, 
      "has_progress_bar": false, 
      "order": 2, 
      "description": "Adds multiple integers and outputs their sum"
    }
  }, 
  {
    "pk": 365, 
    "model": "workflows.abstractinput", 
    "fields": {
      "widget": 185, 
      "name": "Integer List", 
      "short_name": "int", 
      "uid": "aa8cdbe8-041b-455e-b03c-30d662f34c7b", 
      "default": "", 
      "required": false, 
      "multi": true, 
      "parameter_type": null, 
      "variable": "integer", 
      "parameter": false, 
      "order": 0, 
      "description": ""
    }
  }, 
  {
    "pk": 190, 
    "model": "workflows.abstractoutput", 
    "fields": {
      "widget": 185, 
      "name": "Sum", 
      "short_name": "sum", 
      "variable": "sum", 
      "uid": "512aa455-9fcc-462f-83bb-5203dec8ef7b", 
      "order": 1, 
      "description": ""
    }
  }, 
  {
    "pk": 186, 
    "model": "workflows.abstractwidget", 
    "fields": {
      "category": 38, 
      "treeview_image": "treeview/417px-Latex_integers.svg.png", 
      "name": "Create Integer", 
      "is_streaming": false, 
      "uid": "8b20d4ad-c420-4156-973d-48d6d15934ba", 
      "interaction_view": "", 
      "image": "images/417px-Latex_integers.svg.png", 
      "package": "base", 
      "static_image": "417px-Latex_integers.svg.png", 
      "post_interact_action": "", 
      "windows_queue": false, 
      "user": null, 
      "visualization_view": "", 
      "streaming_visualization_view": "", 
      "action": "create_integer", 
      "wsdl_method": "", 
      "wsdl": "", 
      "interactive": false, 
      "has_progress_bar": false, 
      "order": 3, 
      "description": "Creates an integer object from a parameter."
    }
  }, 
  {
    "pk": 366, 
    "model": "workflows.abstractinput", 
    "fields": {
      "widget": 186, 
      "name": "Type your integer", 
      "short_name": "int", 
      "uid": "1e52e44e-94cc-4666-8278-04da49d8f890", 
      "default": "", 
      "required": true, 
      "multi": false, 
      "parameter_type": "text", 
      "variable": "integer", 
      "parameter": true, 
      "order": 0, 
      "description": ""
    }
  }, 
  {
    "pk": 191, 
    "model": "workflows.abstractoutput", 
    "fields": {
      "widget": 186, 
      "name": "Integer", 
      "short_name": "int", 
      "variable": "integer", 
      "uid": "68ec6254-d17a-4867-b57c-6f95f7a72527", 
      "order": 1, 
      "description": "The returned integer."
    }
  }, 
  {
    "pk": 187, 
    "model": "workflows.abstractwidget", 
    "fields": {
      "category": 38, 
      "treeview_image": "", 
      "name": "Filter integers", 
      "is_streaming": false, 
      "uid": "cf0af098-719c-4dce-bf75-0b3018eafb03", 
      "interaction_view": "filter_integers", 
      "image": "", 
      "package": "base", 
      "static_image": "", 
      "post_interact_action": "filter_integers_post", 
      "windows_queue": false, 
      "user": null, 
      "visualization_view": "", 
      "streaming_visualization_view": "", 
      "action": "filter_integers", 
      "wsdl_method": "", 
      "wsdl": "", 
      "interactive": true, 
      "has_progress_bar": false, 
      "order": 4, 
      "description": "Filters some integers"
    }
  }, 
  {
    "pk": 367, 
    "model": "workflows.abstractinput", 
    "fields": {
      "widget": 187, 
      "name": "Integer List", 
      "short_name": "int", 
      "uid": "7358ad8b-b3e7-4d19-98e1-749444b6686d", 
      "default": "", 
      "required": false, 
      "multi": true, 
      "parameter_type": null, 
      "variable": "integers", 
      "parameter": false, 
      "order": 0, 
      "description": ""
    }
  }, 
  {
    "pk": 192, 
    "model": "workflows.abstractoutput", 
    "fields": {
      "widget": 187, 
      "name": "Integer list", 
      "short_name": "int", 
      "variable": "integers", 
      "uid": "ca868bfc-19db-49c1-babe-9ae5694478e4", 
      "order": 1, 
      "description": ""
    }
  }, 
  {
    "pk": 188, 
    "model": "workflows.abstractwidget", 
    "fields": {
      "category": 38, 
      "treeview_image": "", 
      "name": "Multiply integers", 
      "is_streaming": false, 
      "uid": "c950af9c-be87-4761-a69e-e37f0c26cacb", 
      "interaction_view": "", 
      "image": "", 
      "package": "base", 
      "static_image": "", 
      "post_interact_action": "", 
      "windows_queue": false, 
      "user": null, 
      "visualization_view": "", 
      "streaming_visualization_view": "", 
      "action": "multiply_integers", 
      "wsdl_method": "", 
      "wsdl": "", 
      "interactive": false, 
      "has_progress_bar": false, 
      "order": 5, 
      "description": "Multiplies integers and outputs their product"
    }
  }, 
  {
    "pk": 368, 
    "model": "workflows.abstractinput", 
    "fields": {
      "widget": 188, 
      "name": "Integers", 
      "short_name": "int", 
      "uid": "258f48ec-bbd1-4adc-85bb-97d43e73debe", 
      "default": "", 
      "required": false, 
      "multi": true, 
      "parameter_type": null, 
      "variable": "integers", 
      "parameter": false, 
      "order": 0, 
      "description": ""
    }
  }, 
  {
    "pk": 193, 
    "model": "workflows.abstractoutput", 
    "fields": {
      "widget": 188, 
      "name": "Integer", 
      "short_name": "int", 
      "variable": "integer", 
      "uid": "66a00cb7-d9b9-4051-8d8a-2d46e707db19", 
      "order": 1, 
      "description": ""
    }
  }, 
  {
    "pk": 189, 
    "model": "workflows.abstractwidget", 
    "fields": {
      "category": 38, 
      "treeview_image": "treeview/d914a910_1.png", 
      "name": "Subtract integers", 
      "is_streaming": false, 
      "uid": "c6cf5c17-f6a6-4076-bf35-ecb06d72da86", 
      "interaction_view": "", 
      "image": "images/d914a910_1.png", 
      "package": "base", 
      "static_image": "d914a910_1.png", 
      "post_interact_action": "", 
      "windows_queue": false, 
      "user": null, 
      "visualization_view": "", 
      "streaming_visualization_view": "", 
      "action": "subtract_integers", 
      "wsdl_method": "", 
      "wsdl": "", 
      "interactive": false, 
      "has_progress_bar": false, 
      "order": 6, 
      "description": "Subtracts two integers"
    }
  }, 
  {
    "pk": 369, 
    "model": "workflows.abstractinput", 
    "fields": {
      "widget": 189, 
      "name": "Integer 1", 
      "short_name": "int", 
      "uid": "77312adf-6969-407e-90bd-083c96d3983b", 
      "default": "", 
      "required": false, 
      "multi": false, 
      "parameter_type": null, 
      "variable": "integer1", 
      "parameter": false, 
      "order": 0, 
      "description": ""
    }
  }, 
  {
    "pk": 370, 
    "model": "workflows.abstractinput", 
    "fields": {
      "widget": 189, 
      "name": "Integer 2", 
      "short_name": "int", 
      "uid": "10fdef7a-7c55-464d-bd7d-1e273759eda9", 
      "default": "", 
      "required": false, 
      "multi": false, 
      "parameter_type": null, 
      "variable": "integer2", 
      "parameter": false, 
      "order": 0, 
      "description": ""
    }
  }, 
  {
    "pk": 194, 
    "model": "workflows.abstractoutput", 
    "fields": {
      "widget": 189, 
      "name": "Integer", 
      "short_name": "int", 
      "variable": "integer", 
      "uid": "4488e496-5b41-4081-8715-ec82404d2d98", 
      "order": 1, 
      "description": ""
    }
  }, 
  {
    "pk": 39, 
    "model": "workflows.category", 
    "fields": {
      "uid": "01ad639d-acb8-45c0-bc5e-bc8739bb4c95", 
      "parent": null, 
      "workflow": null, 
      "user": null, 
      "order": 1, 
      "name": "Objects"
    }
  }, 
  {
    "pk": 190, 
    "model": "workflows.abstractwidget", 
    "fields": {
      "category": 39, 
      "treeview_image": "", 
      "name": "Concatenate lists", 
      "is_streaming": false, 
      "uid": "42847b88-dc6b-4ced-942a-ad0ab25f3517", 
      "interaction_view": "", 
      "image": "", 
      "package": "base", 
      "static_image": "", 
      "post_interact_action": "", 
      "windows_queue": false, 
      "user": null, 
      "visualization_view": "", 
      "streaming_visualization_view": "", 
      "action": "base_concatenate_lists", 
      "wsdl_method": "", 
      "wsdl": "", 
      "interactive": false, 
      "has_progress_bar": false, 
      "order": 1, 
      "description": "Appends the contents of the second list to the end of the first list."
    }
  }, 
  {
    "pk": 371, 
    "model": "workflows.abstractinput", 
    "fields": {
      "widget": 190, 
      "name": "Lists", 
      "short_name": "lst", 
      "uid": "e4c412d3-b6b0-438e-8ec8-5362c6de5223", 
      "default": "", 
      "required": false, 
      "multi": true, 
      "parameter_type": null, 
      "variable": "lists", 
      "parameter": false, 
      "order": 1, 
      "description": ""
    }
  }, 
  {
    "pk": 195, 
    "model": "workflows.abstractoutput", 
    "fields": {
      "widget": 190, 
      "name": "List", 
      "short_name": "lst", 
      "variable": "list", 
      "uid": "75dd2246-5b92-4119-9e04-0daed307d099", 
      "order": 1, 
      "description": ""
    }
  }, 
  {
    "pk": 191, 
    "model": "workflows.abstractwidget", 
    "fields": {
      "category": 39, 
      "treeview_image": "treeview/Task-List-icon.png", 
      "name": "Create Dictionary", 
      "is_streaming": false, 
      "uid": "d9285877-7db7-4540-aaf3-e6349772dac2", 
      "interaction_view": "", 
      "image": "images/Task-List-icon.png", 
      "package": "base", 
      "static_image": "Task-List-icon.png", 
      "post_interact_action": "", 
      "windows_queue": false, 
      "user": null, 
      "visualization_view": "", 
      "streaming_visualization_view": "", 
      "action": "create_dictionary", 
      "wsdl_method": "", 
      "wsdl": "", 
      "interactive": false, 
      "has_progress_bar": false, 
      "order": 1, 
      "description": "Creates a dictionary structure, by using 'key' and 'value' pairs."
    }
  }, 
  {
    "pk": 372, 
    "model": "workflows.abstractinput", 
    "fields": {
      "widget": 191, 
      "name": "Key", 
      "short_name": "key", 
      "uid": "f777f094-06f8-4e6e-a7ea-eeadce33edac", 
      "default": "", 
      "required": false, 
      "multi": true, 
      "parameter_type": null, 
      "variable": "keys", 
      "parameter": false, 
      "order": 0, 
      "description": ""
    }
  }, 
  {
    "pk": 373, 
    "model": "workflows.abstractinput", 
    "fields": {
      "widget": 191, 
      "name": "Value", 
      "short_name": "val", 
      "uid": "8e7d857b-0ed5-4256-8ee7-18c7c2423f29", 
      "default": "", 
      "required": false, 
      "multi": true, 
      "parameter_type": null, 
      "variable": "values", 
      "parameter": false, 
      "order": 0, 
      "description": ""
    }
  }, 
  {
    "pk": 196, 
    "model": "workflows.abstractoutput", 
    "fields": {
      "widget": 191, 
      "name": "Dictionary", 
      "short_name": "dct", 
      "variable": "dict", 
      "uid": "6fb7b2b2-7630-454a-a1b1-b0de3e486ef9", 
      "order": 1, 
      "description": ""
    }
  }, 
  {
    "pk": 192, 
    "model": "workflows.abstractwidget", 
    "fields": {
      "category": 39, 
      "treeview_image": "treeview/Task-List-icon.png", 
      "name": "Create List", 
      "is_streaming": false, 
      "uid": "ed60cacd-633c-4c7c-b963-a5fda548bed4", 
      "interaction_view": "", 
      "image": "images/Task-List-icon.png", 
      "package": "base", 
      "static_image": "Task-List-icon.png", 
      "post_interact_action": "", 
      "windows_queue": false, 
      "user": null, 
      "visualization_view": "", 
      "streaming_visualization_view": "", 
      "action": "create_list", 
      "wsdl_method": "", 
      "wsdl": "", 
      "interactive": false, 
      "has_progress_bar": false, 
      "order": 1, 
      "description": "Creates a list structure, by using provided list elements."
    }
  }, 
  {
    "pk": 374, 
    "model": "workflows.abstractinput", 
    "fields": {
      "widget": 192, 
      "name": "Element", 
      "short_name": "el", 
      "uid": "40d329ea-23e6-4217-9944-a43a9195bd54", 
      "default": "", 
      "required": false, 
      "multi": true, 
      "parameter_type": null, 
      "variable": "list", 
      "parameter": false, 
      "order": 0, 
      "description": ""
    }
  }, 
  {
    "pk": 197, 
    "model": "workflows.abstractoutput", 
    "fields": {
      "widget": 192, 
      "name": "List", 
      "short_name": "lst", 
      "variable": "list", 
      "uid": "97e650f1-8235-43ee-b23d-92a7c029c47f", 
      "order": 1, 
      "description": ""
    }
  }, 
  {
    "pk": 193, 
    "model": "workflows.abstractwidget", 
    "fields": {
      "category": 39, 
      "treeview_image": "treeview/Task-List-icon.png", 
      "name": "Create Tuple", 
      "is_streaming": false, 
      "uid": "3e5d16f6-acb9-41b4-bc71-e1a71fac47ba", 
      "interaction_view": "", 
      "image": "images/Task-List-icon.png", 
      "package": "base", 
      "static_image": "Task-List-icon.png", 
      "post_interact_action": "", 
      "windows_queue": false, 
      "user": null, 
      "visualization_view": "", 
      "streaming_visualization_view": "", 
      "action": "create_tuple", 
      "wsdl_method": "", 
      "wsdl": "", 
      "interactive": false, 
      "has_progress_bar": false, 
      "order": 1, 
      "description": "Creates a tuple structure of arbitrary length, by using provided elements."
    }
  }, 
  {
    "pk": 375, 
    "model": "workflows.abstractinput", 
    "fields": {
      "widget": 193, 
      "name": "Element", 
      "short_name": "el", 
      "uid": "49c5792d-b75d-47c9-8539-3dc12193b16b", 
      "default": "", 
      "required": false, 
      "multi": true, 
      "parameter_type": null, 
      "variable": "elements", 
      "parameter": false, 
      "order": 0, 
      "description": ""
    }
  }, 
  {
    "pk": 198, 
    "model": "workflows.abstractoutput", 
    "fields": {
      "widget": 193, 
      "name": "Tuple", 
      "short_name": "tup", 
      "variable": "tuple", 
      "uid": "7f6874cd-681b-4ad3-996b-cc8b5c994727", 
      "order": 1, 
      "description": ""
    }
  }, 
  {
    "pk": 194, 
    "model": "workflows.abstractwidget", 
    "fields": {
      "category": 39, 
      "treeview_image": "", 
      "name": "Evaluate string", 
      "is_streaming": false, 
      "uid": "8c747432-07e8-4b29-a657-9fec2a284791", 
      "interaction_view": "", 
      "image": "", 
      "package": "base", 
      "static_image": "", 
      "post_interact_action": "", 
      "windows_queue": false, 
      "user": null, 
      "visualization_view": "", 
      "streaming_visualization_view": "", 
      "action": "base_safe_eval_string", 
      "wsdl_method": "", 
      "wsdl": "", 
      "interactive": false, 
      "has_progress_bar": false, 
      "order": 1, 
      "description": "Safe evaluation of strings."
    }
  }, 
  {
    "pk": 376, 
    "model": "workflows.abstractinput", 
    "fields": {
      "widget": 194, 
      "name": "Input string", 
      "short_name": "str", 
      "uid": "8436f5de-560f-427d-bb3e-b5e3774b56e7", 
      "default": "", 
      "required": true, 
      "multi": false, 
      "parameter_type": null, 
      "variable": "data", 
      "parameter": false, 
      "order": 1, 
      "description": "String to evaluate"
    }
  }, 
  {
    "pk": 199, 
    "model": "workflows.abstractoutput", 
    "fields": {
      "widget": 194, 
      "name": "Object", 
      "short_name": "obj", 
      "variable": "evaluation_result", 
      "uid": "68a67e71-8973-41e8-9f22-991f9f46ff26", 
      "order": 1, 
      "description": "Result of evaluation"
    }
  }, 
  {
    "pk": 195, 
    "model": "workflows.abstractwidget", 
    "fields": {
      "category": 39, 
      "treeview_image": "", 
      "name": "Extract results", 
      "is_streaming": false, 
      "uid": "3ddf7c0b-6b63-46f2-9a39-b1270c51b7c1", 
      "interaction_view": "", 
      "image": "", 
      "package": "base", 
      "static_image": "", 
      "post_interact_action": "", 
      "windows_queue": false, 
      "user": null, 
      "visualization_view": "", 
      "streaming_visualization_view": "", 
      "action": "base_extract_results", 
      "wsdl_method": "", 
      "wsdl": "", 
      "interactive": false, 
      "has_progress_bar": false, 
      "order": 1, 
      "description": "This widget is useful for preparing results for visualization using the Viper widget."
    }
  }, 
  {
    "pk": 377, 
    "model": "workflows.abstractinput", 
    "fields": {
      "widget": 195, 
      "name": "F score", 
      "short_name": "f", 
      "uid": "46771a73-77e1-40d1-9a53-1a4ffed49f21", 
      "default": "", 
      "required": false, 
      "multi": false, 
      "parameter_type": null, 
      "variable": "fscore", 
      "parameter": false, 
      "order": 1, 
      "description": ""
    }
  }, 
  {
    "pk": 378, 
    "model": "workflows.abstractinput", 
    "fields": {
      "widget": 195, 
      "name": "Precision", 
      "short_name": "pre", 
      "uid": "119a7253-5c19-468a-82b7-91b95fdecf36", 
      "default": "", 
      "required": false, 
      "multi": false, 
      "parameter_type": null, 
      "variable": "precision", 
      "parameter": false, 
      "order": 1, 
      "description": ""
    }
  }, 
  {
    "pk": 379, 
    "model": "workflows.abstractinput", 
    "fields": {
      "widget": 195, 
      "name": "Recall", 
      "short_name": "rec", 
      "uid": "ed759223-3e5d-4f27-8fa3-26000808fda0", 
      "default": "", 
      "required": false, 
      "multi": false, 
      "parameter_type": null, 
      "variable": "recall", 
      "parameter": false, 
      "order": 1, 
      "description": ""
    }
  }, 
  {
    "pk": 380, 
    "model": "workflows.abstractinput", 
    "fields": {
      "widget": 195, 
      "name": "Area under curve", 
      "short_name": "auc", 
      "uid": "9a580915-5bef-445b-9195-13711ee0080d", 
      "default": "", 
      "required": false, 
      "multi": false, 
      "parameter_type": null, 
      "variable": "auc", 
      "parameter": false, 
      "order": 1, 
      "description": ""
    }
  }, 
  {
    "pk": 381, 
    "model": "workflows.abstractinput", 
    "fields": {
      "widget": 195, 
      "name": "Accuracy", 
      "short_name": "acc", 
      "uid": "af085bcc-39a0-4d04-b709-6fe6fd953920", 
      "default": "", 
      "required": false, 
      "multi": false, 
      "parameter_type": null, 
      "variable": "accuracy", 
      "parameter": false, 
      "order": 1, 
      "description": ""
    }
  }, 
  {
    "pk": 382, 
    "model": "workflows.abstractinput", 
    "fields": {
      "widget": 195, 
      "name": "Runtime", 
      "short_name": "bmk", 
      "uid": "9d2b4fd5-e977-41c0-a857-ef9c00499c0f", 
      "default": "", 
      "required": false, 
      "multi": false, 
      "parameter_type": null, 
      "variable": "runtime", 
      "parameter": false, 
      "order": 1, 
      "description": ""
    }
  }, 
  {
    "pk": 383, 
    "model": "workflows.abstractinput", 
    "fields": {
      "widget": 195, 
      "name": "Name", 
      "short_name": "nam", 
      "uid": "01af240a-0a52-4c7d-9c82-9ac1bd0982d8", 
      "default": "", 
      "required": false, 
      "multi": false, 
      "parameter_type": "text", 
      "variable": "name", 
      "parameter": false, 
      "order": 1, 
      "description": ""
    }
  }, 
  {
    "pk": 200, 
    "model": "workflows.abstractoutput", 
    "fields": {
      "widget": 195, 
      "name": "Results", 
      "short_name": "res", 
      "variable": "results", 
      "uid": "bb0d42b8-dc77-4b01-b6ad-480d52e917c2", 
      "order": 1, 
      "description": "results"
    }
  }, 
  {
    "pk": 380, 
    "model": "workflows.abstractwidget", 
    "fields": {
      "category": 39, 
      "treeview_image": "", 
      "name": "Merge dictionaries", 
      "is_streaming": false, 
      "uid": "cd62c3e4-bf00-4c18-96a9-1d203badf743", 
      "interaction_view": "", 
      "image": "", 
      "package": "base", 
      "static_image": "", 
      "post_interact_action": "", 
      "windows_queue": false, 
      "user": null, 
      "visualization_view": "", 
      "streaming_visualization_view": "", 
      "action": "base_merge_dictionaries", 
      "wsdl_method": "", 
      "wsdl": "", 
      "interactive": false, 
      "has_progress_bar": false, 
      "order": 1, 
      "description": "Merges two dictionary structures."
    }
  }, 
  {
    "pk": 898, 
    "model": "workflows.abstractinput", 
    "fields": {
      "widget": 380, 
      "name": "Dictionary 1", 
      "short_name": "dct", 
      "uid": "7d53195e-49f3-4873-989d-e096563f84ed", 
      "default": "", 
      "required": false, 
      "multi": false, 
      "parameter_type": null, 
      "variable": "dict1", 
      "parameter": false, 
      "order": 1, 
      "description": ""
    }
  }, 
  {
    "pk": 908, 
    "model": "workflows.abstractinput", 
    "fields": {
      "widget": 380, 
      "name": "Dictionary 2", 
      "short_name": "dct", 
      "uid": "53efae34-3906-4732-818c-78f44e6bceea", 
      "default": "", 
      "required": false, 
      "multi": false, 
      "parameter_type": null, 
      "variable": "dict2", 
      "parameter": false, 
      "order": 1, 
      "description": ""
    }
  }, 
  {
    "pk": 398, 
    "model": "workflows.abstractoutput", 
    "fields": {
      "widget": 380, 
      "name": "Dictionary", 
      "short_name": "dct", 
      "variable": "dict", 
      "uid": "91c393dd-10c1-4ee6-ada8-35ece5b72128", 
      "order": 1, 
      "description": ""
    }
  }, 
  {
    "pk": 196, 
    "model": "workflows.abstractwidget", 
    "fields": {
      "category": 39, 
      "treeview_image": "", 
      "name": "Ravel list", 
      "is_streaming": false, 
      "uid": "ac754eed-37a4-48bc-b837-2f3db3f8f547", 
      "interaction_view": "", 
      "image": "", 
      "package": "base", 
      "static_image": "", 
      "post_interact_action": "", 
      "windows_queue": false, 
      "user": null, 
      "visualization_view": "", 
      "streaming_visualization_view": "", 
      "action": "base_ravel_list", 
      "wsdl_method": "", 
      "wsdl": "", 
      "interactive": false, 
      "has_progress_bar": false, 
      "order": 1, 
      "description": "Ravels and removes empty sublists from the input list. Useful in for loops."
    }
  }, 
  {
    "pk": 384, 
    "model": "workflows.abstractinput", 
    "fields": {
      "widget": 196, 
      "name": "List", 
      "short_name": "lst", 
      "uid": "c35deb32-ca39-435a-b859-50e4c94a7c74", 
      "default": "", 
      "required": true, 
      "multi": false, 
      "parameter_type": null, 
      "variable": "input_list", 
      "parameter": false, 
      "order": 1, 
      "description": "Input list"
    }
  }, 
  {
    "pk": 201, 
    "model": "workflows.abstractoutput", 
    "fields": {
      "widget": 196, 
      "name": "List", 
      "short_name": "lst", 
      "variable": "clean_list", 
      "uid": "27187dd2-3ce4-4abe-bfec-f96288c342f3", 
      "order": 1, 
      "description": "Output list"
    }
  }, 
  {
    "pk": 197, 
    "model": "workflows.abstractwidget", 
    "fields": {
      "category": 39, 
      "treeview_image": "treeview/Create-Range_1.png", 
      "name": "Create Range", 
      "is_streaming": false, 
      "uid": "98e1fec5-e771-4f75-8615-eac6577e64c1", 
      "interaction_view": "", 
      "image": "images/Create-Range_1.png", 
      "package": "base", 
      "static_image": "Create-Range_1.png", 
      "post_interact_action": "", 
      "windows_queue": false, 
      "user": null, 
      "visualization_view": "", 
      "streaming_visualization_view": "", 
      "action": "create_range", 
      "wsdl_method": "", 
      "wsdl": "", 
      "interactive": false, 
      "has_progress_bar": false, 
      "order": 2, 
      "description": "Creates a list of values ranging from 0 to n-1, where n is the range length."
    }
  }, 
  {
    "pk": 385, 
    "model": "workflows.abstractinput", 
    "fields": {
      "widget": 197, 
      "name": "Range Length (Number of Items in Range)", 
      "short_name": "rln", 
      "uid": "4f60c95a-3177-4a5d-b047-75d971ee7654", 
      "default": "10", 
      "required": false, 
      "multi": false, 
      "parameter_type": "text", 
      "variable": "n_range", 
      "parameter": true, 
      "order": 0, 
      "description": ""
    }
  }, 
  {
    "pk": 202, 
    "model": "workflows.abstractoutput", 
    "fields": {
      "widget": 197, 
      "name": "Range", 
      "short_name": "rng", 
      "variable": "rangeout", 
      "uid": "c5f77ca1-7680-4b73-852f-ebf142ed538a", 
      "order": 1, 
      "description": ""
    }
  }, 
  {
    "pk": 198, 
    "model": "workflows.abstractwidget", 
    "fields": {
      "category": 39, 
      "treeview_image": "treeview/482063585452602669.png", 
      "name": "Delay", 
      "is_streaming": false, 
      "uid": "51a88c36-60c3-44c1-ba5a-b895c0ed0370", 
      "interaction_view": "", 
      "image": "images/482063585452602669.png", 
      "package": "base", 
      "static_image": "482063585452602669.png", 
      "post_interact_action": "", 
      "windows_queue": false, 
      "user": null, 
      "visualization_view": "", 
      "streaming_visualization_view": "", 
      "action": "delay", 
      "wsdl_method": "", 
      "wsdl": "", 
      "interactive": false, 
      "has_progress_bar": true, 
      "order": 3, 
      "description": "Delays for a certain amount of seconds"
    }
  }, 
  {
    "pk": 386, 
    "model": "workflows.abstractinput", 
    "fields": {
      "widget": 198, 
      "name": "Data", 
      "short_name": "dat", 
      "uid": "c6ddfb2b-a04a-448e-a853-8b4e13d4ccdf", 
      "default": "", 
      "required": false, 
      "multi": false, 
      "parameter_type": null, 
      "variable": "data", 
      "parameter": false, 
      "order": 0, 
      "description": ""
    }
  }, 
  {
    "pk": 387, 
    "model": "workflows.abstractinput", 
    "fields": {
      "widget": 198, 
      "name": "Time", 
      "short_name": "tim", 
      "uid": "1a463ddc-289a-4250-ae41-9f7a3eb81881", 
      "default": "10", 
      "required": false, 
      "multi": false, 
      "parameter_type": "text", 
      "variable": "time", 
      "parameter": true, 
      "order": 0, 
      "description": "Time in seconds"
    }
  }, 
  {
    "pk": 203, 
    "model": "workflows.abstractoutput", 
    "fields": {
      "widget": 198, 
      "name": "Data", 
      "short_name": "dat", 
      "variable": "data", 
      "uid": "b5233bb9-11f4-49d4-8c12-cd5476d1dc13", 
      "order": 1, 
      "description": ""
    }
  }, 
  {
    "pk": 199, 
    "model": "workflows.abstractwidget", 
    "fields": {
      "category": 39, 
      "treeview_image": "treeview/ensemble-small.png", 
      "name": "Ensemble", 
      "is_streaming": false, 
      "uid": "e2faf966-57a8-4bd9-af66-bb7921be4431", 
      "interaction_view": "", 
      "image": "images/ensemble-small.png", 
      "package": "base", 
      "static_image": "ensemble-small.png", 
      "post_interact_action": "", 
      "windows_queue": false, 
      "user": null, 
      "visualization_view": "", 
      "streaming_visualization_view": "", 
      "action": "ensemble", 
      "wsdl_method": "", 
      "wsdl": "", 
      "interactive": false, 
      "has_progress_bar": false, 
      "order": 4, 
      "description": ""
    }
  }, 
  {
    "pk": 388, 
    "model": "workflows.abstractinput", 
    "fields": {
      "widget": 199, 
      "name": "Data Indices", 
      "short_name": "dis", 
      "uid": "7ab35883-9bb7-477b-a367-6c6ac95edc75", 
      "default": "", 
      "required": true, 
      "multi": true, 
      "parameter_type": null, 
      "variable": "data_inds", 
      "parameter": false, 
      "order": 0, 
      "description": ""
    }
  }, 
  {
    "pk": 389, 
    "model": "workflows.abstractinput", 
    "fields": {
      "widget": 199, 
      "name": "Ensemble Type", 
      "short_name": "ent", 
      "uid": "d07ef228-561f-49d0-8ea5-5e4638d14b76", 
      "default": "consensus", 
      "required": true, 
      "multi": false, 
      "parameter_type": "select", 
      "variable": "ens_type", 
      "parameter": true, 
      "order": 0, 
      "description": ""
    }
  }, 
  {
    "pk": 130, 
    "model": "workflows.abstractoption", 
    "fields": {
      "uid": "7f71a3e6-cb99-4161-a62e-988424dc4598", 
      "abstract_input": 389, 
      "value": "consensus", 
      "name": "Consensus"
    }
  }, 
  {
    "pk": 131, 
    "model": "workflows.abstractoption", 
    "fields": {
      "uid": "08bd84cc-2333-411c-9645-d0ac1f85b1dc", 
      "abstract_input": 389, 
      "value": "majority", 
      "name": "Majority"
    }
  }, 
  {
    "pk": 390, 
    "model": "workflows.abstractinput", 
    "fields": {
      "widget": 199, 
      "name": "Ensemble Name", 
      "short_name": "enn", 
      "uid": "1fa7cc01-afac-4c8c-86d5-829662939661", 
      "default": "Untitled Ensemble", 
      "required": true, 
      "multi": false, 
      "parameter_type": "text", 
      "variable": "ens_name", 
      "parameter": true, 
      "order": 0, 
      "description": ""
    }
  }, 
  {
    "pk": 204, 
    "model": "workflows.abstractoutput", 
    "fields": {
      "widget": 199, 
      "name": "Ensembled Indices", 
      "short_name": "eni", 
      "variable": "ens_out", 
      "uid": "63322ca1-401b-445e-bfef-c322121e018d", 
      "order": 1, 
      "description": ""
    }
  }, 
  {
    "pk": 200, 
    "model": "workflows.abstractwidget", 
    "fields": {
      "category": 39, 
      "treeview_image": "treeview/glass_1.png", 
      "name": "Object viewer", 
      "is_streaming": false, 
      "uid": "9c7ff1bd-6026-4ebd-b44f-ed889a8b0fad", 
      "interaction_view": "", 
      "image": "images/glass_3.png", 
      "package": "base", 
      "static_image": "glass_3.png", 
      "post_interact_action": "", 
      "windows_queue": false, 
      "user": null, 
      "visualization_view": "object_viewer", 
      "streaming_visualization_view": "", 
      "action": "object_viewer", 
      "wsdl_method": "", 
      "wsdl": "", 
      "interactive": false, 
      "has_progress_bar": false, 
      "order": 5, 
      "description": "Displays any input."
    }
  }, 
  {
    "pk": 391, 
    "model": "workflows.abstractinput", 
    "fields": {
      "widget": 200, 
      "name": "Object", 
      "short_name": "obj", 
      "uid": "175cd7ae-46dd-471e-9aa2-29105cb077eb", 
      "default": "", 
      "required": true, 
      "multi": false, 
      "parameter_type": null, 
      "variable": "object", 
      "parameter": false, 
      "order": 0, 
      "description": "Any type of object."
    }
  }, 
  {
    "pk": 201, 
    "model": "workflows.abstractwidget", 
    "fields": {
      "category": 39, 
      "treeview_image": "treeview/pickle.png", 
      "name": "Pickle object", 
      "is_streaming": false, 
      "uid": "1f6bd626-331e-4ac3-b55f-cec8fcd8fd9e", 
      "interaction_view": "", 
      "image": "images/pickle.png", 
      "package": "base", 
      "static_image": "pickle.png", 
      "post_interact_action": "", 
      "windows_queue": false, 
      "user": null, 
      "visualization_view": "", 
      "streaming_visualization_view": "", 
      "action": "pickle_object", 
      "wsdl_method": "", 
      "wsdl": "", 
      "interactive": false, 
      "has_progress_bar": false, 
      "order": 6, 
      "description": "Transform a ClowdFlows (or a Python) object into a format that can be stored."
    }
  }, 
  {
    "pk": 392, 
    "model": "workflows.abstractinput", 
    "fields": {
      "widget": 201, 
      "name": "object", 
      "short_name": "obj", 
      "uid": "3a319eaf-52fb-4cd0-b1b6-78d8a807b892", 
      "default": "", 
      "required": true, 
      "multi": false, 
      "parameter_type": null, 
      "variable": "object", 
      "parameter": false, 
      "order": 0, 
      "description": ""
    }
  }, 
  {
    "pk": 205, 
    "model": "workflows.abstractoutput", 
    "fields": {
      "widget": 201, 
      "name": "pickled object", 
      "short_name": "obj", 
      "variable": "pickled_object", 
      "uid": "1c47c99e-5ba3-4bcf-8f67-56ebb8c97374", 
      "order": 1, 
      "description": ""
    }
  }, 
  {
    "pk": 202, 
    "model": "workflows.abstractwidget", 
    "fields": {
      "category": 39, 
      "treeview_image": "treeview/pickle_1.png", 
      "name": "Unpickle object", 
      "is_streaming": false, 
      "uid": "58975866-d556-49ff-84bf-70e31af4638c", 
      "interaction_view": "", 
      "image": "images/pickle_1.png", 
      "package": "base", 
      "static_image": "pickle_1.png", 
      "post_interact_action": "", 
      "windows_queue": false, 
      "user": null, 
      "visualization_view": "", 
      "streaming_visualization_view": "", 
      "action": "unpickle_object", 
      "wsdl_method": "", 
      "wsdl": "", 
      "interactive": false, 
      "has_progress_bar": false, 
      "order": 7, 
      "description": "Creates a ClowdFlows (or a Python) object from its pickled format."
    }
  }, 
  {
    "pk": 393, 
    "model": "workflows.abstractinput", 
    "fields": {
      "widget": 202, 
      "name": "pickled object", 
      "short_name": "obj", 
      "uid": "1d6e265c-22e1-4761-a9a2-5615f00528b0", 
      "default": "", 
      "required": true, 
      "multi": false, 
      "parameter_type": null, 
      "variable": "pickled_object", 
      "parameter": false, 
      "order": 0, 
      "description": ""
    }
  }, 
  {
    "pk": 206, 
    "model": "workflows.abstractoutput", 
    "fields": {
      "widget": 202, 
      "name": "object", 
      "short_name": "obj", 
      "variable": "object", 
      "uid": "350a6971-8803-4add-8c0d-b6f957358d45", 
      "order": 1, 
      "description": ""
    }
  }, 
  {
    "pk": 203, 
    "model": "workflows.abstractwidget", 
    "fields": {
      "category": 39, 
      "treeview_image": "treeview/482063585452602669.png", 
      "name": "Stopwatch", 
      "is_streaming": false, 
      "uid": "eddf42f0-826c-4a64-a9c5-7af53e8b08e5", 
      "interaction_view": "", 
      "image": "images/482063585452602669.png", 
      "package": "base", 
      "static_image": "482063585452602669.png", 
      "post_interact_action": "", 
      "windows_queue": false, 
      "user": null, 
      "visualization_view": "", 
      "streaming_visualization_view": "", 
      "action": "stopwatch", 
      "wsdl_method": "", 
      "wsdl": "", 
      "interactive": false, 
      "has_progress_bar": false, 
      "order": 9, 
      "description": "Logs the moment of the signal passing this widget (widget beeing run). If there is datetime in the input, it also outputs timespan difference between current time and input datetime."
    }
  }, 
  {
    "pk": 394, 
    "model": "workflows.abstractinput", 
    "fields": {
      "widget": 203, 
      "name": "Signal", 
      "short_name": "sgn", 
      "uid": "3d89935f-e3cb-4c7a-a941-abe5627fb1bc", 
      "default": "", 
      "required": false, 
      "multi": false, 
      "parameter_type": null, 
      "variable": "signal", 
      "parameter": false, 
      "order": 1, 
      "description": "Signal that triggers stopwatch."
    }
  }, 
  {
    "pk": 395, 
    "model": "workflows.abstractinput", 
    "fields": {
      "widget": 203, 
      "name": "Datetime", 
      "short_name": "dt", 
      "uid": "7d99a31a-af1f-4c9a-8487-28a24da85bf9", 
      "default": "", 
      "required": false, 
      "multi": false, 
      "parameter_type": null, 
      "variable": "time_in", 
      "parameter": false, 
      "order": 2, 
      "description": "Datetime, based on which the timespan is calcualted."
    }
  }, 
  {
    "pk": 207, 
    "model": "workflows.abstractoutput", 
    "fields": {
      "widget": 203, 
      "name": "Signal", 
      "short_name": "sgn", 
      "variable": "signal_out", 
      "uid": "1559b8db-ca70-451a-a844-0eda8957db48", 
      "order": 1, 
      "description": "Unchanged signal from the input."
    }
  }, 
  {
    "pk": 208, 
    "model": "workflows.abstractoutput", 
    "fields": {
      "widget": 203, 
      "name": "Datetime", 
      "short_name": "dt", 
      "variable": "time_out", 
      "uid": "0e82f9e6-91d6-48a1-b0fd-ffcc8fdb7693", 
      "order": 2, 
      "description": "Datetime when the signal passed this widget (when this widget was run)."
    }
  }, 
  {
    "pk": 209, 
    "model": "workflows.abstractoutput", 
    "fields": {
      "widget": 203, 
      "name": "Elapsed Time", 
      "short_name": "spn", 
      "variable": "time_span", 
      "uid": "7865362b-7e67-4174-8335-107abf6d2c08", 
      "order": 3, 
      "description": "Timespan between input time and time of triggering."
    }
  }, 
  {
    "pk": 40, 
    "model": "workflows.category", 
    "fields": {
      "uid": "11865b03-cb06-4d50-9174-69d920cbe4ec", 
      "parent": null, 
      "workflow": null, 
      "user": null, 
      "order": 1, 
      "name": "Strings"
    }
  }, 
  {
    "pk": 204, 
    "model": "workflows.abstractwidget", 
    "fields": {
      "category": 40, 
      "treeview_image": "treeview/concatenate_string.png", 
      "name": "Concatenate Strings", 
      "is_streaming": false, 
      "uid": "28c00f15-c6e1-45b7-9825-14fdc9819584", 
      "interaction_view": "", 
      "image": "images/concatenate_string.png", 
      "package": "base", 
      "static_image": "concatenate_string.png", 
      "post_interact_action": "", 
      "windows_queue": false, 
      "user": null, 
      "visualization_view": "", 
      "streaming_visualization_view": "", 
      "action": "concatenate_strings", 
      "wsdl_method": "", 
      "wsdl": "", 
      "interactive": false, 
      "has_progress_bar": false, 
      "order": 1, 
      "description": ""
    }
  }, 
  {
    "pk": 396, 
    "model": "workflows.abstractinput", 
    "fields": {
      "widget": 204, 
      "name": "Strings", 
      "short_name": "str", 
      "uid": "909c8b13-c318-4fab-b9d5-a6c6b08a25b3", 
      "default": "", 
      "required": false, 
      "multi": true, 
      "parameter_type": null, 
      "variable": "strings", 
      "parameter": false, 
      "order": 0, 
      "description": ""
    }
  }, 
  {
    "pk": 397, 
    "model": "workflows.abstractinput", 
    "fields": {
      "widget": 204, 
      "name": "Delimiter", 
      "short_name": "del", 
      "uid": "8862cfd6-6444-46b7-9b16-456f27b58cb4", 
      "default": "", 
      "required": false, 
      "multi": false, 
      "parameter_type": "text", 
      "variable": "delimiter", 
      "parameter": true, 
      "order": 0, 
      "description": "The delimiter will be inserted in between the strings"
    }
  }, 
  {
    "pk": 210, 
    "model": "workflows.abstractoutput", 
    "fields": {
      "widget": 204, 
      "name": "String", 
      "short_name": "str", 
      "variable": "string", 
      "uid": "95c60fd3-1e53-4de7-84e0-8c0fa56d9e8a", 
      "order": 1, 
      "description": ""
    }
  }, 
  {
    "pk": 205, 
    "model": "workflows.abstractwidget", 
    "fields": {
      "category": 40, 
      "treeview_image": "", 
      "name": "Filter documents", 
      "is_streaming": false, 
      "uid": "261a890d-3c77-4fbf-a462-b873ca3d400e", 
      "interaction_view": "", 
      "image": "", 
      "package": "base", 
      "static_image": "", 
      "post_interact_action": "", 
      "windows_queue": false, 
      "user": null, 
      "visualization_view": "", 
      "streaming_visualization_view": "", 
      "action": "split_documents", 
      "wsdl_method": "", 
      "wsdl": "", 
      "interactive": false, 
      "has_progress_bar": false, 
      "order": 1, 
      "description": ""
    }
  }, 
  {
    "pk": 398, 
    "model": "workflows.abstractinput", 
    "fields": {
      "widget": 205, 
      "name": "String", 
      "short_name": "str", 
      "uid": "21652a75-6742-4330-9bc3-9683f30a5618", 
      "default": "", 
      "required": false, 
      "multi": false, 
      "parameter_type": null, 
      "variable": "string", 
      "parameter": false, 
      "order": 1, 
      "description": ""
    }
  }, 
  {
    "pk": 399, 
    "model": "workflows.abstractinput", 
    "fields": {
      "widget": 205, 
      "name": "Filter", 
      "short_name": "flt", 
      "uid": "ccc080f1-e7e4-4bd7-9837-b59dc9037ae9", 
      "default": "!classname", 
      "required": false, 
      "multi": false, 
      "parameter_type": "text", 
      "variable": "class", 
      "parameter": true, 
      "order": 2, 
      "description": ""
    }
  }, 
  {
    "pk": 211, 
    "model": "workflows.abstractoutput", 
    "fields": {
      "widget": 205, 
      "name": "String", 
      "short_name": "str", 
      "variable": "string", 
      "uid": "cc43f6b5-d012-46b7-9b28-e19d22410ed3", 
      "order": 1, 
      "description": ""
    }
  }, 
  {
    "pk": 241, 
    "model": "workflows.abstractwidget", 
    "fields": {
      "category": 40, 
      "treeview_image": "", 
      "name": "Triplet graph", 
      "is_streaming": false, 
      "uid": "2734af6c-6044-494d-9f08-4b3526b224c0", 
      "interaction_view": "", 
      "image": "", 
      "package": "base", 
      "static_image": "", 
      "post_interact_action": "", 
      "windows_queue": false, 
      "user": null, 
      "visualization_view": "base_triplet_graph", 
      "streaming_visualization_view": "", 
      "action": "base_triplet_graph", 
      "wsdl_method": "", 
      "wsdl": "", 
      "interactive": false, 
      "has_progress_bar": false, 
      "order": 1, 
      "description": ""
    }
  }, 
  {
    "pk": 520, 
    "model": "workflows.abstractinput", 
    "fields": {
      "widget": 241, 
      "name": "Triplet graph", 
      "short_name": "tri", 
      "uid": "d0826218-2d76-47a3-aa68-a884ea552c9d", 
      "default": "", 
      "required": false, 
      "multi": false, 
      "parameter_type": null, 
      "variable": "triplets", 
      "parameter": false, 
      "order": 1, 
      "description": ""
    }
  }, 
  {
    "pk": 206, 
    "model": "workflows.abstractwidget", 
    "fields": {
      "category": 40, 
      "treeview_image": "", 
      "name": "Word cloud", 
      "is_streaming": false, 
      "uid": "9c8a4da5-6f43-4dbc-846c-adf280c0f484", 
      "interaction_view": "", 
      "image": "", 
      "package": "base", 
      "static_image": "word-cloud.png", 
      "post_interact_action": "", 
      "windows_queue": false, 
      "user": null, 
      "visualization_view": "base_wordcloud", 
      "streaming_visualization_view": "", 
      "action": "base_wordcloud", 
      "wsdl_method": "", 
      "wsdl": "", 
      "interactive": false, 
      "has_progress_bar": false, 
      "order": 1, 
      "description": "Displays a word cloud based on the input string. If the string is a named line documents file (each line starts with !classname) a wordcloud will be displayed for each class."
    }
  }, 
  {
    "pk": 400, 
    "model": "workflows.abstractinput", 
    "fields": {
      "widget": 206, 
      "name": "String", 
      "short_name": "str", 
      "uid": "cc45bbca-d6c6-4935-b6b3-08d4f38c7f3a", 
      "default": "", 
      "required": false, 
      "multi": false, 
      "parameter_type": null, 
      "variable": "string", 
      "parameter": false, 
      "order": 1, 
      "description": ""
    }
  }, 
  {
    "pk": 207, 
    "model": "workflows.abstractwidget", 
    "fields": {
      "category": 40, 
      "treeview_image": "treeview/string.png", 
      "name": "Create String", 
      "is_streaming": false, 
      "uid": "1b38bbab-7f89-4469-94cd-2f481f9c61f7", 
      "interaction_view": "", 
      "image": "images/string.png", 
      "package": "base", 
      "static_image": "string.png", 
      "post_interact_action": "", 
      "windows_queue": false, 
      "user": null, 
      "visualization_view": "", 
      "streaming_visualization_view": "", 
      "action": "create_string", 
      "wsdl_method": "", 
      "wsdl": "", 
      "interactive": false, 
      "has_progress_bar": false, 
      "order": 2, 
      "description": "Creates a string"
    }
  }, 
  {
    "pk": 401, 
    "model": "workflows.abstractinput", 
    "fields": {
      "widget": 207, 
      "name": "String", 
      "short_name": "str", 
      "uid": "0f6fa6df-b8d1-4e12-a9ac-427233bb090a", 
      "default": "", 
      "required": false, 
      "multi": false, 
      "parameter_type": "textarea", 
      "variable": "string", 
      "parameter": true, 
      "order": 0, 
      "description": ""
    }
  }, 
  {
    "pk": 212, 
    "model": "workflows.abstractoutput", 
    "fields": {
      "widget": 207, 
      "name": "String", 
      "short_name": "str", 
      "variable": "string", 
      "uid": "c5b4663c-778a-4573-a0e1-bf321831f75d", 
      "order": 1, 
      "description": ""
    }
  }, 
  {
    "pk": 208, 
    "model": "workflows.abstractwidget", 
    "fields": {
      "category": 40, 
      "treeview_image": "treeview/display_string.png", 
      "name": "Display String", 
      "is_streaming": false, 
      "uid": "2c69b211-05fe-49a2-8de1-d38971e75b95", 
      "interaction_view": "", 
      "image": "images/display_string.png", 
      "package": "base", 
      "static_image": "display_string.png", 
      "post_interact_action": "", 
      "windows_queue": false, 
      "user": null, 
      "visualization_view": "display_string", 
      "streaming_visualization_view": "", 
      "action": "display_string", 
      "wsdl_method": "", 
      "wsdl": "", 
      "interactive": false, 
      "has_progress_bar": false, 
      "order": 3, 
      "description": ""
    }
  }, 
  {
    "pk": 402, 
    "model": "workflows.abstractinput", 
    "fields": {
      "widget": 208, 
      "name": "String", 
      "short_name": "str", 
      "uid": "611e005a-e495-4572-9983-337e98ee5898", 
      "default": "", 
      "required": false, 
      "multi": false, 
      "parameter_type": null, 
      "variable": "string", 
      "parameter": false, 
      "order": 0, 
      "description": "Displays the string so that it is readable."
    }
  }
]