[
  {
    "pk": 24, 
    "model": "workflows.category", 
    "fields": {
      "uid": "ed859be5-cc13-46b9-b249-c8f026732c1c", 
      "parent": null, 
      "workflow": null, 
      "user": null, 
      "order": 1, 
      "name": "ILP"
    }
  }, 
  {
    "pk": 134, 
    "model": "workflows.abstractwidget", 
    "fields": {
      "category": 24, 
      "treeview_image": "", 
      "windows_queue": false, 
      "name": "Aleph", 
      "is_streaming": false, 
      "uid": "b8289304-389e-414a-98ab-273b16478cee", 
      "interaction_view": "", 
      "image": "", 
      "package": "ilp", 
      "static_image": "ilp.png", 
      "post_interact_action": "", 
      "user": null, 
      "visualization_view": "", 
      "streaming_visualization_view": "", 
      "action": "ilp_aleph", 
      "wsdl_method": "", 
      "wsdl": "", 
      "interactive": false, 
      "has_progress_bar": false, 
      "order": 1, 
      "description": "A widget which implements Aleph, an Inductive Logic Programming (ILP) system.\nhttp://www.cs.ox.ac.uk/activities/machlearn/Aleph/aleph.html"
    }
  }, 
  {
    "pk": 267, 
    "model": "workflows.abstractinput", 
    "fields": {
      "widget": 134, 
      "name": "mode", 
      "short_name": "mod", 
      "uid": "00b174f3-250d-4c47-9a60-b515e5260e0c", 
      "default": "induce", 
      "required": true, 
      "multi": false, 
      "parameter_type": "select", 
      "variable": "mode", 
      "parameter": true, 
      "order": 1, 
      "description": "induction mode"
    }
  }, 
  {
    "pk": 70, 
    "model": "workflows.abstractoption", 
    "fields": {
      "uid": "8e5631e5-6497-4720-9e26-5936619caf5c", 
      "abstract_input": 267, 
      "value": "induce", 
      "name": "induce"
    }
  }, 
  {
    "pk": 71, 
    "model": "workflows.abstractoption", 
    "fields": {
      "uid": "92f66b17-02fd-4bb6-b4cb-03bb54b403f6", 
      "abstract_input": 267, 
      "value": "induce_constraints", 
      "name": "induce_constraints"
    }
  }, 
  {
    "pk": 72, 
    "model": "workflows.abstractoption", 
    "fields": {
      "uid": "ce82b005-81e4-4997-80c3-05731651869a", 
      "abstract_input": 267, 
      "value": "induce_cover", 
      "name": "induce_cover"
    }
  }, 
  {
    "pk": 73, 
    "model": "workflows.abstractoption", 
    "fields": {
      "uid": "968d079a-871c-4cae-b15e-c8e7b61f3b8c", 
      "abstract_input": 267, 
      "value": "induce_features", 
      "name": "induce_features"
    }
  }, 
  {
    "pk": 74, 
    "model": "workflows.abstractoption", 
    "fields": {
      "uid": "0103c466-0e2e-47fe-b182-0a034beb7eed", 
      "abstract_input": 267, 
      "value": "induce_max", 
      "name": "induce_max"
    }
  }, 
  {
    "pk": 75, 
    "model": "workflows.abstractoption", 
    "fields": {
      "uid": "78cb938d-16b8-4c7c-b712-b59e27aa837d", 
      "abstract_input": 267, 
      "value": "induce_modes", 
      "name": "induce_modes"
    }
  }, 
  {
    "pk": 76, 
    "model": "workflows.abstractoption", 
    "fields": {
      "uid": "45f5cc84-b097-439a-9363-d2299c540913", 
      "abstract_input": 267, 
      "value": "induce_tree", 
      "name": "induce_tree"
    }
  }, 
  {
    "pk": 268, 
    "model": "workflows.abstractinput", 
    "fields": {
      "widget": 134, 
      "name": "pos", 
      "short_name": "pos", 
      "uid": "03788382-f3b9-4580-8e85-b600874ef643", 
      "default": "", 
      "required": true, 
      "multi": false, 
      "parameter_type": null, 
      "variable": "pos", 
      "parameter": false, 
      "order": 2, 
      "description": "positive examples"
    }
  }, 
  {
    "pk": 269, 
    "model": "workflows.abstractinput", 
    "fields": {
      "widget": 134, 
      "name": "neg", 
      "short_name": "neg", 
      "uid": "01529349-3300-41c5-8585-3f7a90175120", 
      "default": "", 
      "required": true, 
      "multi": false, 
      "parameter_type": null, 
      "variable": "neg", 
      "parameter": false, 
      "order": 3, 
      "description": "negative examples"
    }
  }, 
  {
    "pk": 270, 
    "model": "workflows.abstractinput", 
    "fields": {
      "widget": 134, 
      "name": "b", 
      "short_name": "b", 
      "uid": "2ec81e9e-d911-46a1-a95d-2eaf349443a8", 
      "default": "", 
      "required": true, 
      "multi": false, 
      "parameter_type": null, 
      "variable": "b", 
      "parameter": false, 
      "order": 4, 
      "description": "background knowledge"
    }
  }, 
  {
    "pk": 271, 
    "model": "workflows.abstractinput", 
    "fields": {
      "widget": 134, 
      "name": "settings", 
      "short_name": "set", 
      "uid": "bfe16b08-89b1-4835-875c-6b0302fb1da3", 
      "default": "", 
      "required": false, 
      "multi": false, 
      "parameter_type": null, 
      "variable": "settings", 
      "parameter": false, 
      "order": 5, 
      "description": "settings facts"
    }
  }, 
  {
    "pk": 272, 
    "model": "workflows.abstractinput", 
    "fields": {
      "widget": 134, 
      "name": "minpos", 
      "short_name": "mps", 
      "uid": "cdeaa39a-7eeb-40eb-9443-8519cb841d2e", 
      "default": "1", 
      "required": false, 
      "multi": false, 
      "parameter_type": "text", 
      "variable": "minpos", 
      "parameter": true, 
      "order": 6, 
      "description": "Set a lower bound on the number of positive examples to be covered by an acceptable clause. If the best clause covers positive examples below this number, then it is not added to the current theory. This can be used to prevent Aleph from adding ground unit clauses to the theory (by setting the value to 2)."
    }
  }, 
  {
    "pk": 273, 
    "model": "workflows.abstractinput", 
    "fields": {
      "widget": 134, 
      "name": "noise", 
      "short_name": "noi", 
      "uid": "61292a9b-ff5b-4a7e-8baf-e6810cb50dcd", 
      "default": "0", 
      "required": false, 
      "multi": false, 
      "parameter_type": "text", 
      "variable": "noise", 
      "parameter": true, 
      "order": 7, 
      "description": "Set an upper bound on the number of negative examples allowed to be covered by an acceptable clause."
    }
  }, 
  {
    "pk": 274, 
    "model": "workflows.abstractinput", 
    "fields": {
      "widget": 134, 
      "name": "clauselength", 
      "short_name": "cln", 
      "uid": "546d3a62-b499-4e61-a9b1-4f89f24ba01f", 
      "default": "4", 
      "required": false, 
      "multi": false, 
      "parameter_type": "text", 
      "variable": "clauselength", 
      "parameter": true, 
      "order": 8, 
      "description": " Sets upper bound on number of literals in an acceptable clause."
    }
  }, 
  {
    "pk": 275, 
    "model": "workflows.abstractinput", 
    "fields": {
      "widget": 134, 
      "name": "depth", 
      "short_name": "dpt", 
      "uid": "3541b804-e8f3-42c5-b022-c0b7a51f05e1", 
      "default": "10", 
      "required": false, 
      "multi": false, 
      "parameter_type": "text", 
      "variable": "depth", 
      "parameter": true, 
      "order": 9, 
      "description": "Sets an upper bound on the proof depth to which theorem-proving proceeds."
    }
  }, 
  {
    "pk": 276, 
    "model": "workflows.abstractinput", 
    "fields": {
      "widget": 134, 
      "name": "evalfn", 
      "short_name": "efn", 
      "uid": "27ed0924-8fa9-4cad-b033-c0a98db9f366", 
      "default": "coverage", 
      "required": false, 
      "multi": false, 
      "parameter_type": "select", 
      "variable": "evalfn", 
      "parameter": true, 
      "order": 10, 
      "description": "Sets the evaluation function for a search."
    }
  }, 
  {
    "pk": 77, 
    "model": "workflows.abstractoption", 
    "fields": {
      "uid": "abd779d2-8276-4b2d-909d-2b6053d1f30f", 
      "abstract_input": 276, 
      "value": "accuracy", 
      "name": "accuracy"
    }
  }, 
  {
    "pk": 78, 
    "model": "workflows.abstractoption", 
    "fields": {
      "uid": "2ec2f418-657b-44f7-a420-83cb4f4baed5", 
      "abstract_input": 276, 
      "value": "auto_m", 
      "name": "auto_m"
    }
  }, 
  {
    "pk": 79, 
    "model": "workflows.abstractoption", 
    "fields": {
      "uid": "66261b29-3313-4f85-b8ab-f277e49eb40b", 
      "abstract_input": 276, 
      "value": "compression", 
      "name": "compression"
    }
  }, 
  {
    "pk": 80, 
    "model": "workflows.abstractoption", 
    "fields": {
      "uid": "427cd0aa-6d3c-457e-8762-cdc7ec6b8512", 
      "abstract_input": 276, 
      "value": "coverage", 
      "name": "coverage"
    }
  }, 
  {
    "pk": 81, 
    "model": "workflows.abstractoption", 
    "fields": {
      "uid": "bdf9d407-95af-4b42-b923-a027c45b0f26", 
      "abstract_input": 276, 
      "value": "entropy", 
      "name": "entropy"
    }
  }, 
  {
    "pk": 82, 
    "model": "workflows.abstractoption", 
    "fields": {
      "uid": "ddc2bde8-7143-4e8f-9e6b-cdcaea871e27", 
      "abstract_input": 276, 
      "value": "gini", 
      "name": "gini"
    }
  }, 
  {
    "pk": 83, 
    "model": "workflows.abstractoption", 
    "fields": {
      "uid": "0c4fd002-57a6-40b5-ac0f-e98cc62aa957", 
      "abstract_input": 276, 
      "value": "laplace", 
      "name": "laplace"
    }
  }, 
  {
    "pk": 84, 
    "model": "workflows.abstractoption", 
    "fields": {
      "uid": "2d764051-9dca-42f2-b131-2a87576c21d7", 
      "abstract_input": 276, 
      "value": "mestimate", 
      "name": "mestimate"
    }
  }, 
  {
    "pk": 85, 
    "model": "workflows.abstractoption", 
    "fields": {
      "uid": "0684bf39-09a5-4499-8939-51a58fcc2446", 
      "abstract_input": 276, 
      "value": "pbayes", 
      "name": "pbayes"
    }
  }, 
  {
    "pk": 86, 
    "model": "workflows.abstractoption", 
    "fields": {
      "uid": "ecfbee4f-ce81-40ed-80a2-d53e04e9c7d3", 
      "abstract_input": 276, 
      "value": "posonly", 
      "name": "posonly"
    }
  }, 
  {
    "pk": 87, 
    "model": "workflows.abstractoption", 
    "fields": {
      "uid": "775058c3-7763-4af7-bcf4-b629d1c0e6f1", 
      "abstract_input": 276, 
      "value": "sd", 
      "name": "sd"
    }
  }, 
  {
    "pk": 88, 
    "model": "workflows.abstractoption", 
    "fields": {
      "uid": "14e08667-f530-43e6-b932-b8e2ac394ea4", 
      "abstract_input": 276, 
      "value": "wracc", 
      "name": "wracc"
    }
  }, 
  {
    "pk": 277, 
    "model": "workflows.abstractinput", 
    "fields": {
      "widget": 134, 
      "name": "i", 
      "short_name": "i", 
      "uid": "48905a20-0192-40c0-82de-2389e8fdc88e", 
      "default": "2", 
      "required": false, 
      "multi": false, 
      "parameter_type": "text", 
      "variable": "i", 
      "parameter": true, 
      "order": 11, 
      "description": "Set upper bound on layers of new variables."
    }
  }, 
  {
    "pk": 278, 
    "model": "workflows.abstractinput", 
    "fields": {
      "widget": 134, 
      "name": "language", 
      "short_name": "lan", 
      "uid": "9de49bde-7518-4116-8606-eccc134d1d8f", 
      "default": "inf", 
      "required": false, 
      "multi": false, 
      "parameter_type": "text", 
      "variable": "language", 
      "parameter": true, 
      "order": 12, 
      "description": "Specifies the number of occurences of a predicate symbol in any clause (inf or > 0)."
    }
  }, 
  {
    "pk": 279, 
    "model": "workflows.abstractinput", 
    "fields": {
      "widget": 134, 
      "name": "m", 
      "short_name": "m", 
      "uid": "b07b2b85-bc8f-4dfc-aaf8-800b94077312", 
      "default": "1", 
      "required": false, 
      "multi": false, 
      "parameter_type": "text", 
      "variable": "m", 
      "parameter": true, 
      "order": 13, 
      "description": "Sets a value for \"m-estimate\" calculations."
    }
  }, 
  {
    "pk": 280, 
    "model": "workflows.abstractinput", 
    "fields": {
      "widget": 134, 
      "name": "max_features", 
      "short_name": "mxf", 
      "uid": "4a275a37-e6bc-4b22-816d-b45e2ac791e2", 
      "default": "inf", 
      "required": false, 
      "multi": false, 
      "parameter_type": "text", 
      "variable": "max_features", 
      "parameter": true, 
      "order": 14, 
      "description": "Sets an upper bound on the maximum number of boolean features constructed by searching for good clauses (inf or > 0)."
    }
  }, 
  {
    "pk": 147, 
    "model": "workflows.abstractoutput", 
    "fields": {
      "widget": 134, 
      "name": "theory", 
      "short_name": "the", 
      "variable": "theory", 
      "uid": "d1d8839b-a2f1-4b82-b759-7c6c7d7d57e5", 
      "order": 1, 
      "description": "theory"
    }
  }, 
  {
    "pk": 135, 
    "model": "workflows.abstractwidget", 
    "fields": {
      "category": 24, 
      "treeview_image": "", 
      "windows_queue": false, 
      "name": "RSD", 
      "is_streaming": false, 
      "uid": "dabcb4ed-ae86-4f3e-8d3e-bb0306ff11f8", 
      "interaction_view": "", 
      "image": "", 
      "package": "ilp", 
      "static_image": "ilp.png", 
      "post_interact_action": "", 
      "user": null, 
      "visualization_view": "", 
      "streaming_visualization_view": "", 
      "action": "ilp_rsd", 
      "wsdl_method": "", 
      "wsdl": "", 
      "interactive": false, 
      "has_progress_bar": false, 
      "order": 1, 
      "description": "Relational subgroup discovery by Zelezny et al."
    }
  }, 
  {
    "pk": 281, 
    "model": "workflows.abstractinput", 
    "fields": {
      "widget": 135, 
      "name": "examples", 
      "short_name": "ex", 
      "uid": "817a82dc-2264-4181-a31a-6a7ff2b6c882", 
      "default": "", 
      "required": false, 
      "multi": false, 
      "parameter_type": null, 
      "variable": "examples", 
      "parameter": false, 
      "order": 1, 
      "description": "classified examples (pos+neg in one file)"
    }
  }, 
  {
    "pk": 282, 
    "model": "workflows.abstractinput", 
    "fields": {
      "widget": 135, 
      "name": "b", 
      "short_name": "b", 
      "uid": "746dac3a-bcf9-4546-b0cb-ccfea866707a", 
      "default": "", 
      "required": true, 
      "multi": false, 
      "parameter_type": null, 
      "variable": "b", 
      "parameter": false, 
      "order": 2, 
      "description": "background knowledge"
    }
  }, 
  {
    "pk": 283, 
    "model": "workflows.abstractinput", 
    "fields": {
      "widget": 135, 
      "name": "clauselength", 
      "short_name": "cln", 
      "uid": "d840e1d9-5bd1-4004-94ec-6acd5b3c9910", 
      "default": "8", 
      "required": false, 
      "multi": false, 
      "parameter_type": "text", 
      "variable": "clauselength", 
      "parameter": true, 
      "order": 2, 
      "description": "An integer specifying the maximum length of a feature\r\nbody."
    }
  }, 
  {
    "pk": 284, 
    "model": "workflows.abstractinput", 
    "fields": {
      "widget": 135, 
      "name": "pos", 
      "short_name": "pos", 
      "uid": "676ef826-7dd9-415a-8a8a-d82146dcc95a", 
      "default": "", 
      "required": false, 
      "multi": false, 
      "parameter_type": null, 
      "variable": "pos", 
      "parameter": false, 
      "order": 3, 
      "description": "positive examples"
    }
  }, 
  {
    "pk": 285, 
    "model": "workflows.abstractinput", 
    "fields": {
      "widget": 135, 
      "name": "depth", 
      "short_name": "dpt", 
      "uid": "bed46927-aa71-46a4-9022-8219cd2f59ca", 
      "default": "4", 
      "required": false, 
      "multi": false, 
      "parameter_type": "text", 
      "variable": "depth", 
      "parameter": true, 
      "order": 3, 
      "description": "An integer specifying the maximum depth of variables\r\nfound in a feature body."
    }
  }, 
  {
    "pk": 286, 
    "model": "workflows.abstractinput", 
    "fields": {
      "widget": 135, 
      "name": "neg", 
      "short_name": "neg", 
      "uid": "0b46921d-50fe-46b1-a1e4-67c918160a7f", 
      "default": "", 
      "required": false, 
      "multi": false, 
      "parameter_type": null, 
      "variable": "neg", 
      "parameter": false, 
      "order": 4, 
      "description": "negative examples"
    }
  }, 
  {
    "pk": 287, 
    "model": "workflows.abstractinput", 
    "fields": {
      "widget": 135, 
      "name": "negation", 
      "short_name": "neg", 
      "uid": "bfff50a5-ed9b-4e3f-bfb0-e6d135a60f38", 
      "default": "none", 
      "required": false, 
      "multi": false, 
      "parameter_type": "select", 
      "variable": "negation", 
      "parameter": true, 
      "order": 4, 
      "description": "One of now, later, none.\r\nnow: To features generated by featurize.pl, process.pl\r\nwill also add their versions where the complete body is\r\nnegated. (Negations of individual literals can be done by\r\nsuitably defining background knowledge predicates.)\r\nlater: tells the program that an inducer capable of\r\nnegating features will be applied on the propositionalized\r\nrepresentation. This influences functions described below."
    }
  }, 
  {
    "pk": 89, 
    "model": "workflows.abstractoption", 
    "fields": {
      "uid": "45656c1d-a666-4689-a37d-79a7d3b9c603", 
      "abstract_input": 287, 
      "value": "later", 
      "name": "later"
    }
  }, 
  {
    "pk": 90, 
    "model": "workflows.abstractoption", 
    "fields": {
      "uid": "230d9101-6512-4f09-8a83-727be3fa4c74", 
      "abstract_input": 287, 
      "value": "none", 
      "name": "none"
    }
  }, 
  {
    "pk": 91, 
    "model": "workflows.abstractoption", 
    "fields": {
      "uid": "79eec714-165c-4d67-9eb5-8f0ebe9a374f", 
      "abstract_input": 287, 
      "value": "now", 
      "name": "now"
    }
  }, 
  {
    "pk": 288, 
    "model": "workflows.abstractinput", 
    "fields": {
      "widget": 135, 
      "name": "settings", 
      "short_name": "set", 
      "uid": "a1660c9f-952d-4f29-9f23-9b0be5fe8cea", 
      "default": "", 
      "required": false, 
      "multi": false, 
      "parameter_type": null, 
      "variable": "settings", 
      "parameter": false, 
      "order": 5, 
      "description": "settings"
    }
  }, 
  {
    "pk": 289, 
    "model": "workflows.abstractinput", 
    "fields": {
      "widget": 135, 
      "name": "min_coverage", 
      "short_name": "mcv", 
      "uid": "0864df0d-3e46-4af2-9ea3-2ccbfe33034a", 
      "default": "1", 
      "required": false, 
      "multi": false, 
      "parameter_type": "text", 
      "variable": "min_coverage", 
      "parameter": true, 
      "order": 5, 
      "description": "An integer mc. All features (including negated versions)\r\ncovering fewer than mc instances will be discarded.\r\nHowever, if negation is later (see above), a feature\r\nis discarded only if both (a) coverage thereof and (b) the\r\ncoverage of its negated version are smaller than mc."
    }
  }, 
  {
    "pk": 290, 
    "model": "workflows.abstractinput", 
    "fields": {
      "widget": 135, 
      "name": "filtering", 
      "short_name": "flt", 
      "uid": "f510c2a1-454f-4ef8-b346-aba39a41ce24", 
      "default": "true", 
      "required": false, 
      "multi": false, 
      "parameter_type": "select", 
      "variable": "flt", 
      "parameter": true, 
      "order": 6, 
      "description": "One of true, false. If true, each feature will be discarded\r\nif (a) it covers the same set of instances as some previously\r\nconstructed feature, or (b) it covers all instances."
    }
  }, 
  {
    "pk": 92, 
    "model": "workflows.abstractoption", 
    "fields": {
      "uid": "56d3293d-9d78-437e-821d-e478018e1988", 
      "abstract_input": 290, 
      "value": "false", 
      "name": "false"
    }
  }, 
  {
    "pk": 93, 
    "model": "workflows.abstractoption", 
    "fields": {
      "uid": "1b3a141e-2da8-4e58-9e2d-4055ee8e8470", 
      "abstract_input": 290, 
      "value": "true", 
      "name": "true"
    }
  }, 
  {
    "pk": 291, 
    "model": "workflows.abstractinput", 
    "fields": {
      "widget": 135, 
      "name": "subgroups", 
      "short_name": "sg", 
      "uid": "1c982c21-0b97-40d1-a35e-30ba16342b00", 
      "default": "", 
      "required": true, 
      "multi": false, 
      "parameter_type": "checkbox", 
      "variable": "subgroups", 
      "parameter": true, 
      "order": 11, 
      "description": "find subgroups as well"
    }
  }, 
  {
    "pk": 148, 
    "model": "workflows.abstractoutput", 
    "fields": {
      "widget": 135, 
      "name": "features", 
      "short_name": "frs", 
      "variable": "features", 
      "uid": "1097065e-83f9-4dfa-89b8-775d500caa89", 
      "order": 1, 
      "description": "features as prolog facts"
    }
  }, 
  {
    "pk": 149, 
    "model": "workflows.abstractoutput", 
    "fields": {
      "widget": 135, 
      "name": "arff", 
      "short_name": "arf", 
      "variable": "arff", 
      "uid": "20b53049-5a43-46f8-9d1d-b49d8db2b1bc", 
      "order": 2, 
      "description": "arff file of the propositionalized data"
    }
  }, 
  {
    "pk": 150, 
    "model": "workflows.abstractoutput", 
    "fields": {
      "widget": 135, 
      "name": "rules", 
      "short_name": "rul", 
      "variable": "rules", 
      "uid": "3f70b720-fd68-4770-936b-68512046a12e", 
      "order": 3, 
      "description": "rules as prolog facts"
    }
  }, 
  {
    "pk": 136, 
    "model": "workflows.abstractwidget", 
    "fields": {
      "category": 24, 
      "treeview_image": "", 
      "windows_queue": false, 
      "name": "SDM-Aleph", 
      "is_streaming": false, 
      "uid": "14c7c1f8-d9ee-43da-9c7d-c979d3533fe7", 
      "interaction_view": "", 
      "image": "", 
      "package": "ilp", 
      "static_image": "ws.png", 
      "post_interact_action": "", 
      "user": null, 
      "visualization_view": "", 
      "streaming_visualization_view": "", 
      "action": "ilp_sdmaleph", 
      "wsdl_method": "", 
      "wsdl": "", 
      "interactive": false, 
      "has_progress_bar": false, 
      "order": 1, 
      "description": "    SDM-Aleph web service.\r\n    \r\n    Inputs:\r\n        - examples: str, a .tab dataset or a list of pairs\r\n        - mapping : str, a mapping between examples and ontological terms,\r\n        - ontologies : a list of {'ontology' : str} dicts\r\n        - relations : a list of {'relation' : str} dicts\r\n        - posClassVal : str, if the data is class-labeled, this is the target class,\r\n        - cutoff : int, if the data is ranked, this is the cutoff value for splitting it into two classes,\r\n        - minPos : int >= 1, minimum number of true positives per rule\r\n        - noise : int > 0, false positives allowed per rule\r\n        - clauseLen : int >= 1, number of predicates per clause,\r\n        - dataFormat : str, legal values are 'tab' or 'list'\r\n    Output:\r\n        - str, the induced theory.\r\n    \r\n    @author: Anze Vavpetic, 2011 <anze.vavpetic@ijs.si>"
    }
  }, 
  {
    "pk": 292, 
    "model": "workflows.abstractinput", 
    "fields": {
      "widget": 136, 
      "name": "examples", 
      "short_name": "ex", 
      "uid": "b82c4d43-f585-456f-824b-6ce47e27866f", 
      "default": "", 
      "required": true, 
      "multi": false, 
      "parameter_type": null, 
      "variable": "examples", 
      "parameter": false, 
      "order": 1, 
      "description": "examples"
    }
  }, 
  {
    "pk": 293, 
    "model": "workflows.abstractinput", 
    "fields": {
      "widget": 136, 
      "name": "mapping", 
      "short_name": "map", 
      "uid": "cd4ab84b-91c7-42ed-bbb2-66c4a2d36fe0", 
      "default": "", 
      "required": true, 
      "multi": false, 
      "parameter_type": null, 
      "variable": "mapping", 
      "parameter": false, 
      "order": 2, 
      "description": "mapping from ontology concepts to examples"
    }
  }, 
  {
    "pk": 294, 
    "model": "workflows.abstractinput", 
    "fields": {
      "widget": 136, 
      "name": "ontology", 
      "short_name": "ont", 
      "uid": "22bfc647-3185-44dd-8f7f-89fc4cc4dd87", 
      "default": "", 
      "required": true, 
      "multi": true, 
      "parameter_type": null, 
      "variable": "ontology", 
      "parameter": false, 
      "order": 3, 
      "description": "ontologies"
    }
  }, 
  {
    "pk": 295, 
    "model": "workflows.abstractinput", 
    "fields": {
      "widget": 136, 
      "name": "relation", 
      "short_name": "rel", 
      "uid": "d22cec50-3393-4e9b-8ef3-228e959dc574", 
      "default": "", 
      "required": false, 
      "multi": true, 
      "parameter_type": null, 
      "variable": "relation", 
      "parameter": false, 
      "order": 4, 
      "description": "extra relations"
    }
  }, 
  {
    "pk": 296, 
    "model": "workflows.abstractinput", 
    "fields": {
      "widget": 136, 
      "name": "positive class val", 
      "short_name": "pcl", 
      "uid": "ad84f724-9935-4a3a-90b2-a4af70721477", 
      "default": "", 
      "required": false, 
      "multi": false, 
      "parameter_type": "text", 
      "variable": "posClassVal", 
      "parameter": true, 
      "order": 5, 
      "description": "positive class value"
    }
  }, 
  {
    "pk": 297, 
    "model": "workflows.abstractinput", 
    "fields": {
      "widget": 136, 
      "name": "cutoff", 
      "short_name": "cut", 
      "uid": "0e5b7e98-aaa2-481d-b2d1-5b339a05b754", 
      "default": "", 
      "required": false, 
      "multi": false, 
      "parameter_type": "text", 
      "variable": "cutoff", 
      "parameter": true, 
      "order": 6, 
      "description": "cutoff point for unlabeled data"
    }
  }, 
  {
    "pk": 298, 
    "model": "workflows.abstractinput", 
    "fields": {
      "widget": 136, 
      "name": "minimum TP", 
      "short_name": "min", 
      "uid": "b2bbe491-8cf3-4ec7-b7a5-f52426ab9285", 
      "default": "", 
      "required": false, 
      "multi": false, 
      "parameter_type": "text", 
      "variable": "minPos", 
      "parameter": true, 
      "order": 7, 
      "description": "min TP examples per rule"
    }
  }, 
  {
    "pk": 299, 
    "model": "workflows.abstractinput", 
    "fields": {
      "widget": 136, 
      "name": "maximum FP", 
      "short_name": "noi", 
      "uid": "87adfb36-8ca2-4c60-b404-c81e05485e00", 
      "default": "", 
      "required": false, 
      "multi": false, 
      "parameter_type": "text", 
      "variable": "noise", 
      "parameter": true, 
      "order": 8, 
      "description": "max FP examples per rule"
    }
  }, 
  {
    "pk": 300, 
    "model": "workflows.abstractinput", 
    "fields": {
      "widget": 136, 
      "name": "clause length", 
      "short_name": "cl", 
      "uid": "f51f11b5-a9c4-43cd-a337-a9f6e6e64992", 
      "default": "", 
      "required": false, 
      "multi": false, 
      "parameter_type": "text", 
      "variable": "clauseLen", 
      "parameter": true, 
      "order": 9, 
      "description": "max predicates per rule"
    }
  }, 
  {
    "pk": 301, 
    "model": "workflows.abstractinput", 
    "fields": {
      "widget": 136, 
      "name": "data format", 
      "short_name": "fmt", 
      "uid": "e3ae46df-56bf-4137-97bc-a98214dd6525", 
      "default": "", 
      "required": false, 
      "multi": false, 
      "parameter_type": "text", 
      "variable": "dataFormat", 
      "parameter": true, 
      "order": 10, 
      "description": "data format (tab or list)"
    }
  }, 
  {
    "pk": 151, 
    "model": "workflows.abstractoutput", 
    "fields": {
      "widget": 136, 
      "name": "theory", 
      "short_name": "the", 
      "variable": "theory", 
      "uid": "c02ddff4-9c94-4c5f-8aaf-f962ac8d6572", 
      "order": 1, 
      "description": "the induced theory"
    }
  }, 
  {
    "pk": 137, 
    "model": "workflows.abstractwidget", 
    "fields": {
      "category": 24, 
      "treeview_image": "", 
      "windows_queue": false, 
      "name": "SDM-SEGS", 
      "is_streaming": false, 
      "uid": "fd68201e-c2ce-45ad-85ea-41e7171f69bd", 
      "interaction_view": "", 
      "image": "", 
      "package": "ilp", 
      "static_image": "", 
      "post_interact_action": "", 
      "user": 1, 
      "visualization_view": "", 
      "streaming_visualization_view": "", 
      "action": "call_webservice", 
      "wsdl_method": "sdmsegs", 
      "wsdl": "http://vihar.ijs.si:8096/", 
      "interactive": false, 
      "has_progress_bar": false, 
      "order": 1, 
      "description": "\t\t\t\t\r\n    SDM-SEGS web service.\r\n    \r\n    Inputs:\r\n        - inputData: str, a .tab dataset or a (pythonish) list of pairs\r\n        - interactions: str, list of interacting examples,\r\n        - mapping : str, a mapping between examples and ontological terms,\r\n        - ont1-4 : str, ontologies in OWL (legacy=false), or in SEGS's format (legacy=true)\r\n        - generalTerms : str, terms that are too general (each in new line),\r\n        - legacy : bool, turns on SEGS mode,\r\n        - posClassVal : str, if the data is class-labeled, this is the target class,\r\n        - cutoff : int, if the data is ranked, this is the cutoff value for splitting it into two classes,\r\n        - wracc_k : int, number of times an example can be covered when selecting with WRAcc,\r\n        - minimalSetSize : int, minimum number of covered examples,\r\n        - maxNumTerms : int, maximum number of conjunctions in one rule,\r\n        - maxReported : int, number of returned rules,\r\n        - maximalPvalue : float, maximum p-value of a returned rule,\r\n        - weightFisher, weightGSEA, weightPAGE : float, weights for corresponding score functions; makes sense only if legacy = false,\r\n        - dataFormat : str, legal values are 'tab' or 'list'\r\n    Output:\r\n        - json dictionary encoding the discovered rules.\r\n        \r\n    Note: See http://kt.ijs.si/software/SEGS/ for legacy format specification.\r\n    \r\n    @author: Anze Vavpetic, 2011 <anze.vavpetic@ijs.si>\r\n    \r\n\t\t\t"
    }
  }, 
  {
    "pk": 302, 
    "model": "workflows.abstractinput", 
    "fields": {
      "widget": 137, 
      "name": "Timeout", 
      "short_name": "to", 
      "uid": "d8412f16-25bd-4109-8208-12be9bd4fa17", 
      "default": "60", 
      "required": false, 
      "multi": false, 
      "parameter_type": "text", 
      "variable": "timeout", 
      "parameter": true, 
      "order": 1, 
      "description": ""
    }
  }, 
  {
    "pk": 303, 
    "model": "workflows.abstractinput", 
    "fields": {
      "widget": 137, 
      "name": "Send empty strings to webservices", 
      "short_name": "ses", 
      "uid": "0efe46b1-f1f4-4811-aacf-5f97a23e925d", 
      "default": "", 
      "required": false, 
      "multi": false, 
      "parameter_type": "checkbox", 
      "variable": "sendemptystrings", 
      "parameter": true, 
      "order": 2, 
      "description": ""
    }
  }, 
  {
    "pk": 304, 
    "model": "workflows.abstractinput", 
    "fields": {
      "widget": 137, 
      "name": "ont3", 
      "short_name": "ont", 
      "uid": "5b1a953e-0cf6-401b-81ce-f1773e0ca1f9", 
      "default": "", 
      "required": false, 
      "multi": false, 
      "parameter_type": null, 
      "variable": "ont3", 
      "parameter": false, 
      "order": 3, 
      "description": ""
    }
  }, 
  {
    "pk": 305, 
    "model": "workflows.abstractinput", 
    "fields": {
      "widget": 137, 
      "name": "ont2", 
      "short_name": "ont", 
      "uid": "3b0d4d2e-177e-4054-81d1-a841f4761f94", 
      "default": "", 
      "required": false, 
      "multi": false, 
      "parameter_type": null, 
      "variable": "ont2", 
      "parameter": false, 
      "order": 4, 
      "description": ""
    }
  }, 
  {
    "pk": 306, 
    "model": "workflows.abstractinput", 
    "fields": {
      "widget": 137, 
      "name": "ont1", 
      "short_name": "ont", 
      "uid": "5a86e8aa-9230-4bd3-80f2-3b2bc2ebc2b8", 
      "default": "", 
      "required": false, 
      "multi": false, 
      "parameter_type": null, 
      "variable": "ont1", 
      "parameter": false, 
      "order": 5, 
      "description": ""
    }
  }, 
  {
    "pk": 307, 
    "model": "workflows.abstractinput", 
    "fields": {
      "widget": 137, 
      "name": "generalTerms", 
      "short_name": "gen", 
      "uid": "141f075c-3634-4d6e-8254-fd9afbaa0eb7", 
      "default": "", 
      "required": false, 
      "multi": false, 
      "parameter_type": null, 
      "variable": "generalTerms", 
      "parameter": false, 
      "order": 6, 
      "description": ""
    }
  }, 
  {
    "pk": 308, 
    "model": "workflows.abstractinput", 
    "fields": {
      "widget": 137, 
      "name": "interactions", 
      "short_name": "int", 
      "uid": "303998af-0f97-4895-b5fb-1ec57f0ab706", 
      "default": "", 
      "required": false, 
      "multi": false, 
      "parameter_type": null, 
      "variable": "interactions", 
      "parameter": false, 
      "order": 7, 
      "description": ""
    }
  }, 
  {
    "pk": 309, 
    "model": "workflows.abstractinput", 
    "fields": {
      "widget": 137, 
      "name": "maxNumTerms", 
      "short_name": "max", 
      "uid": "8cbf4e91-616c-4b35-a16e-86c6ca1e2dd4", 
      "default": "", 
      "required": false, 
      "multi": false, 
      "parameter_type": "text", 
      "variable": "maxNumTerms", 
      "parameter": true, 
      "order": 8, 
      "description": ""
    }
  }, 
  {
    "pk": 310, 
    "model": "workflows.abstractinput", 
    "fields": {
      "widget": 137, 
      "name": "ont4", 
      "short_name": "ont", 
      "uid": "0c790fc0-5f7f-4117-9b9f-dae365eb88f4", 
      "default": "", 
      "required": false, 
      "multi": false, 
      "parameter_type": null, 
      "variable": "ont4", 
      "parameter": false, 
      "order": 9, 
      "description": ""
    }
  }, 
  {
    "pk": 311, 
    "model": "workflows.abstractinput", 
    "fields": {
      "widget": 137, 
      "name": "mapping", 
      "short_name": "map", 
      "uid": "e9b6fee9-ca19-4aaf-9acf-9ecb98f11f5b", 
      "default": "", 
      "required": false, 
      "multi": false, 
      "parameter_type": null, 
      "variable": "mapping", 
      "parameter": false, 
      "order": 10, 
      "description": ""
    }
  }, 
  {
    "pk": 312, 
    "model": "workflows.abstractinput", 
    "fields": {
      "widget": 137, 
      "name": "weightGSEA", 
      "short_name": "wei", 
      "uid": "3e15d380-742f-4134-8093-097e053bdccb", 
      "default": "", 
      "required": false, 
      "multi": false, 
      "parameter_type": "text", 
      "variable": "weightGSEA", 
      "parameter": true, 
      "order": 11, 
      "description": ""
    }
  }, 
  {
    "pk": 313, 
    "model": "workflows.abstractinput", 
    "fields": {
      "widget": 137, 
      "name": "wracc_k", 
      "short_name": "wra", 
      "uid": "cb312cf6-2e82-4f17-8f36-8b0f8d17a8e0", 
      "default": "", 
      "required": false, 
      "multi": false, 
      "parameter_type": "text", 
      "variable": "wracc_k", 
      "parameter": true, 
      "order": 12, 
      "description": ""
    }
  }, 
  {
    "pk": 314, 
    "model": "workflows.abstractinput", 
    "fields": {
      "widget": 137, 
      "name": "maximalPvalue", 
      "short_name": "max", 
      "uid": "b2b31c12-b1aa-4b7f-ace7-005035b92ed7", 
      "default": "", 
      "required": false, 
      "multi": false, 
      "parameter_type": "text", 
      "variable": "maximalPvalue", 
      "parameter": true, 
      "order": 13, 
      "description": ""
    }
  }, 
  {
    "pk": 315, 
    "model": "workflows.abstractinput", 
    "fields": {
      "widget": 137, 
      "name": "legacy", 
      "short_name": "leg", 
      "uid": "15610106-cd5b-4dee-a3d1-ead67a3dc546", 
      "default": "", 
      "required": false, 
      "multi": false, 
      "parameter_type": "checkbox", 
      "variable": "legacy", 
      "parameter": true, 
      "order": 14, 
      "description": ""
    }
  }, 
  {
    "pk": 316, 
    "model": "workflows.abstractinput", 
    "fields": {
      "widget": 137, 
      "name": "maxReported", 
      "short_name": "max", 
      "uid": "86a886d5-7acc-41b4-9f01-09505385550c", 
      "default": "", 
      "required": false, 
      "multi": false, 
      "parameter_type": "text", 
      "variable": "maxReported", 
      "parameter": true, 
      "order": 15, 
      "description": ""
    }
  }, 
  {
    "pk": 317, 
    "model": "workflows.abstractinput", 
    "fields": {
      "widget": 137, 
      "name": "dataFormat", 
      "short_name": "dat", 
      "uid": "3ffa0341-a80e-47f5-bf77-488ef678dafa", 
      "default": "", 
      "required": false, 
      "multi": false, 
      "parameter_type": "text", 
      "variable": "dataFormat", 
      "parameter": true, 
      "order": 16, 
      "description": ""
    }
  }, 
  {
    "pk": 318, 
    "model": "workflows.abstractinput", 
    "fields": {
      "widget": 137, 
      "name": "minimalSetSize", 
      "short_name": "min", 
      "uid": "c71c5076-fc5b-4b4e-823c-68350224caef", 
      "default": "", 
      "required": false, 
      "multi": false, 
      "parameter_type": "text", 
      "variable": "minimalSetSize", 
      "parameter": true, 
      "order": 17, 
      "description": ""
    }
  }, 
  {
    "pk": 319, 
    "model": "workflows.abstractinput", 
    "fields": {
      "widget": 137, 
      "name": "weightFisher", 
      "short_name": "wei", 
      "uid": "fd4cc0d1-621d-43da-b03a-e938b104011d", 
      "default": "", 
      "required": false, 
      "multi": false, 
      "parameter_type": "text", 
      "variable": "weightFisher", 
      "parameter": true, 
      "order": 18, 
      "description": ""
    }
  }, 
  {
    "pk": 320, 
    "model": "workflows.abstractinput", 
    "fields": {
      "widget": 137, 
      "name": "posClassVal", 
      "short_name": "pos", 
      "uid": "f78ab9ea-d0aa-41e4-afc2-383f0c74ce5d", 
      "default": "", 
      "required": false, 
      "multi": false, 
      "parameter_type": "text", 
      "variable": "posClassVal", 
      "parameter": true, 
      "order": 19, 
      "description": ""
    }
  }, 
  {
    "pk": 321, 
    "model": "workflows.abstractinput", 
    "fields": {
      "widget": 137, 
      "name": "cutoff", 
      "short_name": "cut", 
      "uid": "5a8a4fce-7d56-43c8-9a88-1cc35969d27f", 
      "default": "", 
      "required": false, 
      "multi": false, 
      "parameter_type": "text", 
      "variable": "cutoff", 
      "parameter": true, 
      "order": 20, 
      "description": ""
    }
  }, 
  {
    "pk": 322, 
    "model": "workflows.abstractinput", 
    "fields": {
      "widget": 137, 
      "name": "inputData", 
      "short_name": "inp", 
      "uid": "4b925bc7-8605-472b-856d-35c0ec4441d2", 
      "default": "", 
      "required": false, 
      "multi": false, 
      "parameter_type": null, 
      "variable": "inputData", 
      "parameter": false, 
      "order": 21, 
      "description": ""
    }
  }, 
  {
    "pk": 323, 
    "model": "workflows.abstractinput", 
    "fields": {
      "widget": 137, 
      "name": "weightPAGE", 
      "short_name": "wei", 
      "uid": "22268dfd-5362-45b8-bcec-8bbfa547b826", 
      "default": "", 
      "required": false, 
      "multi": false, 
      "parameter_type": "text", 
      "variable": "weightPAGE", 
      "parameter": true, 
      "order": 22, 
      "description": ""
    }
  }, 
  {
    "pk": 152, 
    "model": "workflows.abstractoutput", 
    "fields": {
      "widget": 137, 
      "name": "rules", 
      "short_name": "rls", 
      "variable": "rules", 
      "uid": "f3f44526-0877-4912-a89c-0bc14b1da6c2", 
      "order": 1, 
      "description": ""
    }
  }, 
  {
    "pk": 138, 
    "model": "workflows.abstractwidget", 
    "fields": {
      "category": 24, 
      "treeview_image": "", 
      "windows_queue": false, 
      "name": "SDM-SEGS Rule Viewer", 
      "is_streaming": false, 
      "uid": "792b7437-a9b5-4fca-8b21-f9939e9ff8e7", 
      "interaction_view": "", 
      "image": "", 
      "package": "ilp", 
      "static_image": "ilp.png", 
      "post_interact_action": "", 
      "user": null, 
      "visualization_view": "ilp_sdmsegs_rule_viewer", 
      "streaming_visualization_view": "", 
      "action": "ilp_sdmsegs_rule_viewer", 
      "wsdl_method": "", 
      "wsdl": "", 
      "interactive": false, 
      "has_progress_bar": false, 
      "order": 1, 
      "description": "Displays SDM-SEGS rules."
    }
  }, 
  {
    "pk": 324, 
    "model": "workflows.abstractinput", 
    "fields": {
      "widget": 138, 
      "name": "SDM-SEGS rules", 
      "short_name": "rls", 
      "uid": "06cc9c5e-9250-423b-9c1e-6468f965284a", 
      "default": "", 
      "required": true, 
      "multi": false, 
      "parameter_type": null, 
      "variable": "sdmsegs_rules", 
      "parameter": false, 
      "order": 1, 
      "description": "SDM-SEGS rules"
    }
  }, 
  {
    "pk": 179, 
    "model": "workflows.abstractwidget", 
    "fields": {
      "category": 24, 
      "treeview_image": "", 
      "windows_queue": false, 
      "name": "TreeLiker", 
      "is_streaming": false, 
      "uid": "5b768023-a9df-4487-abf7-29844738cf7c", 
      "interaction_view": "", 
      "image": "", 
      "package": "ilp", 
      "static_image": "ilp.png", 
      "post_interact_action": "", 
      "user": null, 
      "visualization_view": "", 
      "streaming_visualization_view": "", 
      "action": "ilp_treeliker", 
      "wsdl_method": "", 
      "wsdl": "", 
      "interactive": false, 
      "has_progress_bar": false, 
      "order": 1, 
      "description": ""
    }
  }, 
  {
    "pk": 443, 
    "model": "workflows.abstractinput", 
    "fields": {
      "widget": 179, 
      "name": "Template", 
      "short_name": "tpl", 
      "uid": "7e160ade-ed96-4f93-abc8-a08d23867b2e", 
      "default": "", 
      "required": true, 
      "multi": false, 
      "parameter_type": null, 
      "variable": "template", 
      "parameter": false, 
      "order": 1, 
      "description": "Feature template"
    }
  }, 
  {
    "pk": 444, 
    "model": "workflows.abstractinput", 
    "fields": {
      "widget": 179, 
      "name": "Dataset", 
      "short_name": "dat", 
      "uid": "f02b857e-cd78-4d09-bf5e-d58344963fb5", 
      "default": "", 
      "required": true, 
      "multi": false, 
      "parameter_type": null, 
      "variable": "dataset", 
      "parameter": false, 
      "order": 2, 
      "description": "Dataset in TreeLiker format"
    }
  }, 
  {
    "pk": 445, 
    "model": "workflows.abstractinput", 
    "fields": {
      "widget": 179, 
      "name": "Algorithm", 
      "short_name": "alg", 
      "uid": "b71e1b77-e690-45e7-aed3-64da2919e8cb", 
      "default": "", 
      "required": false, 
      "multi": false, 
      "parameter_type": "select", 
      "variable": "algorithm", 
      "parameter": true, 
      "order": 3, 
      "description": "Algorithm"
    }
  }, 
  {
    "pk": 119, 
    "model": "workflows.abstractoption", 
    "fields": {
      "uid": "81636caa-6d43-4a74-829e-b87631d02fd9", 
      "abstract_input": 445, 
      "value": "hifi", 
      "name": "HiFi"
    }
  }, 
  {
    "pk": 121, 
    "model": "workflows.abstractoption", 
    "fields": {
      "uid": "701b2f6a-6f4c-4570-ae79-8b33bf9864c2", 
      "abstract_input": 445, 
      "value": "hifi_grounding_counting", 
      "name": "HiFi with grounding counting"
    }
  }, 
  {
    "pk": 118, 
    "model": "workflows.abstractoption", 
    "fields": {
      "uid": "c708639b-6219-4e7c-ba1a-4a3d1b7659d5", 
      "abstract_input": 445, 
      "value": "poly", 
      "name": "Poly"
    }
  }, 
  {
    "pk": 122, 
    "model": "workflows.abstractoption", 
    "fields": {
      "uid": "776f2d0a-2fdd-4625-a154-493ffba32c6b", 
      "abstract_input": 445, 
      "value": "poly_grounding_counting", 
      "name": "Poly with grounding counting"
    }
  }, 
  {
    "pk": 117, 
    "model": "workflows.abstractoption", 
    "fields": {
      "uid": "ae16afc9-4e8c-4f97-8920-98a8aa0dd535", 
      "abstract_input": 445, 
      "value": "relf", 
      "name": "RelF"
    }
  }, 
  {
    "pk": 120, 
    "model": "workflows.abstractoption", 
    "fields": {
      "uid": "0202b10a-73d1-46b6-82fc-73c6afb4c73d", 
      "abstract_input": 445, 
      "value": "relf_grounding_counting", 
      "name": "RelF with grounding counting"
    }
  }, 
  {
    "pk": 446, 
    "model": "workflows.abstractinput", 
    "fields": {
      "widget": 179, 
      "name": "Minimum frequency", 
      "short_name": "mfr", 
      "uid": "21261080-c05e-4ca5-8a3f-d3fcfa9cd429", 
      "default": "", 
      "required": false, 
      "multi": false, 
      "parameter_type": "text", 
      "variable": "minimum_frequency", 
      "parameter": true, 
      "order": 4, 
      "description": "Minimum frequency"
    }
  }, 
  {
    "pk": 448, 
    "model": "workflows.abstractinput", 
    "fields": {
      "widget": 179, 
      "name": "Maximum size of features (applies to HiFi and Poly algs)", 
      "short_name": "msf", 
      "uid": "88122964-dd6b-4d90-ab97-ee865c454cbc", 
      "default": "", 
      "required": false, 
      "multi": false, 
      "parameter_type": "text", 
      "variable": "maximum_size", 
      "parameter": true, 
      "order": 5, 
      "description": "Maximum size of features (applies to HiFi and Poly algs)"
    }
  }, 
  {
    "pk": 447, 
    "model": "workflows.abstractinput", 
    "fields": {
      "widget": 179, 
      "name": "Covered class (applies only to the RelF algorithm)", 
      "short_name": "ccl", 
      "uid": "a225e421-e8f1-4a79-a78b-98f7d09d34df", 
      "default": "", 
      "required": false, 
      "multi": false, 
      "parameter_type": "text", 
      "variable": "covered_class", 
      "parameter": true, 
      "order": 6, 
      "description": "Covered class (applies only to the RelF algorithm)"
    }
  }, 
  {
    "pk": 449, 
    "model": "workflows.abstractinput", 
    "fields": {
      "widget": 179, 
      "name": "Use sampling ", 
      "short_name": "smp", 
      "uid": "755563cb-3640-4737-b766-9e6db0f6a14d", 
      "default": "false", 
      "required": false, 
      "multi": false, 
      "parameter_type": "checkbox", 
      "variable": "use_sampling", 
      "parameter": true, 
      "order": 7, 
      "description": "Use sampling mode"
    }
  }, 
  {
    "pk": 450, 
    "model": "workflows.abstractinput", 
    "fields": {
      "widget": 179, 
      "name": "Sample size", 
      "short_name": "ssz", 
      "uid": "b0a6bd15-f1cb-4098-a551-95993ccf4c12", 
      "default": "", 
      "required": false, 
      "multi": false, 
      "parameter_type": "text", 
      "variable": "sample_size", 
      "parameter": true, 
      "order": 8, 
      "description": "Sample size"
    }
  }, 
  {
    "pk": 451, 
    "model": "workflows.abstractinput", 
    "fields": {
      "widget": 179, 
      "name": "Max polynomial degree (applies to Poly)", 
      "short_name": "mdg", 
      "uid": "09eec780-fed1-488b-9321-e468e0c25343", 
      "default": "", 
      "required": false, 
      "multi": false, 
      "parameter_type": "text", 
      "variable": "max_degree", 
      "parameter": true, 
      "order": 9, 
      "description": "Max polynomial degree (applies to Poly)"
    }
  }, 
  {
    "pk": 203, 
    "model": "workflows.abstractoutput", 
    "fields": {
      "widget": 179, 
      "name": "Dataset", 
      "short_name": "dat", 
      "variable": "arff", 
      "uid": "3cebb30a-d3d9-423f-9306-6ac1cfc667af", 
      "order": 1, 
      "description": "Arff dataset"
    }
  }, 
  {
    "pk": 139, 
    "model": "workflows.abstractwidget", 
    "fields": {
      "category": 24, 
      "treeview_image": "", 
      "windows_queue": false, 
      "name": "Wordification", 
      "is_streaming": false, 
      "uid": "4cb35343-2974-4c9f-ba90-db1b6ca530a4", 
      "interaction_view": "", 
      "image": "", 
      "package": "ilp", 
      "static_image": "wordification.jpg", 
      "post_interact_action": "", 
      "user": null, 
      "visualization_view": "", 
      "streaming_visualization_view": "", 
      "action": "ilp_wordification", 
      "wsdl_method": "", 
      "wsdl": "", 
      "interactive": false, 
      "has_progress_bar": false, 
      "order": 1, 
      "description": "Widget which performs transformation of a relational database into a corpus of documents, where each document can be characterized by a set of properties describing the entries of a relational database."
    }
  }, 
  {
    "pk": 325, 
    "model": "workflows.abstractinput", 
    "fields": {
      "widget": 139, 
      "name": "target_table", 
      "short_name": "odt", 
      "uid": "81dce274-b516-4121-b7a2-f6352da1183b", 
      "default": "", 
      "required": true, 
      "multi": false, 
      "parameter_type": null, 
      "variable": "target_table", 
      "parameter": false, 
      "order": 1, 
      "description": "Orange data table"
    }
  }, 
  {
    "pk": 326, 
    "model": "workflows.abstractinput", 
    "fields": {
      "widget": 139, 
      "name": "other_tables", 
      "short_name": "lot", 
      "uid": "8bf57c55-4c0c-451a-91e4-36fca2e61cfe", 
      "default": "", 
      "required": true, 
      "multi": false, 
      "parameter_type": null, 
      "variable": "other_tables", 
      "parameter": false, 
      "order": 2, 
      "description": "List of Orange data tables"
    }
  }, 
  {
    "pk": 327, 
    "model": "workflows.abstractinput", 
    "fields": {
      "widget": 139, 
      "name": "context", 
      "short_name": "ctx", 
      "uid": "d3035919-8ecf-408f-812b-2d5cb84029e9", 
      "default": "", 
      "required": true, 
      "multi": false, 
      "parameter_type": null, 
      "variable": "context", 
      "parameter": false, 
      "order": 3, 
      "description": "Context"
    }
  }, 
  {
    "pk": 328, 
    "model": "workflows.abstractinput", 
    "fields": {
      "widget": 139, 
      "name": "noise", 
      "short_name": "noi", 
      "uid": "2a5f9df6-1ab1-4c0b-ae1a-8fa2ba9fcc92", 
      "default": "0", 
      "required": false, 
      "multi": false, 
      "parameter_type": "text", 
      "variable": "noise", 
      "parameter": true, 
      "order": 4, 
      "description": "Set an upper bound on the number of negative examples allowed to be covered by an acceptable clause."
    }
  }, 
  {
    "pk": 329, 
    "model": "workflows.abstractinput", 
    "fields": {
      "widget": 139, 
      "name": "clauselength", 
      "short_name": "cln", 
      "uid": "8c282c42-ad00-4cdc-b4ef-e788f329702e", 
      "default": "4", 
      "required": false, 
      "multi": false, 
      "parameter_type": "text", 
      "variable": "clauselength", 
      "parameter": true, 
      "order": 5, 
      "description": " Sets upper bound on number of literals in an acceptable clause."
    }
  }, 
  {
    "pk": 330, 
    "model": "workflows.abstractinput", 
    "fields": {
      "widget": 139, 
      "name": "depth", 
      "short_name": "dpt", 
      "uid": "b9cdf1a0-65c1-44ba-8203-873392939fbc", 
      "default": "10", 
      "required": false, 
      "multi": false, 
      "parameter_type": "text", 
      "variable": "depth", 
      "parameter": true, 
      "order": 6, 
      "description": "Sets an upper bound on the proof depth to which theorem-proving proceeds."
    }
  }, 
  {
    "pk": 331, 
    "model": "workflows.abstractinput", 
    "fields": {
      "widget": 139, 
      "name": "evalfn", 
      "short_name": "efn", 
      "uid": "4cf0000d-c4c7-4af3-bb6b-9d571d2a18d1", 
      "default": "coverage", 
      "required": false, 
      "multi": false, 
      "parameter_type": "select", 
      "variable": "evalfn", 
      "parameter": true, 
      "order": 7, 
      "description": "Sets the evaluation function for a search."
    }
  }, 
  {
    "pk": 332, 
    "model": "workflows.abstractinput", 
    "fields": {
      "widget": 139, 
      "name": "i", 
      "short_name": "i", 
      "uid": "ae429c42-e945-4191-a576-f2a5ad5defe8", 
      "default": "2", 
      "required": false, 
      "multi": false, 
      "parameter_type": "text", 
      "variable": "i", 
      "parameter": true, 
      "order": 8, 
      "description": "Set upper bound on layers of new variables."
    }
  }, 
  {
    "pk": 333, 
    "model": "workflows.abstractinput", 
    "fields": {
      "widget": 139, 
      "name": "language", 
      "short_name": "lan", 
      "uid": "2ddde27d-f3fe-4fc5-a8c1-73e5a8d6354e", 
      "default": "inf", 
      "required": false, 
      "multi": false, 
      "parameter_type": "text", 
      "variable": "language", 
      "parameter": true, 
      "order": 9, 
      "description": "Specifies the number of occurences of a predicate symbol in any clause (inf or > 0)."
    }
  }, 
  {
    "pk": 334, 
    "model": "workflows.abstractinput", 
    "fields": {
      "widget": 139, 
      "name": "m", 
      "short_name": "m", 
      "uid": "835b85dd-7047-4f05-b60c-649e4814a711", 
      "default": "1", 
      "required": false, 
      "multi": false, 
      "parameter_type": "text", 
      "variable": "m", 
      "parameter": true, 
      "order": 10, 
      "description": "Sets a value for \"m-estimate\" calculations."
    }
  }, 
  {
    "pk": 335, 
    "model": "workflows.abstractinput", 
    "fields": {
      "widget": 139, 
      "name": "max_features", 
      "short_name": "mxf", 
      "uid": "e4a6db3f-2610-4cdd-b75f-5f8bf9939473", 
      "default": "inf", 
      "required": false, 
      "multi": false, 
      "parameter_type": "text", 
      "variable": "max_features", 
      "parameter": true, 
      "order": 11, 
      "description": "Sets an upper bound on the maximum number of boolean features constructed by searching for good clauses (inf or > 0)."
    }
  }, 
  {
    "pk": 153, 
    "model": "workflows.abstractoutput", 
    "fields": {
      "widget": 139, 
      "name": "Document corpus", 
      "short_name": "crp", 
      "variable": "corpus", 
      "uid": "c9c147fe-f3f1-43fb-909d-cb20c65ae098", 
      "order": 1, 
      "description": "Result of wordification for main target table"
    }
  }, 
  {
    "pk": 248, 
    "model": "workflows.abstractwidget", 
    "fields": {
      "category": 24, 
      "treeview_image": "treeview/ilp.png", 
      "windows_queue": false, 
      "name": "Wordification", 
      "is_streaming": false, 
      "uid": "63f936a1-6841-44c5-8340-8e4f3fef4f6a", 
      "interaction_view": "", 
      "image": "images/ilp.png", 
      "package": "ilp", 
      "static_image": "ilp.png", 
      "post_interact_action": "", 
      "user": null, 
      "visualization_view": "", 
      "streaming_visualization_view": "", 
      "action": "ilp_wordification", 
      "wsdl_method": "", 
      "wsdl": "", 
      "interactive": false, 
      "has_progress_bar": false, 
      "order": 1, 
      "description": ""
    }
  }, 
  {
    "pk": 579, 
    "model": "workflows.abstractinput", 
    "fields": {
      "widget": 248, 
      "name": "target_table", 
      "short_name": "odt", 
      "uid": "f1b77c89-ed7b-4181-9f62-c2001fd7c388", 
      "default": "", 
      "required": true, 
      "multi": false, 
      "parameter_type": null, 
      "variable": "target_table", 
      "parameter": false, 
      "order": 1, 
      "description": "Orange data table"
    }
  }, 
  {
    "pk": 580, 
    "model": "workflows.abstractinput", 
    "fields": {
      "widget": 248, 
      "name": "feature n-grams", 
      "short_name": "fng", 
      "uid": "b5eea832-1712-4db1-a677-92deca4e7a75", 
      "default": "1", 
      "required": false, 
      "multi": false, 
      "parameter_type": "text", 
      "variable": "f_ngram_size", 
      "parameter": true, 
      "order": 2, 
      "description": "Construct words out of  upto n features"
    }
  }, 
  {
    "pk": 581, 
    "model": "workflows.abstractinput", 
    "fields": {
      "widget": 248, 
      "name": "other_tables", 
      "short_name": "lot", 
      "uid": "72854a26-f7bf-46a3-988e-61caaeabdc7a", 
      "default": "", 
      "required": true, 
      "multi": false, 
      "parameter_type": null, 
      "variable": "other_tables", 
      "parameter": false, 
      "order": 3, 
      "description": "List of Orange data tables"
    }
  }, 
  {
    "pk": 582, 
    "model": "workflows.abstractinput", 
    "fields": {
      "widget": 248, 
      "name": "context", 
      "short_name": "ctx", 
      "uid": "8f02978b-e0d7-45c5-ab74-6a0e8728654d", 
      "default": "", 
      "required": true, 
      "multi": false, 
      "parameter_type": null, 
      "variable": "context", 
      "parameter": false, 
      "order": 4, 
      "description": "Context"
    }
  }, 
  {
    "pk": 263, 
    "model": "workflows.abstractoutput", 
    "fields": {
      "widget": 248, 
      "name": "Document corpus", 
      "short_name": "str", 
      "variable": "corpus", 
      "uid": "43b6d258-31a8-4ec8-a22a-e8927eeca602", 
      "order": 1, 
      "description": "Result of wordification for main target table"
    }
  }, 
  {
    "pk": 264, 
    "model": "workflows.abstractoutput", 
    "fields": {
      "widget": 248, 
      "name": "Arff table with TF-IDF values", 
      "short_name": "arf", 
      "variable": "arff", 
      "uid": "703593f1-1cae-4dd0-96c0-47211d3f4dc1", 
      "order": 1, 
      "description": "Arff table with TF-IDF values"
    }
  }
]