[{"pk": 72, "model": "workflows.category", "fields": {"name": "ILP", "parent": null, "workflow": null, "user": null, "order": 1, "uid": "ed859be5-cc13-46b9-b249-c8f026732c1c"}}, {"pk": 300, "model": "workflows.abstractwidget", "fields": {"category": 72, "treeview_image": "", "uid": "b8289304-389e-414a-98ab-273b16478cee", "is_streaming": false, "package": "ilp", "interaction_view": "", "image": "", "description": "", "static_image": "ilp.png", "action": "ilp_aleph", "user": null, "visualization_view": "", "post_interact_action": "", "wsdl_method": "", "wsdl": "", "interactive": false, "has_progress_bar": false, "order": 1, "name": "Aleph"}}, {"pk": 989, "model": "workflows.abstractinput", "fields": {"widget": 300, "name": "mode", "short_name": "mod", "default": "induce", "description": "induction mode", "required": true, "multi": false, "parameter_type": "select", "variable": "mode", "parameter": true, "order": 1, "uid": "00b174f3-250d-4c47-9a60-b515e5260e0c"}}, {"pk": 101, "model": "workflows.abstractoption", "fields": {"name": "induce", "uid": "8e5631e5-6497-4720-9e26-5936619caf5c", "value": "induce", "abstract_input": 989}}, {"pk": 105, "model": "workflows.abstractoption", "fields": {"name": "induce_constraints", "uid": "92f66b17-02fd-4bb6-b4cb-03bb54b403f6", "value": "induce_constraints", "abstract_input": 989}}, {"pk": 102, "model": "workflows.abstractoption", "fields": {"name": "induce_cover", "uid": "ce82b005-81e4-4997-80c3-05731651869a", "value": "induce_cover", "abstract_input": 989}}, {"pk": 107, "model": "workflows.abstractoption", "fields": {"name": "induce_features", "uid": "968d079a-871c-4cae-b15e-c8e7b61f3b8c", "value": "induce_features", "abstract_input": 989}}, {"pk": 103, "model": "workflows.abstractoption", "fields": {"name": "induce_max", "uid": "0103c466-0e2e-47fe-b182-0a034beb7eed", "value": "induce_max", "abstract_input": 989}}, {"pk": 106, "model": "workflows.abstractoption", "fields": {"name": "induce_modes", "uid": "78cb938d-16b8-4c7c-b712-b59e27aa837d", "value": "induce_modes", "abstract_input": 989}}, {"pk": 104, "model": "workflows.abstractoption", "fields": {"name": "induce_tree", "uid": "45f5cc84-b097-439a-9363-d2299c540913", "value": "induce_tree", "abstract_input": 989}}, {"pk": 990, "model": "workflows.abstractinput", "fields": {"widget": 300, "name": "pos", "short_name": "pos", "default": "", "description": "positive examples", "required": true, "multi": false, "parameter_type": null, "variable": "pos", "parameter": false, "order": 2, "uid": "03788382-f3b9-4580-8e85-b600874ef643"}}, {"pk": 991, "model": "workflows.abstractinput", "fields": {"widget": 300, "name": "neg", "short_name": "neg", "default": "", "description": "negative examples", "required": true, "multi": false, "parameter_type": null, "variable": "neg", "parameter": false, "order": 3, "uid": "01529349-3300-41c5-8585-3f7a90175120"}}, {"pk": 992, "model": "workflows.abstractinput", "fields": {"widget": 300, "name": "b", "short_name": "b", "default": "", "description": "background knowledge", "required": true, "multi": false, "parameter_type": null, "variable": "b", "parameter": false, "order": 4, "uid": "2ec81e9e-d911-46a1-a95d-2eaf349443a8"}}, {"pk": 988, "model": "workflows.abstractinput", "fields": {"widget": 300, "name": "settings", "short_name": "set", "default": "", "description": "settings facts", "required": false, "multi": false, "parameter_type": null, "variable": "settings", "parameter": false, "order": 5, "uid": "bfe16b08-89b1-4835-875c-6b0302fb1da3"}}, {"pk": 1045, "model": "workflows.abstractinput", "fields": {"widget": 300, "name": "minpos", "short_name": "mps", "default": "1", "description": "Set a lower bound on the number of positive examples to be covered by an acceptable clause. If the best clause covers positive examples below this number, then it is not added to the current theory. This can be used to prevent Aleph from adding ground unit clauses to the theory (by setting the value to 2).", "required": false, "multi": false, "parameter_type": "text", "variable": "minpos", "parameter": true, "order": 6, "uid": "cdeaa39a-7eeb-40eb-9443-8519cb841d2e"}}, {"pk": 1046, "model": "workflows.abstractinput", "fields": {"widget": 300, "name": "noise", "short_name": "noi", "default": "0", "description": "Set an upper bound on the number of negative examples allowed to be covered by an acceptable clause.", "required": false, "multi": false, "parameter_type": "text", "variable": "noise", "parameter": true, "order": 7, "uid": "61292a9b-ff5b-4a7e-8baf-e6810cb50dcd"}}, {"pk": 1038, "model": "workflows.abstractinput", "fields": {"widget": 300, "name": "clauselength", "short_name": "cln", "default": "4", "description": " Sets upper bound on number of literals in an acceptable clause.", "required": false, "multi": false, "parameter_type": "text", "variable": "clauselength", "parameter": true, "order": 8, "uid": "546d3a62-b499-4e61-a9b1-4f89f24ba01f"}}, {"pk": 1039, "model": "workflows.abstractinput", "fields": {"widget": 300, "name": "depth", "short_name": "dpt", "default": "10", "description": "Sets an upper bound on the proof depth to which theorem-proving proceeds.", "required": false, "multi": false, "parameter_type": "text", "variable": "depth", "parameter": true, "order": 9, "uid": "3541b804-e8f3-42c5-b022-c0b7a51f05e1"}}, {"pk": 1040, "model": "workflows.abstractinput", "fields": {"widget": 300, "name": "evalfn", "short_name": "efn", "default": "coverage", "description": "Sets the evaluation function for a search.", "required": false, "multi": false, "parameter_type": "select", "variable": "evalfn", "parameter": true, "order": 10, "uid": "27ed0924-8fa9-4cad-b033-c0a98db9f366"}}, {"pk": 112, "model": "workflows.abstractoption", "fields": {"name": "accuracy", "uid": "abd779d2-8276-4b2d-909d-2b6053d1f30f", "value": "accuracy", "abstract_input": 1040}}, {"pk": 114, "model": "workflows.abstractoption", "fields": {"name": "auto_m", "uid": "2ec2f418-657b-44f7-a420-83cb4f4baed5", "value": "auto_m", "abstract_input": 1040}}, {"pk": 109, "model": "workflows.abstractoption", "fields": {"name": "compression", "uid": "66261b29-3313-4f85-b8ab-f277e49eb40b", "value": "compression", "abstract_input": 1040}}, {"pk": 108, "model": "workflows.abstractoption", "fields": {"name": "coverage", "uid": "427cd0aa-6d3c-457e-8762-cdc7ec6b8512", "value": "coverage", "abstract_input": 1040}}, {"pk": 116, "model": "workflows.abstractoption", "fields": {"name": "entropy", "uid": "bdf9d407-95af-4b42-b923-a027c45b0f26", "value": "entropy", "abstract_input": 1040}}, {"pk": 117, "model": "workflows.abstractoption", "fields": {"name": "gini", "uid": "ddc2bde8-7143-4e8f-9e6b-cdcaea871e27", "value": "gini", "abstract_input": 1040}}, {"pk": 113, "model": "workflows.abstractoption", "fields": {"name": "laplace", "uid": "0c4fd002-57a6-40b5-ac0f-e98cc62aa957", "value": "laplace", "abstract_input": 1040}}, {"pk": 115, "model": "workflows.abstractoption", "fields": {"name": "mestimate", "uid": "2d764051-9dca-42f2-b131-2a87576c21d7", "value": "mestimate", "abstract_input": 1040}}, {"pk": 111, "model": "workflows.abstractoption", "fields": {"name": "pbayes", "uid": "0684bf39-09a5-4499-8939-51a58fcc2446", "value": "pbayes", "abstract_input": 1040}}, {"pk": 110, "model": "workflows.abstractoption", "fields": {"name": "posonly", "uid": "ecfbee4f-ce81-40ed-80a2-d53e04e9c7d3", "value": "posonly", "abstract_input": 1040}}, {"pk": 118, "model": "workflows.abstractoption", "fields": {"name": "sd", "uid": "775058c3-7763-4af7-bcf4-b629d1c0e6f1", "value": "sd", "abstract_input": 1040}}, {"pk": 119, "model": "workflows.abstractoption", "fields": {"name": "wracc", "uid": "14e08667-f530-43e6-b932-b8e2ac394ea4", "value": "wracc", "abstract_input": 1040}}, {"pk": 1041, "model": "workflows.abstractinput", "fields": {"widget": 300, "name": "i", "short_name": "i", "default": "2", "description": "Set upper bound on layers of new variables.", "required": false, "multi": false, "parameter_type": "text", "variable": "i", "parameter": true, "order": 11, "uid": "48905a20-0192-40c0-82de-2389e8fdc88e"}}, {"pk": 1042, "model": "workflows.abstractinput", "fields": {"widget": 300, "name": "language", "short_name": "lan", "default": "inf", "description": "Specifies the number of occurences of a predicate symbol in any clause (inf or > 0).", "required": false, "multi": false, "parameter_type": "text", "variable": "language", "parameter": true, "order": 12, "uid": "9de49bde-7518-4116-8606-eccc134d1d8f"}}, {"pk": 1043, "model": "workflows.abstractinput", "fields": {"widget": 300, "name": "m", "short_name": "m", "default": "1", "description": "Sets a value for \"m-estimate\" calculations.", "required": false, "multi": false, "parameter_type": "text", "variable": "m", "parameter": true, "order": 13, "uid": "b07b2b85-bc8f-4dfc-aaf8-800b94077312"}}, {"pk": 1044, "model": "workflows.abstractinput", "fields": {"widget": 300, "name": "max_features", "short_name": "mxf", "default": "inf", "description": "Sets an upper bound on the maximum number of boolean features constructed by searching for good clauses (inf or > 0).", "required": false, "multi": false, "parameter_type": "text", "variable": "max_features", "parameter": true, "order": 14, "uid": "4a275a37-e6bc-4b22-816d-b45e2ac791e2"}}, {"pk": 355, "model": "workflows.abstractoutput", "fields": {"widget": 300, "name": "theory", "short_name": "the", "description": "theory", "variable": "theory", "order": 1, "uid": "d1d8839b-a2f1-4b82-b759-7c6c7d7d57e5"}}, {"pk": 301, "model": "workflows.abstractwidget", "fields": {"category": 72, "treeview_image": "", "uid": "dabcb4ed-ae86-4f3e-8d3e-bb0306ff11f8", "is_streaming": false, "package": "ilp", "interaction_view": "", "image": "", "description": "Relational subgroup discovery by Zelezny et al.", "static_image": "ilp.png", "action": "ilp_rsd", "user": null, "visualization_view": "", "post_interact_action": "", "wsdl_method": "", "wsdl": "", "interactive": false, "has_progress_bar": false, "order": 1, "name": "RSD"}}, {"pk": 996, "model": "workflows.abstractinput", "fields": {"widget": 301, "name": "examples", "short_name": "ex", "default": "", "description": "classified examples (pos+neg in one file)", "required": false, "multi": false, "parameter_type": null, "variable": "examples", "parameter": false, "order": 1, "uid": "817a82dc-2264-4181-a31a-6a7ff2b6c882"}}, {"pk": 997, "model": "workflows.abstractinput", "fields": {"widget": 301, "name": "b", "short_name": "b", "default": "", "description": "background knowledge", "required": true, "multi": false, "parameter_type": null, "variable": "b", "parameter": false, "order": 2, "uid": "746dac3a-bcf9-4546-b0cb-ccfea866707a"}}, {"pk": 1047, "model": "workflows.abstractinput", "fields": {"widget": 301, "name": "clauselength", "short_name": "cln", "default": "8", "description": "An integer specifying the maximum length of a feature\r\nbody.", "required": false, "multi": false, "parameter_type": "text", "variable": "clauselength", "parameter": true, "order": 2, "uid": "d840e1d9-5bd1-4004-94ec-6acd5b3c9910"}}, {"pk": 994, "model": "workflows.abstractinput", "fields": {"widget": 301, "name": "pos", "short_name": "pos", "default": "", "description": "positive examples", "required": false, "multi": false, "parameter_type": null, "variable": "pos", "parameter": false, "order": 3, "uid": "676ef826-7dd9-415a-8a8a-d82146dcc95a"}}, {"pk": 1048, "model": "workflows.abstractinput", "fields": {"widget": 301, "name": "depth", "short_name": "dpt", "default": "4", "description": "An integer specifying the maximum depth of variables\r\nfound in a feature body.", "required": false, "multi": false, "parameter_type": "text", "variable": "depth", "parameter": true, "order": 3, "uid": "bed46927-aa71-46a4-9022-8219cd2f59ca"}}, {"pk": 995, "model": "workflows.abstractinput", "fields": {"widget": 301, "name": "neg", "short_name": "neg", "default": "", "description": "negative examples", "required": false, "multi": false, "parameter_type": null, "variable": "neg", "parameter": false, "order": 4, "uid": "0b46921d-50fe-46b1-a1e4-67c918160a7f"}}, {"pk": 1049, "model": "workflows.abstractinput", "fields": {"widget": 301, "name": "negation", "short_name": "neg", "default": "none", "description": "One of now, later, none.\r\nnow: To features generated by featurize.pl, process.pl\r\nwill also add their versions where the complete body is\r\nnegated. (Negations of individual literals can be done by\r\nsuitably defining background knowledge predicates.)\r\nlater: tells the program that an inducer capable of\r\nnegating features will be applied on the propositionalized\r\nrepresentation. This influences functions described below.", "required": false, "multi": false, "parameter_type": "select", "variable": "negation", "parameter": true, "order": 4, "uid": "bfff50a5-ed9b-4e3f-bfb0-e6d135a60f38"}}, {"pk": 121, "model": "workflows.abstractoption", "fields": {"name": "later", "uid": "45656c1d-a666-4689-a37d-79a7d3b9c603", "value": "later", "abstract_input": 1049}}, {"pk": 120, "model": "workflows.abstractoption", "fields": {"name": "none", "uid": "230d9101-6512-4f09-8a83-727be3fa4c74", "value": "none", "abstract_input": 1049}}, {"pk": 122, "model": "workflows.abstractoption", "fields": {"name": "now", "uid": "79eec714-165c-4d67-9eb5-8f0ebe9a374f", "value": "now", "abstract_input": 1049}}, {"pk": 993, "model": "workflows.abstractinput", "fields": {"widget": 301, "name": "settings", "short_name": "set", "default": "", "description": "settings", "required": false, "multi": false, "parameter_type": null, "variable": "settings", "parameter": false, "order": 5, "uid": "a1660c9f-952d-4f29-9f23-9b0be5fe8cea"}}, {"pk": 1050, "model": "workflows.abstractinput", "fields": {"widget": 301, "name": "min_coverage", "short_name": "mcv", "default": "1", "description": "An integer mc. All features (including negated versions)\r\ncovering fewer than mc instances will be discarded.\r\nHowever, if negation is later (see above), a feature\r\nis discarded only if both (a) coverage thereof and (b) the\r\ncoverage of its negated version are smaller than mc.", "required": false, "multi": false, "parameter_type": "text", "variable": "min_coverage", "parameter": true, "order": 5, "uid": "0864df0d-3e46-4af2-9ea3-2ccbfe33034a"}}, {"pk": 1051, "model": "workflows.abstractinput", "fields": {"widget": 301, "name": "filtering", "short_name": "flt", "default": "true", "description": "One of true, false. If true, each feature will be discarded\r\nif (a) it covers the same set of instances as some previously\r\nconstructed feature, or (b) it covers all instances.", "required": false, "multi": false, "parameter_type": "select", "variable": "flt", "parameter": true, "order": 6, "uid": "f510c2a1-454f-4ef8-b346-aba39a41ce24"}}, {"pk": 124, "model": "workflows.abstractoption", "fields": {"name": "false", "uid": "56d3293d-9d78-437e-821d-e478018e1988", "value": "false", "abstract_input": 1051}}, {"pk": 123, "model": "workflows.abstractoption", "fields": {"name": "true", "uid": "1b3a141e-2da8-4e58-9e2d-4055ee8e8470", "value": "true", "abstract_input": 1051}}, {"pk": 998, "model": "workflows.abstractinput", "fields": {"widget": 301, "name": "subgroups", "short_name": "sg", "default": "", "description": "find subgroups as well", "required": true, "multi": false, "parameter_type": "checkbox", "variable": "subgroups", "parameter": true, "order": 11, "uid": "1c982c21-0b97-40d1-a35e-30ba16342b00"}}, {"pk": 356, "model": "workflows.abstractoutput", "fields": {"widget": 301, "name": "features", "short_name": "frs", "description": "features as prolog facts", "variable": "features", "order": 1, "uid": "1097065e-83f9-4dfa-89b8-775d500caa89"}}, {"pk": 357, "model": "workflows.abstractoutput", "fields": {"widget": 301, "name": "arff", "short_name": "arf", "description": "arff file of the propositionalized data", "variable": "arff", "order": 2, "uid": "20b53049-5a43-46f8-9d1d-b49d8db2b1bc"}}, {"pk": 358, "model": "workflows.abstractoutput", "fields": {"widget": 301, "name": "rules", "short_name": "rul", "description": "rules as prolog facts", "variable": "rules", "order": 3, "uid": "3f70b720-fd68-4770-936b-68512046a12e"}}]