[
  {
    "pk": 19, 
    "model": "workflows.category", 
    "fields": {
      "uid": "ed859be5-cc13-46b9-b249-c8f026732c1c", 
      "parent": null, 
      "workflow": null, 
      "user": null, 
      "order": 1, 
      "name": "ILP"
    }
  }, 
  {
    "pk": 102, 
    "model": "workflows.abstractwidget", 
    "fields": {
      "category": 19, 
      "treeview_image": "", 
      "name": "Aleph", 
      "is_streaming": false, 
      "uid": "b8289304-389e-414a-98ab-273b16478cee", 
      "interaction_view": "", 
      "image": "", 
      "package": "ilp", 
      "static_image": "ilp.png", 
      "post_interact_action": "", 
      "user": null, 
      "visualization_view": "", 
      "action": "ilp_aleph", 
      "wsdl_method": "", 
      "wsdl": "", 
      "interactive": false, 
      "has_progress_bar": false, 
      "order": 1, 
      "description": ""
    }
  }, 
  {
    "pk": 188, 
    "model": "workflows.abstractinput", 
    "fields": {
      "widget": 102, 
      "name": "mode", 
      "short_name": "mod", 
      "uid": "00b174f3-250d-4c47-9a60-b515e5260e0c", 
      "default": "induce", 
      "required": true, 
      "multi": false, 
      "parameter_type": "select", 
      "variable": "mode", 
      "parameter": true, 
      "order": 2, 
      "description": "induction mode"
    }
  }, 
  {
    "pk": 62, 
    "model": "workflows.abstractoption", 
    "fields": {
      "uid": "8e5631e5-6497-4720-9e26-5936619caf5c", 
      "abstract_input": 188, 
      "value": "induce", 
      "name": "induce"
    }
  }, 
  {
    "pk": 63, 
    "model": "workflows.abstractoption", 
    "fields": {
      "uid": "92f66b17-02fd-4bb6-b4cb-03bb54b403f6", 
      "abstract_input": 188, 
      "value": "induce_constraints", 
      "name": "induce_constraints"
    }
  }, 
  {
    "pk": 64, 
    "model": "workflows.abstractoption", 
    "fields": {
      "uid": "ce82b005-81e4-4997-80c3-05731651869a", 
      "abstract_input": 188, 
      "value": "induce_cover", 
      "name": "induce_cover"
    }
  }, 
  {
    "pk": 65, 
    "model": "workflows.abstractoption", 
    "fields": {
      "uid": "968d079a-871c-4cae-b15e-c8e7b61f3b8c", 
      "abstract_input": 188, 
      "value": "induce_features", 
      "name": "induce_features"
    }
  }, 
  {
    "pk": 66, 
    "model": "workflows.abstractoption", 
    "fields": {
      "uid": "0103c466-0e2e-47fe-b182-0a034beb7eed", 
      "abstract_input": 188, 
      "value": "induce_max", 
      "name": "induce_max"
    }
  }, 
  {
    "pk": 67, 
    "model": "workflows.abstractoption", 
    "fields": {
      "uid": "78cb938d-16b8-4c7c-b712-b59e27aa837d", 
      "abstract_input": 188, 
      "value": "induce_modes", 
      "name": "induce_modes"
    }
  }, 
  {
    "pk": 68, 
    "model": "workflows.abstractoption", 
    "fields": {
      "uid": "45f5cc84-b097-439a-9363-d2299c540913", 
      "abstract_input": 188, 
      "value": "induce_tree", 
      "name": "induce_tree"
    }
  }, 
  {
    "pk": 189, 
    "model": "workflows.abstractinput", 
    "fields": {
      "widget": 102, 
      "name": "pos", 
      "short_name": "pos", 
      "uid": "03788382-f3b9-4580-8e85-b600874ef643", 
      "default": "", 
      "required": true, 
      "multi": false, 
      "parameter_type": null, 
      "variable": "pos", 
      "parameter": false, 
      "order": 3, 
      "description": "positive examples"
    }
  }, 
  {
    "pk": 190, 
    "model": "workflows.abstractinput", 
    "fields": {
      "widget": 102, 
      "name": "neg", 
      "short_name": "neg", 
      "uid": "01529349-3300-41c5-8585-3f7a90175120", 
      "default": "", 
      "required": true, 
      "multi": false, 
      "parameter_type": null, 
      "variable": "neg", 
      "parameter": false, 
      "order": 4, 
      "description": "negative examples"
    }
  }, 
  {
    "pk": 191, 
    "model": "workflows.abstractinput", 
    "fields": {
      "widget": 102, 
      "name": "b", 
      "short_name": "b", 
      "uid": "2ec81e9e-d911-46a1-a95d-2eaf349443a8", 
      "default": "", 
      "required": true, 
      "multi": false, 
      "parameter_type": null, 
      "variable": "b", 
      "parameter": false, 
      "order": 5, 
      "description": "background knowledge"
    }
  }, 
  {
    "pk": 192, 
    "model": "workflows.abstractinput", 
    "fields": {
      "widget": 102, 
      "name": "settings", 
      "short_name": "set", 
      "uid": "bfe16b08-89b1-4835-875c-6b0302fb1da3", 
      "default": "", 
      "required": false, 
      "multi": false, 
      "parameter_type": null, 
      "variable": "settings", 
      "parameter": false, 
      "order": 6, 
      "description": "settings facts"
    }
  }, 
  {
    "pk": 193, 
    "model": "workflows.abstractinput", 
    "fields": {
      "widget": 102, 
      "name": "minpos", 
      "short_name": "mps", 
      "uid": "cdeaa39a-7eeb-40eb-9443-8519cb841d2e", 
      "default": "1", 
      "required": false, 
      "multi": false, 
      "parameter_type": "text", 
      "variable": "minpos", 
      "parameter": true, 
      "order": 7, 
      "description": "Set a lower bound on the number of positive examples to be covered by an acceptable clause. If the best clause covers positive examples below this number, then it is not added to the current theory. This can be used to prevent Aleph from adding ground unit clauses to the theory (by setting the value to 2)."
    }
  }, 
  {
    "pk": 194, 
    "model": "workflows.abstractinput", 
    "fields": {
      "widget": 102, 
      "name": "noise", 
      "short_name": "noi", 
      "uid": "61292a9b-ff5b-4a7e-8baf-e6810cb50dcd", 
      "default": "0", 
      "required": false, 
      "multi": false, 
      "parameter_type": "text", 
      "variable": "noise", 
      "parameter": true, 
      "order": 8, 
      "description": "Set an upper bound on the number of negative examples allowed to be covered by an acceptable clause."
    }
  }, 
  {
    "pk": 195, 
    "model": "workflows.abstractinput", 
    "fields": {
      "widget": 102, 
      "name": "clauselength", 
      "short_name": "cln", 
      "uid": "546d3a62-b499-4e61-a9b1-4f89f24ba01f", 
      "default": "4", 
      "required": false, 
      "multi": false, 
      "parameter_type": "text", 
      "variable": "clauselength", 
      "parameter": true, 
      "order": 9, 
      "description": " Sets upper bound on number of literals in an acceptable clause."
    }
  }, 
  {
    "pk": 196, 
    "model": "workflows.abstractinput", 
    "fields": {
      "widget": 102, 
      "name": "depth", 
      "short_name": "dpt", 
      "uid": "3541b804-e8f3-42c5-b022-c0b7a51f05e1", 
      "default": "10", 
      "required": false, 
      "multi": false, 
      "parameter_type": "text", 
      "variable": "depth", 
      "parameter": true, 
      "order": 10, 
      "description": "Sets an upper bound on the proof depth to which theorem-proving proceeds."
    }
  }, 
  {
    "pk": 197, 
    "model": "workflows.abstractinput", 
    "fields": {
      "widget": 102, 
      "name": "evalfn", 
      "short_name": "efn", 
      "uid": "27ed0924-8fa9-4cad-b033-c0a98db9f366", 
      "default": "coverage", 
      "required": false, 
      "multi": false, 
      "parameter_type": "select", 
      "variable": "evalfn", 
      "parameter": true, 
      "order": 11, 
      "description": "Sets the evaluation function for a search."
    }
  }, 
  {
    "pk": 69, 
    "model": "workflows.abstractoption", 
    "fields": {
      "uid": "abd779d2-8276-4b2d-909d-2b6053d1f30f", 
      "abstract_input": 197, 
      "value": "accuracy", 
      "name": "accuracy"
    }
  }, 
  {
    "pk": 70, 
    "model": "workflows.abstractoption", 
    "fields": {
      "uid": "2ec2f418-657b-44f7-a420-83cb4f4baed5", 
      "abstract_input": 197, 
      "value": "auto_m", 
      "name": "auto_m"
    }
  }, 
  {
    "pk": 71, 
    "model": "workflows.abstractoption", 
    "fields": {
      "uid": "66261b29-3313-4f85-b8ab-f277e49eb40b", 
      "abstract_input": 197, 
      "value": "compression", 
      "name": "compression"
    }
  }, 
  {
    "pk": 72, 
    "model": "workflows.abstractoption", 
    "fields": {
      "uid": "427cd0aa-6d3c-457e-8762-cdc7ec6b8512", 
      "abstract_input": 197, 
      "value": "coverage", 
      "name": "coverage"
    }
  }, 
  {
    "pk": 73, 
    "model": "workflows.abstractoption", 
    "fields": {
      "uid": "bdf9d407-95af-4b42-b923-a027c45b0f26", 
      "abstract_input": 197, 
      "value": "entropy", 
      "name": "entropy"
    }
  }, 
  {
    "pk": 74, 
    "model": "workflows.abstractoption", 
    "fields": {
      "uid": "ddc2bde8-7143-4e8f-9e6b-cdcaea871e27", 
      "abstract_input": 197, 
      "value": "gini", 
      "name": "gini"
    }
  }, 
  {
    "pk": 75, 
    "model": "workflows.abstractoption", 
    "fields": {
      "uid": "0c4fd002-57a6-40b5-ac0f-e98cc62aa957", 
      "abstract_input": 197, 
      "value": "laplace", 
      "name": "laplace"
    }
  }, 
  {
    "pk": 76, 
    "model": "workflows.abstractoption", 
    "fields": {
      "uid": "2d764051-9dca-42f2-b131-2a87576c21d7", 
      "abstract_input": 197, 
      "value": "mestimate", 
      "name": "mestimate"
    }
  }, 
  {
    "pk": 77, 
    "model": "workflows.abstractoption", 
    "fields": {
      "uid": "0684bf39-09a5-4499-8939-51a58fcc2446", 
      "abstract_input": 197, 
      "value": "pbayes", 
      "name": "pbayes"
    }
  }, 
  {
    "pk": 78, 
    "model": "workflows.abstractoption", 
    "fields": {
      "uid": "ecfbee4f-ce81-40ed-80a2-d53e04e9c7d3", 
      "abstract_input": 197, 
      "value": "posonly", 
      "name": "posonly"
    }
  }, 
  {
    "pk": 79, 
    "model": "workflows.abstractoption", 
    "fields": {
      "uid": "775058c3-7763-4af7-bcf4-b629d1c0e6f1", 
      "abstract_input": 197, 
      "value": "sd", 
      "name": "sd"
    }
  }, 
  {
    "pk": 80, 
    "model": "workflows.abstractoption", 
    "fields": {
      "uid": "14e08667-f530-43e6-b932-b8e2ac394ea4", 
      "abstract_input": 197, 
      "value": "wracc", 
      "name": "wracc"
    }
  }, 
  {
    "pk": 198, 
    "model": "workflows.abstractinput", 
    "fields": {
      "widget": 102, 
      "name": "i", 
      "short_name": "i", 
      "uid": "48905a20-0192-40c0-82de-2389e8fdc88e", 
      "default": "2", 
      "required": false, 
      "multi": false, 
      "parameter_type": "text", 
      "variable": "i", 
      "parameter": true, 
      "order": 12, 
      "description": "Set upper bound on layers of new variables."
    }
  }, 
  {
    "pk": 199, 
    "model": "workflows.abstractinput", 
    "fields": {
      "widget": 102, 
      "name": "language", 
      "short_name": "lan", 
      "uid": "9de49bde-7518-4116-8606-eccc134d1d8f", 
      "default": "inf", 
      "required": false, 
      "multi": false, 
      "parameter_type": "text", 
      "variable": "language", 
      "parameter": true, 
      "order": 13, 
      "description": "Specifies the number of occurences of a predicate symbol in any clause (inf or > 0)."
    }
  }, 
  {
    "pk": 200, 
    "model": "workflows.abstractinput", 
    "fields": {
      "widget": 102, 
      "name": "m", 
      "short_name": "m", 
      "uid": "b07b2b85-bc8f-4dfc-aaf8-800b94077312", 
      "default": "1", 
      "required": false, 
      "multi": false, 
      "parameter_type": "text", 
      "variable": "m", 
      "parameter": true, 
      "order": 14, 
      "description": "Sets a value for \"m-estimate\" calculations."
    }
  }, 
  {
    "pk": 201, 
    "model": "workflows.abstractinput", 
    "fields": {
      "widget": 102, 
      "name": "max_features", 
      "short_name": "mxf", 
      "uid": "4a275a37-e6bc-4b22-816d-b45e2ac791e2", 
      "default": "inf", 
      "required": false, 
      "multi": false, 
      "parameter_type": "text", 
      "variable": "max_features", 
      "parameter": true, 
      "order": 15, 
      "description": "Sets an upper bound on the maximum number of boolean features constructed by searching for good clauses (inf or > 0)."
    }
  }, 
  {
    "pk": 113, 
    "model": "workflows.abstractoutput", 
    "fields": {
      "widget": 102, 
      "name": "theory", 
      "short_name": "the", 
      "variable": "theory", 
      "uid": "d1d8839b-a2f1-4b82-b759-7c6c7d7d57e5", 
      "order": 1, 
      "description": "theory"
    }
  }, 
  {
    "pk": 103, 
    "model": "workflows.abstractwidget", 
    "fields": {
      "category": 19, 
      "treeview_image": "", 
      "name": "RSD", 
      "is_streaming": false, 
      "uid": "dabcb4ed-ae86-4f3e-8d3e-bb0306ff11f8", 
      "interaction_view": "", 
      "image": "", 
      "package": "ilp", 
      "static_image": "ilp.png", 
      "post_interact_action": "", 
      "user": null, 
      "visualization_view": "", 
      "action": "ilp_rsd", 
      "wsdl_method": "", 
      "wsdl": "", 
      "interactive": false, 
      "has_progress_bar": false, 
      "order": 1, 
      "description": "Relational subgroup discovery by Zelezny et al."
    }
  }, 
  {
    "pk": 202, 
    "model": "workflows.abstractinput", 
    "fields": {
      "widget": 103, 
      "name": "examples", 
      "short_name": "ex", 
      "uid": "817a82dc-2264-4181-a31a-6a7ff2b6c882", 
      "default": "", 
      "required": false, 
      "multi": false, 
      "parameter_type": null, 
      "variable": "examples", 
      "parameter": false, 
      "order": 1, 
      "description": "classified examples (pos+neg in one file)"
    }
  }, 
  {
    "pk": 203, 
    "model": "workflows.abstractinput", 
    "fields": {
      "widget": 103, 
      "name": "b", 
      "short_name": "b", 
      "uid": "746dac3a-bcf9-4546-b0cb-ccfea866707a", 
      "default": "", 
      "required": true, 
      "multi": false, 
      "parameter_type": null, 
      "variable": "b", 
      "parameter": false, 
      "order": 2, 
      "description": "background knowledge"
    }
  }, 
  {
    "pk": 204, 
    "model": "workflows.abstractinput", 
    "fields": {
      "widget": 103, 
      "name": "clauselength", 
      "short_name": "cln", 
      "uid": "d840e1d9-5bd1-4004-94ec-6acd5b3c9910", 
      "default": "8", 
      "required": false, 
      "multi": false, 
      "parameter_type": "text", 
      "variable": "clauselength", 
      "parameter": true, 
      "order": 2, 
      "description": "An integer specifying the maximum length of a feature\r\nbody."
    }
  }, 
  {
    "pk": 205, 
    "model": "workflows.abstractinput", 
    "fields": {
      "widget": 103, 
      "name": "pos", 
      "short_name": "pos", 
      "uid": "676ef826-7dd9-415a-8a8a-d82146dcc95a", 
      "default": "", 
      "required": false, 
      "multi": false, 
      "parameter_type": null, 
      "variable": "pos", 
      "parameter": false, 
      "order": 3, 
      "description": "positive examples"
    }
  }, 
  {
    "pk": 206, 
    "model": "workflows.abstractinput", 
    "fields": {
      "widget": 103, 
      "name": "depth", 
      "short_name": "dpt", 
      "uid": "bed46927-aa71-46a4-9022-8219cd2f59ca", 
      "default": "4", 
      "required": false, 
      "multi": false, 
      "parameter_type": "text", 
      "variable": "depth", 
      "parameter": true, 
      "order": 3, 
      "description": "An integer specifying the maximum depth of variables\r\nfound in a feature body."
    }
  }, 
  {
    "pk": 207, 
    "model": "workflows.abstractinput", 
    "fields": {
      "widget": 103, 
      "name": "neg", 
      "short_name": "neg", 
      "uid": "0b46921d-50fe-46b1-a1e4-67c918160a7f", 
      "default": "", 
      "required": false, 
      "multi": false, 
      "parameter_type": null, 
      "variable": "neg", 
      "parameter": false, 
      "order": 4, 
      "description": "negative examples"
    }
  }, 
  {
    "pk": 208, 
    "model": "workflows.abstractinput", 
    "fields": {
      "widget": 103, 
      "name": "negation", 
      "short_name": "neg", 
      "uid": "bfff50a5-ed9b-4e3f-bfb0-e6d135a60f38", 
      "default": "none", 
      "required": false, 
      "multi": false, 
      "parameter_type": "select", 
      "variable": "negation", 
      "parameter": true, 
      "order": 4, 
      "description": "One of now, later, none.\r\nnow: To features generated by featurize.pl, process.pl\r\nwill also add their versions where the complete body is\r\nnegated. (Negations of individual literals can be done by\r\nsuitably defining background knowledge predicates.)\r\nlater: tells the program that an inducer capable of\r\nnegating features will be applied on the propositionalized\r\nrepresentation. This influences functions described below."
    }
  }, 
  {
    "pk": 81, 
    "model": "workflows.abstractoption", 
    "fields": {
      "uid": "45656c1d-a666-4689-a37d-79a7d3b9c603", 
      "abstract_input": 208, 
      "value": "later", 
      "name": "later"
    }
  }, 
  {
    "pk": 82, 
    "model": "workflows.abstractoption", 
    "fields": {
      "uid": "230d9101-6512-4f09-8a83-727be3fa4c74", 
      "abstract_input": 208, 
      "value": "none", 
      "name": "none"
    }
  }, 
  {
    "pk": 83, 
    "model": "workflows.abstractoption", 
    "fields": {
      "uid": "79eec714-165c-4d67-9eb5-8f0ebe9a374f", 
      "abstract_input": 208, 
      "value": "now", 
      "name": "now"
    }
  }, 
  {
    "pk": 209, 
    "model": "workflows.abstractinput", 
    "fields": {
      "widget": 103, 
      "name": "settings", 
      "short_name": "set", 
      "uid": "a1660c9f-952d-4f29-9f23-9b0be5fe8cea", 
      "default": "", 
      "required": false, 
      "multi": false, 
      "parameter_type": null, 
      "variable": "settings", 
      "parameter": false, 
      "order": 5, 
      "description": "settings"
    }
  }, 
  {
    "pk": 210, 
    "model": "workflows.abstractinput", 
    "fields": {
      "widget": 103, 
      "name": "min_coverage", 
      "short_name": "mcv", 
      "uid": "0864df0d-3e46-4af2-9ea3-2ccbfe33034a", 
      "default": "1", 
      "required": false, 
      "multi": false, 
      "parameter_type": "text", 
      "variable": "min_coverage", 
      "parameter": true, 
      "order": 5, 
      "description": "An integer mc. All features (including negated versions)\r\ncovering fewer than mc instances will be discarded.\r\nHowever, if negation is later (see above), a feature\r\nis discarded only if both (a) coverage thereof and (b) the\r\ncoverage of its negated version are smaller than mc."
    }
  }, 
  {
    "pk": 211, 
    "model": "workflows.abstractinput", 
    "fields": {
      "widget": 103, 
      "name": "filtering", 
      "short_name": "flt", 
      "uid": "f510c2a1-454f-4ef8-b346-aba39a41ce24", 
      "default": "true", 
      "required": false, 
      "multi": false, 
      "parameter_type": "select", 
      "variable": "flt", 
      "parameter": true, 
      "order": 6, 
      "description": "One of true, false. If true, each feature will be discarded\r\nif (a) it covers the same set of instances as some previously\r\nconstructed feature, or (b) it covers all instances."
    }
  }, 
  {
    "pk": 84, 
    "model": "workflows.abstractoption", 
    "fields": {
      "uid": "56d3293d-9d78-437e-821d-e478018e1988", 
      "abstract_input": 211, 
      "value": "false", 
      "name": "false"
    }
  }, 
  {
    "pk": 85, 
    "model": "workflows.abstractoption", 
    "fields": {
      "uid": "1b3a141e-2da8-4e58-9e2d-4055ee8e8470", 
      "abstract_input": 211, 
      "value": "true", 
      "name": "true"
    }
  }, 
  {
    "pk": 212, 
    "model": "workflows.abstractinput", 
    "fields": {
      "widget": 103, 
      "name": "subgroups", 
      "short_name": "sg", 
      "uid": "1c982c21-0b97-40d1-a35e-30ba16342b00", 
      "default": "", 
      "required": true, 
      "multi": false, 
      "parameter_type": "checkbox", 
      "variable": "subgroups", 
      "parameter": true, 
      "order": 11, 
      "description": "find subgroups as well"
    }
  }, 
  {
    "pk": 114, 
    "model": "workflows.abstractoutput", 
    "fields": {
      "widget": 103, 
      "name": "features", 
      "short_name": "frs", 
      "variable": "features", 
      "uid": "1097065e-83f9-4dfa-89b8-775d500caa89", 
      "order": 1, 
      "description": "features as prolog facts"
    }
  }, 
  {
    "pk": 115, 
    "model": "workflows.abstractoutput", 
    "fields": {
      "widget": 103, 
      "name": "arff", 
      "short_name": "arf", 
      "variable": "arff", 
      "uid": "20b53049-5a43-46f8-9d1d-b49d8db2b1bc", 
      "order": 2, 
      "description": "arff file of the propositionalized data"
    }
  }, 
  {
    "pk": 116, 
    "model": "workflows.abstractoutput", 
    "fields": {
      "widget": 103, 
      "name": "rules", 
      "short_name": "rul", 
      "variable": "rules", 
      "uid": "3f70b720-fd68-4770-936b-68512046a12e", 
      "order": 3, 
      "description": "rules as prolog facts"
    }
  }, 
  {
    "pk": 109, 
    "model": "workflows.abstractwidget", 
    "fields": {
      "category": 19, 
      "treeview_image": "", 
      "name": "Wordification", 
      "is_streaming": false, 
      "uid": "4cb35343-2974-4c9f-ba90-db1b6ca530a4", 
      "interaction_view": "", 
      "image": "", 
      "package": "ilp", 
      "static_image": "wordification.jpg", 
      "post_interact_action": "", 
      "user": null, 
      "visualization_view": "", 
      "action": "ilp_wordification", 
      "wsdl_method": "", 
      "wsdl": "", 
      "interactive": false, 
      "has_progress_bar": false, 
      "order": 1, 
      "description": ""
    }
  }, 
  {
    "pk": 221, 
    "model": "workflows.abstractinput", 
    "fields": {
      "widget": 109, 
      "name": "target_table", 
      "short_name": "odt", 
      "uid": "81dce274-b516-4121-b7a2-f6352da1183b", 
      "default": "", 
      "required": true, 
      "multi": false, 
      "parameter_type": null, 
      "variable": "target_table", 
      "parameter": false, 
      "order": 1, 
      "description": "Orange data table"
    }
  }, 
  {
    "pk": 222, 
    "model": "workflows.abstractinput", 
    "fields": {
      "widget": 109, 
      "name": "other_tables", 
      "short_name": "lot", 
      "uid": "8bf57c55-4c0c-451a-91e4-36fca2e61cfe", 
      "default": "", 
      "required": true, 
      "multi": false, 
      "parameter_type": null, 
      "variable": "other_tables", 
      "parameter": false, 
      "order": 2, 
      "description": "List of Orange data tables"
    }
  }, 
  {
    "pk": 226, 
    "model": "workflows.abstractinput", 
    "fields": {
      "widget": 109, 
      "name": "context", 
      "short_name": "ctx", 
      "uid": "d3035919-8ecf-408f-812b-2d5cb84029e9", 
      "default": "", 
      "required": true, 
      "multi": false, 
      "parameter_type": null, 
      "variable": "context", 
      "parameter": false, 
      "order": 3, 
      "description": "Context"
    }
  }, 
  {
    "pk": 227, 
    "model": "workflows.abstractinput", 
    "fields": {
      "widget": 109, 
      "name": "noise", 
      "short_name": "noi", 
      "uid": "2a5f9df6-1ab1-4c0b-ae1a-8fa2ba9fcc92", 
      "default": "0", 
      "required": false, 
      "multi": false, 
      "parameter_type": "text", 
      "variable": "noise", 
      "parameter": true, 
      "order": 4, 
      "description": "Set an upper bound on the number of negative examples allowed to be covered by an acceptable clause."
    }
  }, 
  {
    "pk": 228, 
    "model": "workflows.abstractinput", 
    "fields": {
      "widget": 109, 
      "name": "clauselength", 
      "short_name": "cln", 
      "uid": "8c282c42-ad00-4cdc-b4ef-e788f329702e", 
      "default": "4", 
      "required": false, 
      "multi": false, 
      "parameter_type": "text", 
      "variable": "clauselength", 
      "parameter": true, 
      "order": 5, 
      "description": " Sets upper bound on number of literals in an acceptable clause."
    }
  }, 
  {
    "pk": 229, 
    "model": "workflows.abstractinput", 
    "fields": {
      "widget": 109, 
      "name": "depth", 
      "short_name": "dpt", 
      "uid": "b9cdf1a0-65c1-44ba-8203-873392939fbc", 
      "default": "10", 
      "required": false, 
      "multi": false, 
      "parameter_type": "text", 
      "variable": "depth", 
      "parameter": true, 
      "order": 6, 
      "description": "Sets an upper bound on the proof depth to which theorem-proving proceeds."
    }
  }, 
  {
    "pk": 230, 
    "model": "workflows.abstractinput", 
    "fields": {
      "widget": 109, 
      "name": "evalfn", 
      "short_name": "efn", 
      "uid": "4cf0000d-c4c7-4af3-bb6b-9d571d2a18d1", 
      "default": "coverage", 
      "required": false, 
      "multi": false, 
      "parameter_type": "select", 
      "variable": "evalfn", 
      "parameter": true, 
      "order": 7, 
      "description": "Sets the evaluation function for a search."
    }
  }, 
  {
    "pk": 231, 
    "model": "workflows.abstractinput", 
    "fields": {
      "widget": 109, 
      "name": "i", 
      "short_name": "i", 
      "uid": "ae429c42-e945-4191-a576-f2a5ad5defe8", 
      "default": "2", 
      "required": false, 
      "multi": false, 
      "parameter_type": "text", 
      "variable": "i", 
      "parameter": true, 
      "order": 8, 
      "description": "Set upper bound on layers of new variables."
    }
  }, 
  {
    "pk": 232, 
    "model": "workflows.abstractinput", 
    "fields": {
      "widget": 109, 
      "name": "language", 
      "short_name": "lan", 
      "uid": "2ddde27d-f3fe-4fc5-a8c1-73e5a8d6354e", 
      "default": "inf", 
      "required": false, 
      "multi": false, 
      "parameter_type": "text", 
      "variable": "language", 
      "parameter": true, 
      "order": 9, 
      "description": "Specifies the number of occurences of a predicate symbol in any clause (inf or > 0)."
    }
  }, 
  {
    "pk": 233, 
    "model": "workflows.abstractinput", 
    "fields": {
      "widget": 109, 
      "name": "m", 
      "short_name": "m", 
      "uid": "835b85dd-7047-4f05-b60c-649e4814a711", 
      "default": "1", 
      "required": false, 
      "multi": false, 
      "parameter_type": "text", 
      "variable": "m", 
      "parameter": true, 
      "order": 10, 
      "description": "Sets a value for \"m-estimate\" calculations."
    }
  }, 
  {
    "pk": 234, 
    "model": "workflows.abstractinput", 
    "fields": {
      "widget": 109, 
      "name": "max_features", 
      "short_name": "mxf", 
      "uid": "e4a6db3f-2610-4cdd-b75f-5f8bf9939473", 
      "default": "inf", 
      "required": false, 
      "multi": false, 
      "parameter_type": "text", 
      "variable": "max_features", 
      "parameter": true, 
      "order": 11, 
      "description": "Sets an upper bound on the maximum number of boolean features constructed by searching for good clauses (inf or > 0)."
    }
  }, 
  {
    "pk": 125, 
    "model": "workflows.abstractoutput", 
    "fields": {
      "widget": 109, 
      "name": "Document corpus", 
      "short_name": "crp", 
      "variable": "corpus", 
      "uid": "c9c147fe-f3f1-43fb-909d-cb20c65ae098", 
      "order": 1, 
      "description": "Result of wordification for main target table"
    }
  }
]