[
  {
    "pk": 5,
    "model": "workflows.category",
    "fields": {
      "uid": "cf7b1d24-7c6d-4cd1-bcc9-16e43e1ab5a7",
      "parent": null,
      "workflow": null,
      "user": null,
      "order": 1,
      "name": "Big data"
    }
  },
  {
    "pk": 34,
    "model": "workflows.abstractwidget",
    "fields": {
      "category": 5,
      "treeview_image": "",
      "name": "File URLs",
      "is_streaming": false,
      "uid": "189c6a1b-612a-4ca6-a7e3-c39349922781",
      "interaction_view": "",
      "image": "",
      "package": "big_data",
      "static_image": "",
      "post_interact_action": "",
      "user": null,
      "visualization_view": "",
      "streaming_visualization_view": "",
      "action": "file_url",
      "wsdl_method": "",
      "wsdl": "",
      "interactive": false,
      "has_progress_bar": false,
      "order": 1,
      "description": ""
    }
  },
  {
    "pk": 51,
    "model": "workflows.abstractinput",
    "fields": {
      "widget": 34,
      "name": "URLs",
      "short_name": "url",
      "uid": "e2883c3d-7b3a-46ec-8673-10da5f494ec9",
      "default": "",
      "required": true,
      "multi": false,
      "parameter_type": "textarea",
      "variable": "url",
      "parameter": true,
      "order": 1,
      "description": "Multiple URLs can be specified, where the number of URLs defines a number of map task that will process the data in parallel. An URL should be accessible via HTTP and not HTTPS. "
    }
  },
  {
    "pk": 72,
    "model": "workflows.abstractinput",
    "fields": {
      "widget": 34,
      "name": "Range",
      "short_name": "rng",
      "uid": "992a24e0-0365-46ef-8dd2-37fa19563bd5",
      "default": "",
      "required": false,
      "multi": false,
      "parameter_type": "checkbox",
      "variable": "range",
      "parameter": true,
      "order": 2,
      "description": "The range parameter is used with URLs that points to file chunks, named as xaaaa to xzzzz. This naming is provided by the unix split command. The first and last URL should be defined in the URLs text box. Intermediate URLs will be automatically generated."
    }
  },
  {
    "pk": 59,
    "model": "workflows.abstractinput",
    "fields": {
      "widget": 34,
      "name": "Gzipped data",
      "short_name": "zip",
      "uid": "d62fc126-afda-4f0b-876d-5180cd409779",
      "default": "",
      "required": false,
      "multi": false,
      "parameter_type": "checkbox",
      "variable": "data_type",
      "parameter": true,
      "order": 3,
      "description": "Select if specified URLs point to data in gzipped format."
    }
  },
  {
    "pk": 57,
    "model": "workflows.abstractinput",
    "fields": {
      "widget": 34,
      "name": "Feature indices",
      "short_name": "ind",
      "uid": "e32184e0-f38a-466f-a991-82e084a1cd8b",
      "default": "",
      "required": true,
      "multi": false,
      "parameter_type": "text",
      "variable": "X_indices",
      "parameter": true,
      "order": 4,
      "description": "Define indices of features to processed. \r\n\r\nExample: 1 - 10 for indices in the range from 1 to 10 or 1,2 for indices 1 and 2."
    }
  },
  {
    "pk": 56,
    "model": "workflows.abstractinput",
    "fields": {
      "widget": 34,
      "name": "ID index",
      "short_name": "id",
      "uid": "f100a206-8fdd-4f8f-afa4-c7d3c3b6f0ca",
      "default": "",
      "required": false,
      "multi": false,
      "parameter_type": "text",
      "variable": "id_index",
      "parameter": true,
      "order": 5,
      "description": "Define the index of the ID feature in the data. The ID index should be defined with test data."
    }
  },
  {
    "pk": 58,
    "model": "workflows.abstractinput",
    "fields": {
      "widget": 34,
      "name": "Target label index",
      "short_name": "tar",
      "uid": "69a3061b-9dcf-4c18-9f69-b5bc082dd65e",
      "default": "",
      "required": false,
      "multi": false,
      "parameter_type": "text",
      "variable": "y_index",
      "parameter": true,
      "order": 6,
      "description": "Define the index of the target label feature in the data. If it is not defined, last feature will be used as the target label in the fit phase.\r\nIf the index is defined in the predict phase, target labels will be output with predicted target labels."
    }
  },
  {
    "pk": 60,
    "model": "workflows.abstractinput",
    "fields": {
      "widget": 34,
      "name": "Delimiter",
      "short_name": "dlt",
      "uid": "fd2eff8a-b2d0-4de6-9384-13ce5385e3fc",
      "default": ",",
      "required": false,
      "multi": false,
      "parameter_type": "text",
      "variable": "delimiter",
      "parameter": true,
      "order": 7,
      "description": "Define delimiter to parse the data."
    }
  },
  {
    "pk": 61,
    "model": "workflows.abstractinput",
    "fields": {
      "widget": 34,
      "name": "Missing values",
      "short_name": "mv",
      "uid": "f393261f-ba93-4ed5-bdfc-82f6027bb327",
      "default": "",
      "required": false,
      "multi": false,
      "parameter_type": "text",
      "variable": "missing_vals",
      "parameter": true,
      "order": 8,
      "description": "Lines that contains missing symbols will be skipped. Define symbols and separate them with comma , .\r\n\r\nExample: ?, x"
    }
  },
  {
    "pk": 62,
    "model": "workflows.abstractinput",
    "fields": {
      "widget": 34,
      "name": "Target label mapping",
      "short_name": "map",
      "uid": "04fb15c3-7d69-43e7-a009-0eb9a3c3a33e",
      "default": "",
      "required": false,
      "multi": false,
      "parameter_type": "text",
      "variable": "y_map",
      "parameter": true,
      "order": 9,
      "description": "The target label mapping parameter defines a mapping of values for a binary target label. It is used with Logistic regression and Linear proximal SVM.\r\n\r\nFor example, the Logistic regression classifier uses 0 and 1 as a target label. If the data contains discrete target labels (e.g. healthy, sick), a mapping should be defined, where healthy is mapped to 1 and sick to 0. The target label mapping is used only for binary target labels.\r\nTarget label mapping: healthy, sick"
    }
  },
  {
    "pk": 34,
    "model": "workflows.abstractoutput",
    "fields": {
      "widget": 34,
      "name": "Dataset",
      "short_name": "dst",
      "variable": "dataset",
      "uid": "819161f8-dffa-4ad3-8952-11b9d14f0c40",
      "order": 1,
      "description": ""
    }
  },
  {
    "pk": 47,
    "model": "workflows.abstractwidget",
    "fields": {
      "category": 5,
      "treeview_image": "",
      "name": "Results to a File",
      "is_streaming": false,
      "uid": "437156da-ad2c-41d0-b20b-a10e746e35c2",
      "interaction_view": "",
      "image": "",
      "package": "big_data",
      "static_image": "",
      "post_interact_action": "",
      "user": null,
      "visualization_view": "results_to_file",
      "streaming_visualization_view": "",
      "action": "results_to_file",
      "wsdl_method": "",
      "wsdl": "",
      "interactive": false,
      "has_progress_bar": false,
      "order": 1,
      "description": ""
    }
  },
  {
    "pk": 85,
    "model": "workflows.abstractinput",
    "fields": {
      "widget": 47,
      "name": "Results",
      "short_name": "rst",
      "uid": "795a676a-e380-4565-9170-be7e9b621377",
      "default": "",
      "required": true,
      "multi": false,
      "parameter_type": null,
      "variable": "string",
      "parameter": false,
      "order": 1,
      "description": "Results URL"
    }
  },
  {
    "pk": 6,
    "model": "workflows.category",
    "fields": {
      "uid": "0165a189-a6ea-4152-8b5c-f507d47bc0e6",
      "parent": 5,
      "workflow": null,
      "user": null,
      "order": 1,
      "name": "Classification"
    }
  },
  {
    "pk": 37,
    "model": "workflows.abstractwidget",
    "fields": {
      "category": 6,
      "treeview_image": "",
      "name": "Gaussian Naive Bayes fit",
      "is_streaming": false,
      "uid": "477a2f37-5015-4a46-a243-08c8e84256b7",
      "interaction_view": "",
      "image": "",
      "package": "big_data",
      "static_image": "",
      "post_interact_action": "",
      "user": null,
      "visualization_view": "",
      "streaming_visualization_view": "",
      "action": "gaussian_naive_bayes_fit",
      "wsdl_method": "",
      "wsdl": "",
      "interactive": false,
      "has_progress_bar": false,
      "order": 1,
      "description": ""
    }
  },
  {
    "pk": 63,
    "model": "workflows.abstractinput",
    "fields": {
      "widget": 37,
      "name": "Dataset",
      "short_name": "dst",
      "uid": "06ec10c3-e773-4a86-a91d-873af823c9f3",
      "default": "",
      "required": true,
      "multi": false,
      "parameter_type": null,
      "variable": "dataset",
      "parameter": false,
      "order": 1,
      "description": ""
    }
  },
  {
    "pk": 35,
    "model": "workflows.abstractoutput",
    "fields": {
      "widget": 37,
      "name": "Fit model",
      "short_name": "fit",
      "variable": "fitmodel_url",
      "uid": "ec9ad7fc-1788-46c4-bdb8-4d080b740b7f",
      "order": 1,
      "description": "Fit model URL"
    }
  },
  {
    "pk": 38,
    "model": "workflows.abstractwidget",
    "fields": {
      "category": 6,
      "treeview_image": "",
      "name": "Gaussian Naive Bayes predict",
      "is_streaming": false,
      "uid": "672a3a70-1bd9-4c99-b55a-e5fe8fc5c264",
      "interaction_view": "",
      "image": "",
      "package": "big_data",
      "static_image": "",
      "post_interact_action": "",
      "user": null,
      "visualization_view": "",
      "streaming_visualization_view": "",
      "action": "gaussian_naive_bayes_predict",
      "wsdl_method": "",
      "wsdl": "",
      "interactive": false,
      "has_progress_bar": false,
      "order": 2,
      "description": ""
    }
  },
  {
    "pk": 64,
    "model": "workflows.abstractinput",
    "fields": {
      "widget": 38,
      "name": "Fit Model",
      "short_name": "fit",
      "uid": "4f190e78-d94e-4318-87c1-4fcd8625650d",
      "default": "",
      "required": true,
      "multi": false,
      "parameter_type": null,
      "variable": "fitmodel_url",
      "parameter": false,
      "order": 1,
      "description": "Fit Model URL"
    }
  },
  {
    "pk": 65,
    "model": "workflows.abstractinput",
    "fields": {
      "widget": 38,
      "name": "Dataset",
      "short_name": "dst",
      "uid": "08f26e43-9ceb-4081-b00c-265c567096b2",
      "default": "",
      "required": true,
      "multi": false,
      "parameter_type": null,
      "variable": "dataset",
      "parameter": false,
      "order": 2,
      "description": ""
    }
  },
  {
    "pk": 66,
    "model": "workflows.abstractinput",
    "fields": {
      "widget": 38,
      "name": "Log probabilities",
      "short_name": "log",
      "uid": "ad2231df-eef5-44b4-8a60-50f855a28fcb",
      "default": "",
      "required": false,
      "multi": false,
      "parameter_type": "checkbox",
      "variable": "log_probs",
      "parameter": true,
      "order": 3,
      "description": "Calculate logarithm probabilities."
    }
  },
  {
    "pk": 36,
    "model": "workflows.abstractoutput",
    "fields": {
      "widget": 38,
      "name": "Results",
      "short_name": "rst",
      "variable": "string",
      "uid": "4759f850-a661-4414-89e9-6b7a5d4b3b8e",
      "order": 1,
      "description": ""
    }
  },
  {
    "pk": 45,
    "model": "workflows.abstractwidget",
    "fields": {
      "category": 6,
      "treeview_image": "",
      "name": "Linear proximal SVM fit",
      "is_streaming": false,
      "uid": "4fddd2e5-f253-4854-a246-389ce6cce36c",
      "interaction_view": "",
      "image": "",
      "package": "big_data",
      "static_image": "",
      "post_interact_action": "",
      "user": null,
      "visualization_view": "",
      "streaming_visualization_view": "",
      "action": "lpsvm_fit",
      "wsdl_method": "",
      "wsdl": "",
      "interactive": false,
      "has_progress_bar": false,
      "order": 3,
      "description": ""
    }
  },
  {
    "pk": 81,
    "model": "workflows.abstractinput",
    "fields": {
      "widget": 45,
      "name": "Dataset",
      "short_name": "dst",
      "uid": "66d60bda-e24c-4e40-898a-0627800fe022",
      "default": "",
      "required": true,
      "multi": false,
      "parameter_type": null,
      "variable": "dataset",
      "parameter": false,
      "order": 1,
      "description": ""
    }
  },
  {
    "pk": 82,
    "model": "workflows.abstractinput",
    "fields": {
      "widget": 45,
      "name": "The weighting factor",
      "short_name": "nu",
      "uid": "e9b6cbcd-fc02-478b-a993-3b42ee730857",
      "default": "0.01",
      "required": false,
      "multi": false,
      "parameter_type": "text",
      "variable": "nu",
      "parameter": true,
      "order": 2,
      "description": ""
    }
  },
  {
    "pk": 43,
    "model": "workflows.abstractoutput",
    "fields": {
      "widget": 45,
      "name": "Fit model",
      "short_name": "fit",
      "variable": "fitmodel_url",
      "uid": "52ac4c1a-c595-4d8a-8f7a-5f54f1bce318",
      "order": 1,
      "description": "Fit model URL"
    }
  },
  {
    "pk": 46,
    "model": "workflows.abstractwidget",
    "fields": {
      "category": 6,
      "treeview_image": "",
      "name": "Linear proximal SVM predict",
      "is_streaming": false,
      "uid": "6d84bb32-e028-428c-ba2b-63218f800172",
      "interaction_view": "",
      "image": "",
      "package": "big_data",
      "static_image": "",
      "post_interact_action": "",
      "user": null,
      "visualization_view": "",
      "streaming_visualization_view": "",
      "action": "lpsvm_predict",
      "wsdl_method": "",
      "wsdl": "",
      "interactive": false,
      "has_progress_bar": false,
      "order": 4,
      "description": ""
    }
  },
  {
    "pk": 83,
    "model": "workflows.abstractinput",
    "fields": {
      "widget": 46,
      "name": "Fit model",
      "short_name": "fit",
      "uid": "c76297b2-e519-4c5b-b3eb-7a7f5f2835af",
      "default": "",
      "required": true,
      "multi": false,
      "parameter_type": null,
      "variable": "fitmodel_url",
      "parameter": false,
      "order": 1,
      "description": "Fit model URL."
    }
  },
  {
    "pk": 84,
    "model": "workflows.abstractinput",
    "fields": {
      "widget": 46,
      "name": "Dataset",
      "short_name": "dst",
      "uid": "42897594-631a-415e-b71a-d92668c9e1cb",
      "default": "",
      "required": true,
      "multi": false,
      "parameter_type": null,
      "variable": "dataset",
      "parameter": false,
      "order": 2,
      "description": ""
    }
  },
  {
    "pk": 44,
    "model": "workflows.abstractoutput",
    "fields": {
      "widget": 46,
      "name": "Results",
      "short_name": "rst",
      "variable": "string",
      "uid": "b4408e13-5950-4b13-b15e-7f6c1bcf8a00",
      "order": 1,
      "description": ""
    }
  },
  {
    "pk": 39,
    "model": "workflows.abstractwidget",
    "fields": {
      "category": 6,
      "treeview_image": "",
      "name": "Logistic regression fit",
      "is_streaming": false,
      "uid": "16042741-6834-43ab-9587-b64a1f460238",
      "interaction_view": "",
      "image": "",
      "package": "big_data",
      "static_image": "",
      "post_interact_action": "",
      "user": null,
      "visualization_view": "",
      "streaming_visualization_view": "",
      "action": "log_reg_fit",
      "wsdl_method": "",
      "wsdl": "",
      "interactive": false,
      "has_progress_bar": false,
      "order": 5,
      "description": "The logistic regression classifier is a binary classifier that uses numeric features. The classifier learns by fitting theta parameters to the training data using Newton-Raphson method to update theta parameters."
    }
  },
  {
    "pk": 67,
    "model": "workflows.abstractinput",
    "fields": {
      "widget": 39,
      "name": "Dataset",
      "short_name": "dst",
      "uid": "29dd4a35-7639-493f-9e7b-a64f54f0d06d",
      "default": "",
      "required": true,
      "multi": false,
      "parameter_type": null,
      "variable": "dataset",
      "parameter": false,
      "order": 1,
      "description": ""
    }
  },
  {
    "pk": 68,
    "model": "workflows.abstractinput",
    "fields": {
      "widget": 39,
      "name": "Convergence",
      "short_name": "con",
      "uid": "104f5edc-6029-4ae8-8a83-29557fa901fd",
      "default": "1e-8",
      "required": true,
      "multi": false,
      "parameter_type": "text",
      "variable": "alpha",
      "parameter": true,
      "order": 2,
      "description": "The value defines the convergence of the logistic regression."
    }
  },
  {
    "pk": 69,
    "model": "workflows.abstractinput",
    "fields": {
      "widget": 39,
      "name": "Max. number of iterations",
      "short_name": "itr",
      "uid": "73fbdb1a-8889-46d9-8eed-907156de7956",
      "default": "10",
      "required": true,
      "multi": false,
      "parameter_type": "text",
      "variable": "itr",
      "parameter": true,
      "order": 3,
      "description": "Define a maximum number of iterations. If the cost function converges it will stop sooner."
    }
  },
  {
    "pk": 37,
    "model": "workflows.abstractoutput",
    "fields": {
      "widget": 39,
      "name": "Fit model",
      "short_name": "fit",
      "variable": "fitmodel_url",
      "uid": "08ee7516-92b7-4096-8199-3fd5d397f1e1",
      "order": 1,
      "description": "Fit model URL"
    }
  },
  {
    "pk": 40,
    "model": "workflows.abstractwidget",
    "fields": {
      "category": 6,
      "treeview_image": "",
      "name": "Logistic regression predict",
      "is_streaming": false,
      "uid": "dd67df4e-7c84-4d0e-aa7f-6c94ebd0356a",
      "interaction_view": "",
      "image": "",
      "package": "big_data",
      "static_image": "",
      "post_interact_action": "",
      "user": null,
      "visualization_view": "",
      "streaming_visualization_view": "",
      "action": "log_reg_predict",
      "wsdl_method": "",
      "wsdl": "",
      "interactive": false,
      "has_progress_bar": false,
      "order": 6,
      "description": "The logistic regression classifier is a binary classifier that uses numeric features. The classifier learns by fitting theta parameters to the training data using Newton-Raphson method to update theta parameters."
    }
  },
  {
    "pk": 70,
    "model": "workflows.abstractinput",
    "fields": {
      "widget": 40,
      "name": "Fit model",
      "short_name": "fit",
      "uid": "ab0969e7-bed6-4381-926f-ac5a16a77c08",
      "default": "",
      "required": true,
      "multi": false,
      "parameter_type": null,
      "variable": "fitmodel_url",
      "parameter": false,
      "order": 1,
      "description": "Fit model URL."
    }
  },
  {
    "pk": 71,
    "model": "workflows.abstractinput",
    "fields": {
      "widget": 40,
      "name": "Dataset",
      "short_name": "dst",
      "uid": "ce059641-3abd-49e1-9c55-d3476e0db0ee",
      "default": "",
      "required": true,
      "multi": false,
      "parameter_type": null,
      "variable": "dataset",
      "parameter": false,
      "order": 2,
      "description": ""
    }
  },
  {
    "pk": 38,
    "model": "workflows.abstractoutput",
    "fields": {
      "widget": 40,
      "name": "Results",
      "short_name": "rst",
      "variable": "string",
      "uid": "ed188c69-7d64-4b52-9212-823283fc1665",
      "order": 1,
      "description": ""
    }
  },
  {
    "pk": 35,
    "model": "workflows.abstractwidget",
    "fields": {
      "category": 6,
      "treeview_image": "",
      "name": "Multinomial Naive Bayes fit",
      "is_streaming": false,
      "uid": "e8714044-edf0-4f04-906f-34775e5f6072",
      "interaction_view": "",
      "image": "",
      "package": "big_data",
      "static_image": "",
      "post_interact_action": "",
      "user": null,
      "visualization_view": "",
      "streaming_visualization_view": "",
      "action": "multinomail_naive_bayes_fit",
      "wsdl_method": "",
      "wsdl": "",
      "interactive": false,
      "has_progress_bar": false,
      "order": 7,
      "description": "The NB classifier uses discrete features. The NB estimates conditional probabilities P(x_j = k|y = c) and prior probabilities P(y) from the training data, where k denotes the value of discrete feature x_j and c denotes a training label. "
    }
  },
  {
    "pk": 52,
    "model": "workflows.abstractinput",
    "fields": {
      "widget": 35,
      "name": "Dataset",
      "short_name": "dst",
      "uid": "fa45f814-8206-4256-9964-451c88607b9f",
      "default": "",
      "required": true,
      "multi": false,
      "parameter_type": null,
      "variable": "dataset",
      "parameter": false,
      "order": 1,
      "description": ""
    }
  },
  {
    "pk": 32,
    "model": "workflows.abstractoutput",
    "fields": {
      "widget": 35,
      "name": "Fit model",
      "short_name": "fit",
      "variable": "fitmodel_url",
      "uid": "fb8e25c8-3a32-467e-a070-87c40392a260",
      "order": 1,
      "description": "Fit model URL"
    }
  },
  {
    "pk": 36,
    "model": "workflows.abstractwidget",
    "fields": {
      "category": 6,
      "treeview_image": "",
      "name": "Multinomial Naive Bayes predict",
      "is_streaming": false,
      "uid": "8c7d9b54-7535-441e-bc33-ea8e322f5bd7",
      "interaction_view": "",
      "image": "",
      "package": "big_data",
      "static_image": "",
      "post_interact_action": "",
      "user": null,
      "visualization_view": "",
      "streaming_visualization_view": "",
      "action": "multinomial_naive_bayes_predict",
      "wsdl_method": "",
      "wsdl": "",
      "interactive": false,
      "has_progress_bar": false,
      "order": 8,
      "description": "The NB classifier uses discrete features. The NB estimates conditional probabilities P(x_j = k|y = c) and prior probabilities P(y) from the training data, where k denotes the value of discrete feature x_j and c denotes a training label. "
    }
  },
  {
    "pk": 54,
    "model": "workflows.abstractinput",
    "fields": {
      "widget": 36,
      "name": "Fit model",
      "short_name": "fit",
      "uid": "bbceed4d-4b34-4491-961c-daad03749524",
      "default": "",
      "required": true,
      "multi": false,
      "parameter_type": null,
      "variable": "fitmodel_url",
      "parameter": false,
      "order": 1,
      "description": "Fit model URL."
    }
  },
  {
    "pk": 53,
    "model": "workflows.abstractinput",
    "fields": {
      "widget": 36,
      "name": "Dataset",
      "short_name": "dst",
      "uid": "59fcf118-8d2d-4789-b91a-f31b2d62e141",
      "default": "",
      "required": true,
      "multi": false,
      "parameter_type": null,
      "variable": "dataset",
      "parameter": false,
      "order": 2,
      "description": ""
    }
  },
  {
    "pk": 55,
    "model": "workflows.abstractinput",
    "fields": {
      "widget": 36,
      "name": "m",
      "short_name": "m",
      "uid": "48392fb5-a666-4d71-ae2d-21e663e05e0b",
      "default": "0",
      "required": false,
      "multi": false,
      "parameter_type": "text",
      "variable": "m",
      "parameter": true,
      "order": 3,
      "description": "Laplace Smoothing parameter."
    }
  },
  {
    "pk": 33,
    "model": "workflows.abstractoutput",
    "fields": {
      "widget": 36,
      "name": "Results",
      "short_name": "rst",
      "variable": "string",
      "uid": "bcc89e7e-2da1-4efc-80f1-8dc42ff433bb",
      "order": 1,
      "description": ""
    }
  },
  {
    "pk": 7,
    "model": "workflows.category",
    "fields": {
      "uid": "a6ce3f5e-a0fa-4faa-8be4-5657fcd10b4e",
      "parent": 5,
      "workflow": null,
      "user": null,
      "order": 2,
      "name": "Clustering"
    }
  },
  {
    "pk": 41,
    "model": "workflows.abstractwidget",
    "fields": {
      "category": 7,
      "treeview_image": "",
      "name": "k-Means fit",
      "is_streaming": false,
      "uid": "83c90b6f-9fc1-43d5-a144-6d539497351e",
      "interaction_view": "",
      "image": "",
      "package": "big_data",
      "static_image": "",
      "post_interact_action": "",
      "user": null,
      "visualization_view": "",
      "streaming_visualization_view": "",
      "action": "kmeans_fit",
      "wsdl_method": "",
      "wsdl": "",
      "interactive": false,
      "has_progress_bar": false,
      "order": 1,
      "description": "The k-means is a partitional clustering technique that attempts to find a user-specified number of clusters k represented by their centroids."
    }
  },
  {
    "pk": 73,
    "model": "workflows.abstractinput",
    "fields": {
      "widget": 41,
      "name": "Dataset",
      "short_name": "dst",
      "uid": "f840ac50-5422-492f-9ba9-b0e2195fef04",
      "default": "",
      "required": true,
      "multi": false,
      "parameter_type": null,
      "variable": "dataset",
      "parameter": false,
      "order": 1,
      "description": ""
    }
  },
  {
    "pk": 74,
    "model": "workflows.abstractinput",
    "fields": {
      "widget": 41,
      "name": "Number of clusters",
      "short_name": "cls",
      "uid": "48f3025a-1bcc-41a1-985f-f2b3ae9633e7",
      "default": "3",
      "required": false,
      "multi": false,
      "parameter_type": "text",
      "variable": "clusters",
      "parameter": true,
      "order": 2,
      "description": ""
    }
  },
  {
    "pk": 75,
    "model": "workflows.abstractinput",
    "fields": {
      "widget": 41,
      "name": "Max. number of iterations",
      "short_name": "itr",
      "uid": "a8ec22c5-199b-43ff-9c72-780a49d57ea4",
      "default": "10",
      "required": false,
      "multi": false,
      "parameter_type": "text",
      "variable": "itr",
      "parameter": true,
      "order": 3,
      "description": ""
    }
  },
  {
    "pk": 39,
    "model": "workflows.abstractoutput",
    "fields": {
      "widget": 41,
      "name": "Fit model",
      "short_name": "fit",
      "variable": "fitmodel_url",
      "uid": "5bde14bf-9012-4ee2-9f32-f439c19d8981",
      "order": 1,
      "description": "Fit model URL"
    }
  },
  {
    "pk": 42,
    "model": "workflows.abstractwidget",
    "fields": {
      "category": 7,
      "treeview_image": "",
      "name": "k-Means predict",
      "is_streaming": false,
      "uid": "6a9edb17-374a-4435-b2b5-85de73714537",
      "interaction_view": "",
      "image": "",
      "package": "big_data",
      "static_image": "",
      "post_interact_action": "",
      "user": null,
      "visualization_view": "",
      "streaming_visualization_view": "",
      "action": "kmeans_predict",
      "wsdl_method": "",
      "wsdl": "",
      "interactive": false,
      "has_progress_bar": false,
      "order": 1,
      "description": ""
    }
  },
  {
    "pk": 76,
    "model": "workflows.abstractinput",
    "fields": {
      "widget": 42,
      "name": "Fit model",
      "short_name": "fit",
      "uid": "f14da637-1699-4278-9dd6-912d4db15eca",
      "default": "",
      "required": true,
      "multi": false,
      "parameter_type": null,
      "variable": "fitmodel_url",
      "parameter": false,
      "order": 1,
      "description": "Fit Model URL"
    }
  },
  {
    "pk": 77,
    "model": "workflows.abstractinput",
    "fields": {
      "widget": 42,
      "name": "Dataset",
      "short_name": "dst",
      "uid": "f3f54b2d-ba4b-440d-8600-c3630deec970",
      "default": "",
      "required": true,
      "multi": false,
      "parameter_type": null,
      "variable": "dataset",
      "parameter": false,
      "order": 2,
      "description": ""
    }
  },
  {
    "pk": 40,
    "model": "workflows.abstractoutput",
    "fields": {
      "widget": 42,
      "name": "Results",
      "short_name": "rst",
      "variable": "string",
      "uid": "92f87c76-e078-49dc-a9f3-79a148ae30c8",
      "order": 1,
      "description": ""
    }
  },
  {
    "pk": 8,
    "model": "workflows.category",
    "fields": {
      "uid": "0f139640-cca3-4b0c-91f9-dbd42f47e73c",
      "parent": 5,
      "workflow": null,
      "user": null,
      "order": 3,
      "name": "Regression"
    }
  },
  {
    "pk": 43,
    "model": "workflows.abstractwidget",
    "fields": {
      "category": 8,
      "treeview_image": "",
      "name": "Linear regression fit",
      "is_streaming": false,
      "uid": "f8074c26-f066-4004-bf6e-6a453953e1ad",
      "interaction_view": "",
      "image": "",
      "package": "big_data",
      "static_image": "",
      "post_interact_action": "",
      "user": null,
      "visualization_view": "",
      "streaming_visualization_view": "",
      "action": "lin_reg_fit",
      "wsdl_method": "",
      "wsdl": "",
      "interactive": false,
      "has_progress_bar": false,
      "order": 1,
      "description": "The linear regression fits theta parameters to training data."
    }
  },
  {
    "pk": 78,
    "model": "workflows.abstractinput",
    "fields": {
      "widget": 43,
      "name": "Dataset",
      "short_name": "dst",
      "uid": "d7e7f211-c4ec-4e2c-905c-81f18791e534",
      "default": "",
      "required": true,
      "multi": false,
      "parameter_type": null,
      "variable": "dataset",
      "parameter": false,
      "order": 1,
      "description": ""
    }
  },
  {
    "pk": 41,
    "model": "workflows.abstractoutput",
    "fields": {
      "widget": 43,
      "name": "Fit model",
      "short_name": "fit",
      "variable": "fitmodel_url",
      "uid": "11afdd34-208f-4d47-be0c-88eece6d3ec4",
      "order": 1,
      "description": "Fit model URL"
    }
  },
  {
    "pk": 44,
    "model": "workflows.abstractwidget",
    "fields": {
      "category": 8,
      "treeview_image": "",
      "name": "Linear regression predict",
      "is_streaming": false,
      "uid": "00eda159-3033-44b2-9e25-563c37e56166",
      "interaction_view": "",
      "image": "",
      "package": "big_data",
      "static_image": "",
      "post_interact_action": "",
      "user": null,
      "visualization_view": "",
      "streaming_visualization_view": "",
      "action": "lin_reg_predict",
      "wsdl_method": "",
      "wsdl": "",
      "interactive": false,
      "has_progress_bar": false,
      "order": 1,
      "description": "The linear regression fits theta parameters to training data."
    }
  },
  {
    "pk": 79,
    "model": "workflows.abstractinput",
    "fields": {
      "widget": 44,
      "name": "Fit model",
      "short_name": "fit",
      "uid": "31f6fb25-87b9-421f-907b-4123f33cbd60",
      "default": "",
      "required": true,
      "multi": false,
      "parameter_type": null,
      "variable": "fitmodel_url",
      "parameter": false,
      "order": 1,
      "description": "Fit model URL."
    }
  },
  {
    "pk": 80,
    "model": "workflows.abstractinput",
    "fields": {
      "widget": 44,
      "name": "Dataset",
      "short_name": "dst",
      "uid": "5b9aba72-163c-4862-af26-173b3b2cda7a",
      "default": "",
      "required": true,
      "multi": false,
      "parameter_type": null,
      "variable": "dataset",
      "parameter": false,
      "order": 2,
      "description": ""
    }
  },
  {
    "pk": 42,
    "model": "workflows.abstractoutput",
    "fields": {
      "widget": 44,
      "name": "Results",
      "short_name": "rst",
      "variable": "string",
      "uid": "97f43f2b-9277-48d6-aa60-50b00ca90556",
      "order": 1,
      "description": ""
    }
  }
]