[
  {
    "pk": 5,
    "model": "workflows.category",
    "fields": {
      "uid": "cf7b1d24-7c6d-4cd1-bcc9-16e43e1ab5a7",
      "parent": null,
      "workflow": null,
      "user": null,
      "order": 1,
      "name": "Big data"
    }
  },
  {
    "pk": 33,
    "model": "workflows.abstractwidget",
    "fields": {
      "category": 5,
      "treeview_image": "",
      "windows_queue": false,
      "name": "Input Dataset",
      "is_streaming": false,
      "uid": "189c6a1b-612a-4ca6-a7e3-c39349922781",
      "interaction_view": "",
      "image": "",
      "package": "big_data",
      "static_image": "",
      "post_interact_action": "",
      "user": null,
      "visualization_view": "",
      "streaming_visualization_view": "",
      "action": "file_url",
      "wsdl_method": "",
      "wsdl": "",
      "interactive": false,
      "has_progress_bar": false,
      "order": 1,
      "description": ""
    }
  },
  {
    "pk": 49,
    "model": "workflows.abstractinput",
    "fields": {
      "widget": 33,
      "name": "Input URLs",
      "short_name": "url",
      "uid": "e2883c3d-7b3a-46ec-8673-10da5f494ec9",
      "default": "",
      "required": true,
      "multi": false,
      "parameter_type": "textarea",
      "variable": "url",
      "parameter": true,
      "order": 1,
      "description": "Multiple URLs can be specified. An URL should be accessible via HTTP and not HTTPS. "
    }
  },
  {
    "pk": 50,
    "model": "workflows.abstractinput",
    "fields": {
      "widget": 33,
      "name": "URL range",
      "short_name": "rng",
      "uid": "992a24e0-0365-46ef-8dd2-37fa19563bd5",
      "default": "",
      "required": false,
      "multi": false,
      "parameter_type": "checkbox",
      "variable": "range",
      "parameter": true,
      "order": 2,
      "description": "The URL range parameter is used with URLs that point to file chunks, named as xaaaa to xzzzz. This naming is provided by the unix split command. The first and last URL should be defined in the URLs text box. Intermediate URLs will be automatically generated."
    }
  },
  {
    "pk": 51,
    "model": "workflows.abstractinput",
    "fields": {
      "widget": 33,
      "name": "Gzipped data",
      "short_name": "zip",
      "uid": "d62fc126-afda-4f0b-876d-5180cd409779",
      "default": "",
      "required": false,
      "multi": false,
      "parameter_type": "checkbox",
      "variable": "data_type",
      "parameter": true,
      "order": 3,
      "description": "Select if specified URLs point to data in gzipped format."
    }
  },
  {
    "pk": 52,
    "model": "workflows.abstractinput",
    "fields": {
      "widget": 33,
      "name": "Attribute selection",
      "short_name": "ind",
      "uid": "e32184e0-f38a-466f-a991-82e084a1cd8b",
      "default": "",
      "required": true,
      "multi": false,
      "parameter_type": "text",
      "variable": "X_indices",
      "parameter": true,
      "order": 4,
      "description": "Select attributes that will processed. \r\n\r\nExample: 1 - 10 for indices in the range from 1 to 10 or 1,2 for indices 1 and 2."
    }
  },
  {
    "pk": 85,
    "model": "workflows.abstractinput",
    "fields": {
      "widget": 33,
      "name": "Attribute metadata",
      "short_name": "mta",
      "uid": "491eab89-b3f1-4503-864b-7cad9a01dda7",
      "default": "numeric",
      "required": false,
      "multi": false,
      "parameter_type": "text",
      "variable": "meta",
      "parameter": true,
      "order": 5,
      "description": "Select numeric, if all attributes are numeric or discrete, if all attributes are discrete. \r\n\r\nIf dataset contains mixed features, specify url of attribute metadata. File should contain c for continuous attributes and d for discrete attributes, separated by the same delimiter as used in the dataset."
    }
  },
  {
    "pk": 53,
    "model": "workflows.abstractinput",
    "fields": {
      "widget": 33,
      "name": "ID index",
      "short_name": "id",
      "uid": "f100a206-8fdd-4f8f-afa4-c7d3c3b6f0ca",
      "default": "",
      "required": false,
      "multi": false,
      "parameter_type": "text",
      "variable": "id_index",
      "parameter": true,
      "order": 6,
      "description": "Define identifier index in the data."
    }
  },
  {
    "pk": 54,
    "model": "workflows.abstractinput",
    "fields": {
      "widget": 33,
      "name": "Class index",
      "short_name": "tar",
      "uid": "69a3061b-9dcf-4c18-9f69-b5bc082dd65e",
      "default": "",
      "required": false,
      "multi": false,
      "parameter_type": "text",
      "variable": "y_index",
      "parameter": true,
      "order": 7,
      "description": "Define the class index in the dataset. If it is not defined, last attribute is used as the class."
    }
  },
  {
    "pk": 55,
    "model": "workflows.abstractinput",
    "fields": {
      "widget": 33,
      "name": "Delimiter",
      "short_name": "dlt",
      "uid": "fd2eff8a-b2d0-4de6-9384-13ce5385e3fc",
      "default": ",",
      "required": false,
      "multi": false,
      "parameter_type": "text",
      "variable": "delimiter",
      "parameter": true,
      "order": 8,
      "description": "Define delimiter to parse the data."
    }
  },
  {
    "pk": 56,
    "model": "workflows.abstractinput",
    "fields": {
      "widget": 33,
      "name": "Missing values",
      "short_name": "mv",
      "uid": "f393261f-ba93-4ed5-bdfc-82f6027bb327",
      "default": "",
      "required": false,
      "multi": false,
      "parameter_type": "text",
      "variable": "missing_vals",
      "parameter": true,
      "order": 9,
      "description": "Missing data values are skipped.\r\n\r\nExample: ?,"
    }
  },
  {
    "pk": 57,
    "model": "workflows.abstractinput",
    "fields": {
      "widget": 33,
      "name": "Class mapping",
      "short_name": "map",
      "uid": "04fb15c3-7d69-43e7-a009-0eb9a3c3a33e",
      "default": "",
      "required": false,
      "multi": false,
      "parameter_type": "text",
      "variable": "y_map",
      "parameter": true,
      "order": 10,
      "description": "The class mapping defines a mapping for a binary class. It is used with Logistic regression and Linear SVM.\r\n\r\nThe Logistic regression classifier uses 0 and 1 as class. If the dataset contains discrete classes  (e.g. healthy, sick), a mapping should be defined, where healthy is mapped to 1 and sick to 0. The class mapping is used only with binary target labels.\r\nExample: healthy, sick"
    }
  },
  {
    "pk": 30,
    "model": "workflows.abstractoutput",
    "fields": {
      "widget": 33,
      "name": "Dataset",
      "short_name": "dst",
      "variable": "dataset",
      "uid": "819161f8-dffa-4ad3-8952-11b9d14f0c40",
      "order": 1,
      "description": ""
    }
  },
  {
    "pk": 34,
    "model": "workflows.abstractwidget",
    "fields": {
      "category": 5,
      "treeview_image": "",
      "windows_queue": false,
      "name": "Results View",
      "is_streaming": false,
      "uid": "437156da-ad2c-41d0-b20b-a10e746e35c2",
      "interaction_view": "",
      "image": "",
      "package": "big_data",
      "static_image": "",
      "post_interact_action": "",
      "user": null,
      "visualization_view": "results_to_file",
      "streaming_visualization_view": "",
      "action": "results_to_file",
      "wsdl_method": "",
      "wsdl": "",
      "interactive": false,
      "has_progress_bar": false,
      "order": 2,
      "description": ""
    }
  },
  {
    "pk": 58,
    "model": "workflows.abstractinput",
    "fields": {
      "widget": 34,
      "name": "Results",
      "short_name": "rst",
      "uid": "795a676a-e380-4565-9170-be7e9b621377",
      "default": "",
      "required": true,
      "multi": false,
      "parameter_type": null,
      "variable": "string",
      "parameter": false,
      "order": 1,
      "description": "Results URL"
    }
  },
  {
    "pk": 197,
    "model": "workflows.abstractinput",
    "fields": {
      "widget": 34,
      "name": "Additional parameters",
      "short_name": "adp",
      "uid": "a194ac52-5e13-46c2-be48-a9b531da4d33",
      "default": "",
      "required": true,
      "multi": false,
      "parameter_type": "checkbox",
      "variable": "add_params",
      "parameter": true,
      "order": 2,
      "description": ""
    }
  },
  {
    "pk": 6,
    "model": "workflows.category",
    "fields": {
      "uid": "0165a189-a6ea-4152-8b5c-f507d47bc0e6",
      "parent": 5,
      "workflow": null,
      "user": null,
      "order": 1,
      "name": "Classification"
    }
  },
  {
    "pk": 35,
    "model": "workflows.abstractwidget",
    "fields": {
      "category": 6,
      "treeview_image": "",
      "windows_queue": false,
      "name": "Naive Bayes",
      "is_streaming": false,
      "uid": "477a2f37-5015-4a46-a243-08c8e84256b7",
      "interaction_view": "",
      "image": "",
      "package": "big_data",
      "static_image": "",
      "post_interact_action": "",
      "user": null,
      "visualization_view": "",
      "streaming_visualization_view": "",
      "action": "naivebayes_fit",
      "wsdl_method": "",
      "wsdl": "",
      "interactive": false,
      "has_progress_bar": false,
      "order": 1,
      "description": "Naive Bayes with MapReduce\r\n\r\nAlgorithm calculates multinomial distribution for discrete features and Gaussian distribution for numerical features. The output of algorithm is consistent with implementation of Naive Bayes classifier in Orange and scikit-learn.\r\n\r\nReference:\r\nMapReduce version of algorithm is proposed by Cheng-Tao Chu; Sang Kyun Kim, Yi-An Lin, YuanYuan Yu, Gary Bradski, Andrew Ng, and Kunle Olukotun. \"Map-Reduce for Machine Learning on Multicore\". NIPS 2006. "
    }
  },
  {
    "pk": 59,
    "model": "workflows.abstractinput",
    "fields": {
      "widget": 35,
      "name": "Dataset",
      "short_name": "dst",
      "uid": "06ec10c3-e773-4a86-a91d-873af823c9f3",
      "default": "",
      "required": true,
      "multi": false,
      "parameter_type": null,
      "variable": "dataset",
      "parameter": false,
      "order": 1,
      "description": ""
    }
  },
  {
    "pk": 31,
    "model": "workflows.abstractoutput",
    "fields": {
      "widget": 35,
      "name": "Fit model",
      "short_name": "fit",
      "variable": "fitmodel_url",
      "uid": "ec9ad7fc-1788-46c4-bdb8-4d080b740b7f",
      "order": 1,
      "description": "Fit model URL"
    }
  },
  {
    "pk": 37,
    "model": "workflows.abstractwidget",
    "fields": {
      "category": 6,
      "treeview_image": "",
      "windows_queue": false,
      "name": "Linear SVM",
      "is_streaming": false,
      "uid": "4fddd2e5-f253-4854-a246-389ce6cce36c",
      "interaction_view": "",
      "image": "",
      "package": "big_data",
      "static_image": "",
      "post_interact_action": "",
      "user": null,
      "visualization_view": "",
      "streaming_visualization_view": "",
      "action": "linsvm_fit",
      "wsdl_method": "",
      "wsdl": "",
      "interactive": false,
      "has_progress_bar": false,
      "order": 3,
      "description": "Linear proximal SVM with MapReduce\r\n\r\nAlgorithm builds a model with continuous features and predicts binary target label (-1, 1). \r\n\r\nReference\r\nAlgorithm is proposed by Glenn Fung, O. L. Mangasarian. Incremental Support Vector Machine Classification. Description of algorithm can be found at ftp://ftp.cs.wisc.edu/pub/dmi/tech-reports/01-08.pdf. "
    }
  },
  {
    "pk": 63,
    "model": "workflows.abstractinput",
    "fields": {
      "widget": 37,
      "name": "Dataset",
      "short_name": "dst",
      "uid": "66d60bda-e24c-4e40-898a-0627800fe022",
      "default": "",
      "required": true,
      "multi": false,
      "parameter_type": null,
      "variable": "dataset",
      "parameter": false,
      "order": 1,
      "description": ""
    }
  },
  {
    "pk": 64,
    "model": "workflows.abstractinput",
    "fields": {
      "widget": 37,
      "name": "The weighting factor",
      "short_name": "nu",
      "uid": "e9b6cbcd-fc02-478b-a993-3b42ee730857",
      "default": "0.1",
      "required": true,
      "multi": false,
      "parameter_type": "text",
      "variable": "nu",
      "parameter": true,
      "order": 2,
      "description": ""
    }
  },
  {
    "pk": 33,
    "model": "workflows.abstractoutput",
    "fields": {
      "widget": 37,
      "name": "Fit model",
      "short_name": "fit",
      "variable": "fitmodel_url",
      "uid": "52ac4c1a-c595-4d8a-8f7a-5f54f1bce318",
      "order": 1,
      "description": "Fit model URL"
    }
  },
  {
    "pk": 39,
    "model": "workflows.abstractwidget",
    "fields": {
      "category": 6,
      "treeview_image": "",
      "windows_queue": false,
      "name": "Logistic regression",
      "is_streaming": false,
      "uid": "16042741-6834-43ab-9587-b64a1f460238",
      "interaction_view": "",
      "image": "",
      "package": "big_data",
      "static_image": "",
      "post_interact_action": "",
      "user": null,
      "visualization_view": "",
      "streaming_visualization_view": "",
      "action": "logreg_fit",
      "wsdl_method": "",
      "wsdl": "",
      "interactive": false,
      "has_progress_bar": false,
      "order": 5,
      "description": "Logistic regression with MapReduce\r\n\r\nAlgorithm builds a model with continuous features and predicts binary target variable (1, 0). Learning is done by fitting theta parameters to the training data where the likelihood function is optimized by using Newton-Raphson to update theta parameters. The output of algorithm is consistent with implementation of logistic regression classifier in Orange.\r\n\r\nReference:\r\nMapReduce version of algorithm is proposed by Cheng-Tao Chu; Sang Kyun Kim, Yi-An Lin, YuanYuan Yu, Gary Bradski, Andrew Ng, and Kunle Olukotun. \"Map-Reduce for Machine Learning on Multicore\". NIPS 2006. "
    }
  },
  {
    "pk": 67,
    "model": "workflows.abstractinput",
    "fields": {
      "widget": 39,
      "name": "Dataset",
      "short_name": "dst",
      "uid": "29dd4a35-7639-493f-9e7b-a64f54f0d06d",
      "default": "",
      "required": true,
      "multi": false,
      "parameter_type": null,
      "variable": "dataset",
      "parameter": false,
      "order": 1,
      "description": ""
    }
  },
  {
    "pk": 68,
    "model": "workflows.abstractinput",
    "fields": {
      "widget": 39,
      "name": "Convergence",
      "short_name": "con",
      "uid": "104f5edc-6029-4ae8-8a83-29557fa901fd",
      "default": "1e-8",
      "required": true,
      "multi": false,
      "parameter_type": "text",
      "variable": "alpha",
      "parameter": true,
      "order": 2,
      "description": "The value defines the convergence of the logistic regression."
    }
  },
  {
    "pk": 69,
    "model": "workflows.abstractinput",
    "fields": {
      "widget": 39,
      "name": "Max. number of iterations",
      "short_name": "itr",
      "uid": "73fbdb1a-8889-46d9-8eed-907156de7956",
      "default": "10",
      "required": true,
      "multi": false,
      "parameter_type": "text",
      "variable": "itr",
      "parameter": true,
      "order": 3,
      "description": "Define a maximum number of iterations. If the cost function converges it will stop sooner."
    }
  },
  {
    "pk": 35,
    "model": "workflows.abstractoutput",
    "fields": {
      "widget": 39,
      "name": "Fit model",
      "short_name": "fit",
      "variable": "fitmodel_url",
      "uid": "08ee7516-92b7-4096-8199-3fd5d397f1e1",
      "order": 1,
      "description": "Fit model URL"
    }
  },
  {
    "pk": 10,
    "model": "workflows.category",
    "fields": {
      "uid": "1be7b5eb-c1b2-485a-8dbe-56abce63fc73",
      "parent": 5,
      "workflow": null,
      "user": null,
      "order": 3,
      "name": "Ensembles"
    }
  },
  {
    "pk": 55,
    "model": "workflows.abstractwidget",
    "fields": {
      "category": 10,
      "treeview_image": "",
      "windows_queue": false,
      "name": "Decision trees",
      "is_streaming": false,
      "uid": "74df0d6e-684f-46ae-975d-ba1ce5425066",
      "interaction_view": "",
      "image": "",
      "package": "big_data",
      "static_image": "",
      "post_interact_action": "",
      "user": null,
      "visualization_view": "",
      "streaming_visualization_view": "",
      "action": "dt_fit",
      "wsdl_method": "",
      "wsdl": "",
      "interactive": false,
      "has_progress_bar": false,
      "order": 1,
      "description": "Decision trees with MapReduce\r\n\r\nFit phase\r\nDecision trees algorithm builds one decision tree on a subset of data and it estimates all attributes in every tree node.\r\n\r\nPredict phase\r\nEach tree votes and algorithm selects prediction with most votes.\r\n\r\nReference\r\nSimilar algorithm is proposed in Gongqing Wu, Haiguang Li, Xuegang Hu, Yuanjun Bi, Jing Zhang, and Xindong Wu. MRec4.5: C4. 5 ensemble classification with mapreduce."
    }
  },
  {
    "pk": 159,
    "model": "workflows.abstractinput",
    "fields": {
      "widget": 55,
      "name": "Dataset",
      "short_name": "dst",
      "uid": "0351b517-61f1-4856-8ee4-1acd7d04d599",
      "default": "",
      "required": true,
      "multi": false,
      "parameter_type": null,
      "variable": "dataset",
      "parameter": false,
      "order": 1,
      "description": ""
    }
  },
  {
    "pk": 160,
    "model": "workflows.abstractinput",
    "fields": {
      "widget": 55,
      "name": "Max tree nodes",
      "short_name": "mtn",
      "uid": "a91f5676-5c91-420a-b731-5cf60afd601b",
      "default": "20",
      "required": true,
      "multi": false,
      "parameter_type": "text",
      "variable": "tree_nodes",
      "parameter": true,
      "order": 2,
      "description": "Max. number of decision tree nodes."
    }
  },
  {
    "pk": 161,
    "model": "workflows.abstractinput",
    "fields": {
      "widget": 55,
      "name": "Min samples split",
      "short_name": "lmi",
      "uid": "cde1d8a0-c312-4497-a07b-43f7cd7f95e2",
      "default": "5",
      "required": true,
      "multi": false,
      "parameter_type": "text",
      "variable": "leaf_min_inst",
      "parameter": true,
      "order": 3,
      "description": "Min. number of samples to split the node"
    }
  },
  {
    "pk": 162,
    "model": "workflows.abstractinput",
    "fields": {
      "widget": 55,
      "name": "Class majority",
      "short_name": "csm",
      "uid": "f31f0f86-238b-4ce1-b7e7-1ad6e88f55b0",
      "default": "1",
      "required": true,
      "multi": false,
      "parameter_type": "text",
      "variable": "majority",
      "parameter": true,
      "order": 4,
      "description": "Purity of a subset."
    }
  },
  {
    "pk": 163,
    "model": "workflows.abstractinput",
    "fields": {
      "widget": 55,
      "name": "Measure",
      "short_name": "msr",
      "uid": "4063d2d6-7ac3-4526-a783-3f22b0d5d64c",
      "default": "info_gain",
      "required": true,
      "multi": false,
      "parameter_type": "text",
      "variable": "measure",
      "parameter": true,
      "order": 5,
      "description": "Select measure for estimation of attributes: Information gain or MDL."
    }
  },
  {
    "pk": 198,
    "model": "workflows.abstractinput",
    "fields": {
      "widget": 55,
      "name": "Split function",
      "short_name": "spf",
      "uid": "ba078c4e-954d-4371-a337-ba7ed44627ff",
      "default": "equal_freq",
      "required": true,
      "multi": false,
      "parameter_type": "text",
      "variable": "split_fun",
      "parameter": true,
      "order": 6,
      "description": "Select equal width split function or random split function for numeric attributes"
    }
  },
  {
    "pk": 52,
    "model": "workflows.abstractoutput",
    "fields": {
      "widget": 55,
      "name": "Fit model",
      "short_name": "fit",
      "variable": "fitmodel_url",
      "uid": "495262a9-980d-4648-b04f-b49862804937",
      "order": 1,
      "description": "Fit model URL"
    }
  },
  {
    "pk": 57,
    "model": "workflows.abstractwidget",
    "fields": {
      "category": 10,
      "treeview_image": "",
      "windows_queue": false,
      "name": "Random forest",
      "is_streaming": false,
      "uid": "4f2ce923-62e6-4be1-a394-72ac52988386",
      "interaction_view": "",
      "image": "",
      "package": "big_data",
      "static_image": "",
      "post_interact_action": "",
      "user": null,
      "visualization_view": "",
      "streaming_visualization_view": "",
      "action": "rf_fit",
      "wsdl_method": "",
      "wsdl": "",
      "interactive": false,
      "has_progress_bar": false,
      "order": 1,
      "description": "Random forest with MapReduce\r\n\r\nFit phase\r\nRandom forest algorithm builds multiple decision trees with a bootstrap method on a subset of data. \r\nIn each tree node, it estimates sqrt(num. of attributes)+1 randomly selected attributes (without replacement).\r\nAll decision trees are merged in large ensemble.  \r\n\r\nPredict phase\r\nAlgorithm queries as many trees as needed for reliable prediction.\r\nFirstly, it randomly chooses without replacement 15 trees. If all trees vote for the same class, it outputs prediction. If there are multiple classes predicted, it chooses 15 trees again. Algorithm calculates difference in probability between most and second most probable prediction. If difference is greater than parameter diff, it outputs prediction. If a test sample is hard to predict (difference is never higher than diff), it queries whole ensemble to make a prediction.\r\n\r\nReference\r\nSimilar algorithm is proposed in: Justin D Basilico, M Arthur Munson, Tamara G Kolda, Kevin R Dixon, and W Philip Kegelmeyer. Comet: A recipe for learning and using large ensembles on massive data. \r\n"
    }
  },
  {
    "pk": 166,
    "model": "workflows.abstractinput",
    "fields": {
      "widget": 57,
      "name": "Dataset",
      "short_name": "dst",
      "uid": "5b9a6e22-130c-48d5-9b78-06ac2bd2c32a",
      "default": "",
      "required": true,
      "multi": false,
      "parameter_type": null,
      "variable": "dataset",
      "parameter": false,
      "order": 1,
      "description": ""
    }
  },
  {
    "pk": 167,
    "model": "workflows.abstractinput",
    "fields": {
      "widget": 57,
      "name": "Trees per subset",
      "short_name": "tps",
      "uid": "a0b28dbe-1cb8-4987-958e-e4d379c8d2ff",
      "default": "20",
      "required": true,
      "multi": false,
      "parameter_type": "text",
      "variable": "trees_per_subset",
      "parameter": true,
      "order": 2,
      "description": "Number of trees per subset of data"
    }
  },
  {
    "pk": 168,
    "model": "workflows.abstractinput",
    "fields": {
      "widget": 57,
      "name": "Max tree nodes",
      "short_name": "mnt",
      "uid": "5a915d8b-2c99-4661-aa20-325709b61b6b",
      "default": "20",
      "required": true,
      "multi": false,
      "parameter_type": "text",
      "variable": "tree_nodes",
      "parameter": true,
      "order": 3,
      "description": "Max. number of decision tree nodes"
    }
  },
  {
    "pk": 171,
    "model": "workflows.abstractinput",
    "fields": {
      "widget": 57,
      "name": "Min samples split",
      "short_name": "lmi",
      "uid": "a2f366a9-af74-4b3f-90ed-33c1fcad4c3a",
      "default": "5",
      "required": true,
      "multi": false,
      "parameter_type": "text",
      "variable": "leaf_min_inst",
      "parameter": true,
      "order": 4,
      "description": "Min. number of samples to split the node"
    }
  },
  {
    "pk": 169,
    "model": "workflows.abstractinput",
    "fields": {
      "widget": 57,
      "name": "Class majority",
      "short_name": "csm",
      "uid": "fe7f5d5a-c2e2-4ae9-b138-18b1de7c4e93",
      "default": "1",
      "required": true,
      "multi": false,
      "parameter_type": "text",
      "variable": "majority",
      "parameter": true,
      "order": 5,
      "description": "Purity of a subset."
    }
  },
  {
    "pk": 170,
    "model": "workflows.abstractinput",
    "fields": {
      "widget": 57,
      "name": "Measure",
      "short_name": "msr",
      "uid": "3d5d3c56-9c41-4326-a17a-5024e4bc95a8",
      "default": "info_gain",
      "required": true,
      "multi": false,
      "parameter_type": "text",
      "variable": "measure",
      "parameter": true,
      "order": 6,
      "description": "Select measure for estimation of attributes: Information gain or MDL."
    }
  },
  {
    "pk": 199,
    "model": "workflows.abstractinput",
    "fields": {
      "widget": 57,
      "name": "Split function",
      "short_name": "spf",
      "uid": "75aac5eb-0423-4a58-b8fa-1b282db42aa5",
      "default": "equal_freq",
      "required": true,
      "multi": false,
      "parameter_type": "text",
      "variable": "split_fun",
      "parameter": true,
      "order": 7,
      "description": "Select equal width split function or random split function for numeric attributes"
    }
  },
  {
    "pk": 203,
    "model": "workflows.abstractinput",
    "fields": {
      "widget": 57,
      "name": "Random state",
      "short_name": "rsd",
      "uid": "8e6e2d96-3457-4b23-ac93-ab90b083920f",
      "default": "None",
      "required": true,
      "multi": false,
      "parameter_type": "text",
      "variable": "seed",
      "parameter": true,
      "order": 9,
      "description": "Define a random state"
    }
  },
  {
    "pk": 54,
    "model": "workflows.abstractoutput",
    "fields": {
      "widget": 57,
      "name": "Fit model",
      "short_name": "fit",
      "variable": "fitmodel_url",
      "uid": "0adadf0c-a93a-4e47-9df0-344d2cdadbf9",
      "order": 1,
      "description": "Fit model URL"
    }
  },
  {
    "pk": 59,
    "model": "workflows.abstractwidget",
    "fields": {
      "category": 10,
      "treeview_image": "",
      "windows_queue": false,
      "name": "Weighted forest",
      "is_streaming": false,
      "uid": "72a39fab-5433-493f-ae22-12a264075356",
      "interaction_view": "",
      "image": "",
      "package": "big_data",
      "static_image": "",
      "post_interact_action": "",
      "user": null,
      "visualization_view": "",
      "streaming_visualization_view": "",
      "action": "wrf_fit",
      "wsdl_method": "",
      "wsdl": "",
      "interactive": false,
      "has_progress_bar": false,
      "order": 1,
      "description": "Weighted forest with MapReduce\r\n\r\nWeighted forest is a novel ensemble algorithm. \r\n\r\nFit phase\r\nWeighted forest algorithm builds multiple decision trees with a bootstrap method on a subset of data. In each tree node, it estimates sqrt(num. of attributes)+1 randomly selected attributes (without replacement). It uses decision tree to predict out-of-bag samples. For each prediction of an out-of-bag sample, it measures margin (classifier confidence in prediction) and leaf identifier that outputs prediction. Algorithm uses similarity matrix, where it stores similarities for each out-of-bag sample that was predicted with the same leaf. We assume that samples are similar, if the same leaf predicts them multiple times in multiple decision trees. \r\nAfter algorithm builds all decision trees, it passes similarity matrix to k-medoids algorithm. Similarity matrix presents distances between test samples. We set parameter k as sqrt(num. of attributes)+1. k-medoids algorithm outputs medoids, which are test samples in the cluster centers of the dataset. Medoids are actual samples in a dataset, unlike centroids which are centers of clusters. Algorithm measures average margin for all samples that are in the cluster of certain medoid. It saves the average margin of a decision tree in its model. Algorithm uses this scores as weights of decision trees in predict phase.\r\nAlgorithm builds a forest on each subset of the data and it merges them in large ensemble. Each forest has its own medoids.\r\n\r\nPredict phase \r\nAlgorithm selects a forest (or more, if it finds equal similarities with medoids in multiple forests), that contain most similar medoid with a test sample. Then it uses the same procedure like with small data. Algorithm calculates Gower similarity coefficient with a test sample and every medoid. Only decision trees with high margin on similar test samples output prediction and algorithm stores decision tree margin for each prediction. Algorithm calculates final values for each prediction: (number of margins) * avg(margins) and it selects prediction with highest value."
    }
  },
  {
    "pk": 175,
    "model": "workflows.abstractinput",
    "fields": {
      "widget": 59,
      "name": "Dataset",
      "short_name": "dst",
      "uid": "37879268-0aa9-4458-afb2-71a521acb299",
      "default": "",
      "required": true,
      "multi": false,
      "parameter_type": null,
      "variable": "dataset",
      "parameter": false,
      "order": 1,
      "description": ""
    }
  },
  {
    "pk": 176,
    "model": "workflows.abstractinput",
    "fields": {
      "widget": 59,
      "name": "Trees per subset",
      "short_name": "tps",
      "uid": "8770ace6-4968-47cf-b7cc-4ad8bfff303c",
      "default": "20",
      "required": true,
      "multi": false,
      "parameter_type": "text",
      "variable": "trees_per_subset",
      "parameter": true,
      "order": 2,
      "description": "Number of trees per subset of data"
    }
  },
  {
    "pk": 177,
    "model": "workflows.abstractinput",
    "fields": {
      "widget": 59,
      "name": "Max tree nodes",
      "short_name": "mnt",
      "uid": "3d48b0d0-a304-45d5-9d18-3ca17e8fcf05",
      "default": "20",
      "required": true,
      "multi": false,
      "parameter_type": "text",
      "variable": "tree_nodes",
      "parameter": true,
      "order": 3,
      "description": "Max. number of decision tree nodes"
    }
  },
  {
    "pk": 178,
    "model": "workflows.abstractinput",
    "fields": {
      "widget": 59,
      "name": "Min samples split",
      "short_name": "lmi",
      "uid": "ac032f38-f4a4-44ea-8c02-96506d4f8e86",
      "default": "5",
      "required": true,
      "multi": false,
      "parameter_type": "text",
      "variable": "leaf_min_inst",
      "parameter": true,
      "order": 4,
      "description": "Min. number of samples to split the node"
    }
  },
  {
    "pk": 179,
    "model": "workflows.abstractinput",
    "fields": {
      "widget": 59,
      "name": "Class majority",
      "short_name": "csm",
      "uid": "1b23ead1-b104-4d27-a6fd-b23de6efa28f",
      "default": "1",
      "required": true,
      "multi": false,
      "parameter_type": "text",
      "variable": "majority",
      "parameter": true,
      "order": 5,
      "description": "Purity of a subset."
    }
  },
  {
    "pk": 180,
    "model": "workflows.abstractinput",
    "fields": {
      "widget": 59,
      "name": "Measure",
      "short_name": "msr",
      "uid": "535d8274-9423-42bf-897f-471a16af8a0c",
      "default": "info_gain",
      "required": true,
      "multi": false,
      "parameter_type": "text",
      "variable": "measure",
      "parameter": true,
      "order": 6,
      "description": "Select measure for estimation of attributes: Information gain or MDL."
    }
  },
  {
    "pk": 200,
    "model": "workflows.abstractinput",
    "fields": {
      "widget": 59,
      "name": "Split function",
      "short_name": "spf",
      "uid": "b613ab81-383b-470a-9fe7-ed7159d6d6cc",
      "default": "equal_freq",
      "required": true,
      "multi": false,
      "parameter_type": "text",
      "variable": "split_fun",
      "parameter": true,
      "order": 7,
      "description": "Select equal width split function or random split function for numeric attributes"
    }
  },
  {
    "pk": 202,
    "model": "workflows.abstractinput",
    "fields": {
      "widget": 59,
      "name": "Random state",
      "short_name": "rsd",
      "uid": "31c68e34-3bff-41bb-bf77-925c6171a6f6",
      "default": "None",
      "required": true,
      "multi": false,
      "parameter_type": "text",
      "variable": "seed",
      "parameter": true,
      "order": 8,
      "description": "Define a random state"
    }
  },
  {
    "pk": 56,
    "model": "workflows.abstractoutput",
    "fields": {
      "widget": 59,
      "name": "Fit model",
      "short_name": "fit",
      "variable": "fitmodel_url",
      "uid": "a862dff5-a324-4d45-977c-abda633714c3",
      "order": 1,
      "description": "Fit model URL"
    }
  },
  {
    "pk": 7,
    "model": "workflows.category",
    "fields": {
      "uid": "a6ce3f5e-a0fa-4faa-8be4-5657fcd10b4e",
      "parent": 5,
      "workflow": null,
      "user": null,
      "order": 4,
      "name": "Clustering"
    }
  },
  {
    "pk": 43,
    "model": "workflows.abstractwidget",
    "fields": {
      "category": 7,
      "treeview_image": "",
      "windows_queue": false,
      "name": "k-means",
      "is_streaming": false,
      "uid": "83c90b6f-9fc1-43d5-a144-6d539497351e",
      "interaction_view": "",
      "image": "",
      "package": "big_data",
      "static_image": "",
      "post_interact_action": "",
      "user": null,
      "visualization_view": "",
      "streaming_visualization_view": "",
      "action": "kmeans_fit",
      "wsdl_method": "",
      "wsdl": "",
      "interactive": false,
      "has_progress_bar": false,
      "order": 1,
      "description": "kmeans with MapReduce\r\n\r\nThe k-means is a partitional clustering technique that attempts to find a user-specified number of clusters k represented by their centroids."
    }
  },
  {
    "pk": 76,
    "model": "workflows.abstractinput",
    "fields": {
      "widget": 43,
      "name": "Dataset",
      "short_name": "dst",
      "uid": "f840ac50-5422-492f-9ba9-b0e2195fef04",
      "default": "",
      "required": true,
      "multi": false,
      "parameter_type": null,
      "variable": "dataset",
      "parameter": false,
      "order": 1,
      "description": ""
    }
  },
  {
    "pk": 77,
    "model": "workflows.abstractinput",
    "fields": {
      "widget": 43,
      "name": "Number of clusters",
      "short_name": "cls",
      "uid": "48f3025a-1bcc-41a1-985f-f2b3ae9633e7",
      "default": "3",
      "required": true,
      "multi": false,
      "parameter_type": "text",
      "variable": "clusters",
      "parameter": true,
      "order": 2,
      "description": ""
    }
  },
  {
    "pk": 78,
    "model": "workflows.abstractinput",
    "fields": {
      "widget": 43,
      "name": "Max. number of iterations",
      "short_name": "itr",
      "uid": "a8ec22c5-199b-43ff-9c72-780a49d57ea4",
      "default": "10",
      "required": true,
      "multi": false,
      "parameter_type": "text",
      "variable": "itr",
      "parameter": true,
      "order": 3,
      "description": ""
    }
  },
  {
    "pk": 201,
    "model": "workflows.abstractinput",
    "fields": {
      "widget": 43,
      "name": "Random state",
      "short_name": "rsd",
      "uid": "47bb296e-f481-432f-a381-63c6df4c6950",
      "default": "None",
      "required": true,
      "multi": false,
      "parameter_type": "text",
      "variable": "seed",
      "parameter": true,
      "order": 4,
      "description": "Define a random state"
    }
  },
  {
    "pk": 39,
    "model": "workflows.abstractoutput",
    "fields": {
      "widget": 43,
      "name": "Fit model",
      "short_name": "fit",
      "variable": "fitmodel_url",
      "uid": "5bde14bf-9012-4ee2-9f32-f439c19d8981",
      "order": 1,
      "description": "Fit model URL"
    }
  },
  {
    "pk": 8,
    "model": "workflows.category",
    "fields": {
      "uid": "0f139640-cca3-4b0c-91f9-dbd42f47e73c",
      "parent": 5,
      "workflow": null,
      "user": null,
      "order": 5,
      "name": "Regression"
    }
  },
  {
    "pk": 45,
    "model": "workflows.abstractwidget",
    "fields": {
      "category": 8,
      "treeview_image": "",
      "windows_queue": false,
      "name": "Linear regression",
      "is_streaming": false,
      "uid": "f8074c26-f066-4004-bf6e-6a453953e1ad",
      "interaction_view": "",
      "image": "",
      "package": "big_data",
      "static_image": "",
      "post_interact_action": "",
      "user": null,
      "visualization_view": "",
      "streaming_visualization_view": "",
      "action": "linreg_fit",
      "wsdl_method": "",
      "wsdl": "",
      "interactive": false,
      "has_progress_bar": false,
      "order": 1,
      "description": "Linear regression with MapReduce\r\n\r\nThe linear regression fits theta parameters to training data.\r\n\r\nReference:\r\nMapReduce version of algorithm is proposed by Cheng-Tao Chu; Sang Kyun Kim, Yi-An Lin, YuanYuan Yu, Gary Bradski, Andrew Ng, and Kunle Olukotun. \"Map-Reduce for Machine Learning on Multicore\". NIPS 2006.   \r\n\r\n"
    }
  },
  {
    "pk": 81,
    "model": "workflows.abstractinput",
    "fields": {
      "widget": 45,
      "name": "Dataset",
      "short_name": "dst",
      "uid": "d7e7f211-c4ec-4e2c-905c-81f18791e534",
      "default": "",
      "required": true,
      "multi": false,
      "parameter_type": null,
      "variable": "dataset",
      "parameter": false,
      "order": 1,
      "description": ""
    }
  },
  {
    "pk": 41,
    "model": "workflows.abstractoutput",
    "fields": {
      "widget": 45,
      "name": "Fit model",
      "short_name": "fit",
      "variable": "fitmodel_url",
      "uid": "11afdd34-208f-4d47-be0c-88eece6d3ec4",
      "order": 1,
      "description": "Fit model URL"
    }
  },
  {
    "pk": 61,
    "model": "workflows.abstractwidget",
    "fields": {
      "category": 8,
      "treeview_image": "",
      "windows_queue": false,
      "name": "Locally weighted regression",
      "is_streaming": false,
      "uid": "83d65059-1ce9-4eb7-a2cf-abb4a9d41d5f",
      "interaction_view": "",
      "image": "",
      "package": "big_data",
      "static_image": "",
      "post_interact_action": "",
      "user": null,
      "visualization_view": "",
      "streaming_visualization_view": "",
      "action": "lwlr_fit_predict",
      "wsdl_method": "",
      "wsdl": "",
      "interactive": false,
      "has_progress_bar": false,
      "order": 1,
      "description": "Locally weighted linear regression with MapReduce\r\n\r\nReference:\r\nMapReduce version of algorithm is proposed by Cheng-Tao Chu; Sang Kyun Kim, Yi-An Lin, YuanYuan Yu, Gary Bradski, Andrew Ng, and Kunle Olukotun. \"Map-Reduce for Machine Learning on Multicore\". NIPS 2006.   \r\n"
    }
  },
  {
    "pk": 183,
    "model": "workflows.abstractinput",
    "fields": {
      "widget": 61,
      "name": "Fitting dataset",
      "short_name": "dst",
      "uid": "104d08df-fe2a-4c11-8432-e33389017f9e",
      "default": "",
      "required": true,
      "multi": false,
      "parameter_type": null,
      "variable": "fitting_dataset",
      "parameter": false,
      "order": 1,
      "description": "Define a dataset that will be fitted to training dataset."
    }
  },
  {
    "pk": 185,
    "model": "workflows.abstractinput",
    "fields": {
      "widget": 61,
      "name": "Tau",
      "short_name": "tau",
      "uid": "ec1391de-af20-4921-876c-d304a6a4e721",
      "default": "1",
      "required": true,
      "multi": false,
      "parameter_type": "text",
      "variable": "tau",
      "parameter": true,
      "order": 2,
      "description": "Parameter Tau controls how quickly the weight of a training example falls off with distance of its x(i) from the query point x"
    }
  },
  {
    "pk": 184,
    "model": "workflows.abstractinput",
    "fields": {
      "widget": 61,
      "name": "Training dataset",
      "short_name": "dst",
      "uid": "15644754-4c1d-4367-a0a3-5d442b51ff89",
      "default": "",
      "required": true,
      "multi": false,
      "parameter_type": null,
      "variable": "training_dataset",
      "parameter": false,
      "order": 3,
      "description": "Define training dataset"
    }
  },
  {
    "pk": 58,
    "model": "workflows.abstractoutput",
    "fields": {
      "widget": 61,
      "name": "Results",
      "short_name": "rst",
      "variable": "string",
      "uid": "23922bd7-a70c-440a-b90f-9452a850af18",
      "order": 1,
      "description": ""
    }
  },
  {
    "pk": 12,
    "model": "workflows.category",
    "fields": {
      "uid": "08c90036-fd13-4ff3-ac20-01982262a782",
      "parent": 5,
      "workflow": null,
      "user": null,
      "order": 6,
      "name": "Evaluation"
    }
  },
  {
    "pk": 63,
    "model": "workflows.abstractwidget",
    "fields": {
      "category": 12,
      "treeview_image": "",
      "windows_queue": false,
      "name": "Apply Classifier",
      "is_streaming": false,
      "uid": "d9de579e-fdd9-47da-948e-69183f24340f",
      "interaction_view": "",
      "image": "",
      "package": "big_data",
      "static_image": "",
      "post_interact_action": "",
      "user": null,
      "visualization_view": "",
      "streaming_visualization_view": "",
      "action": "big_data_apply_classifier",
      "wsdl_method": "",
      "wsdl": "",
      "interactive": false,
      "has_progress_bar": false,
      "order": 1,
      "description": "Widget takes a model on input and applies it on test data"
    }
  },
  {
    "pk": 189,
    "model": "workflows.abstractinput",
    "fields": {
      "widget": 63,
      "name": "Fit Model",
      "short_name": "fit",
      "uid": "46e9a02d-a613-4a01-a8ee-51d578a32fea",
      "default": "",
      "required": true,
      "multi": false,
      "parameter_type": null,
      "variable": "fitmodel_url",
      "parameter": false,
      "order": 1,
      "description": "Fit Model URL"
    }
  },
  {
    "pk": 190,
    "model": "workflows.abstractinput",
    "fields": {
      "widget": 63,
      "name": "Naive Bayes - m estimate",
      "short_name": "m",
      "uid": "a247302f-c63d-4473-9869-c93e330b0c48",
      "default": "1",
      "required": true,
      "multi": false,
      "parameter_type": "text",
      "variable": "m",
      "parameter": true,
      "order": 1,
      "description": "m estimate"
    }
  },
  {
    "pk": 205,
    "model": "workflows.abstractinput",
    "fields": {
      "widget": 63,
      "name": "Random forest - difference",
      "short_name": "dff",
      "uid": "d979ff23-eb11-40cf-9d81-2a71ddf5d790",
      "default": "0.3",
      "required": true,
      "multi": false,
      "parameter_type": "text",
      "variable": "diff",
      "parameter": true,
      "order": 2,
      "description": "Random forest calculates difference in probability between most and second most probable prediction. If difference is greater than parameter diff, it outputs prediction. If a test sample is hard to predict (difference is never higher than diff), it queries whole ensemble to make a prediction."
    }
  },
  {
    "pk": 206,
    "model": "workflows.abstractinput",
    "fields": {
      "widget": 63,
      "name": "Random forest  - random state",
      "short_name": "rds",
      "uid": "8ec2b906-2b9e-4cda-9455-09ccd7d134fb",
      "default": "None",
      "required": true,
      "multi": false,
      "parameter_type": "text",
      "variable": "seed",
      "parameter": true,
      "order": 3,
      "description": "Define a random state for predict phase."
    }
  },
  {
    "pk": 191,
    "model": "workflows.abstractinput",
    "fields": {
      "widget": 63,
      "name": "Dataset",
      "short_name": "dst",
      "uid": "0c174cfd-0d61-44ff-8ce2-9c32f8791293",
      "default": "",
      "required": true,
      "multi": false,
      "parameter_type": null,
      "variable": "dataset",
      "parameter": false,
      "order": 4,
      "description": "dataset"
    }
  },
  {
    "pk": 59,
    "model": "workflows.abstractoutput",
    "fields": {
      "widget": 63,
      "name": "Results",
      "short_name": "rst",
      "variable": "string",
      "uid": "601a2f3c-92b7-48e7-bcf2-297180d0fc25",
      "order": 1,
      "description": ""
    }
  },
  {
    "pk": 62,
    "model": "workflows.abstractwidget",
    "fields": {
      "category": 12,
      "treeview_image": "",
      "windows_queue": false,
      "name": "Classification Accuracy",
      "is_streaming": false,
      "uid": "7615fc12-a575-4911-84d4-db498fc9fa98",
      "interaction_view": "",
      "image": "",
      "package": "big_data",
      "static_image": "",
      "post_interact_action": "",
      "user": null,
      "visualization_view": "bigdata_ca",
      "streaming_visualization_view": "",
      "action": "bigdata_ca",
      "wsdl_method": "",
      "wsdl": "",
      "interactive": false,
      "has_progress_bar": false,
      "order": 1,
      "description": ""
    }
  },
  {
    "pk": 187,
    "model": "workflows.abstractinput",
    "fields": {
      "widget": 62,
      "name": "Results",
      "short_name": "rst",
      "uid": "222215ac-e31f-46b3-bca9-eddb63fc0450",
      "default": "",
      "required": true,
      "multi": false,
      "parameter_type": null,
      "variable": "predictions",
      "parameter": false,
      "order": 1,
      "description": ""
    }
  },
  {
    "pk": 186,
    "model": "workflows.abstractinput",
    "fields": {
      "widget": 62,
      "name": "Dataset",
      "short_name": "dst",
      "uid": "1a7bab82-8d0f-4372-93ce-6abe6cba1779",
      "default": "",
      "required": true,
      "multi": false,
      "parameter_type": null,
      "variable": "dataset",
      "parameter": false,
      "order": 2,
      "description": ""
    }
  },
  {
    "pk": 64,
    "model": "workflows.abstractwidget",
    "fields": {
      "category": 12,
      "treeview_image": "",
      "windows_queue": false,
      "name": "Mean squared error",
      "is_streaming": false,
      "uid": "19afbba4-6c29-4594-bda6-d86e344cbf15",
      "interaction_view": "",
      "image": "",
      "package": "big_data",
      "static_image": "",
      "post_interact_action": "",
      "user": null,
      "visualization_view": "bigdata_mse",
      "streaming_visualization_view": "",
      "action": "bigdata_mse",
      "wsdl_method": "",
      "wsdl": "",
      "interactive": false,
      "has_progress_bar": false,
      "order": 1,
      "description": ""
    }
  },
  {
    "pk": 194,
    "model": "workflows.abstractinput",
    "fields": {
      "widget": 64,
      "name": "Results",
      "short_name": "rst",
      "uid": "92e97624-fa25-4889-b7d6-fd9ce2823e5f",
      "default": "",
      "required": true,
      "multi": false,
      "parameter_type": null,
      "variable": "predictions",
      "parameter": false,
      "order": 1,
      "description": ""
    }
  },
  {
    "pk": 195,
    "model": "workflows.abstractinput",
    "fields": {
      "widget": 64,
      "name": "Dataset",
      "short_name": "dst",
      "uid": "ae2aaa2e-93d8-427c-9631-d053581ad888",
      "default": "",
      "required": true,
      "multi": false,
      "parameter_type": null,
      "variable": "dataset",
      "parameter": false,
      "order": 2,
      "description": ""
    }
  },
  {
    "pk": 11,
    "model": "workflows.category",
    "fields": {
      "uid": "d97dbb5a-b0a6-42c4-b9a2-ae1cacef8b76",
      "parent": 5,
      "workflow": null,
      "user": null,
      "order": 6,
      "name": "Utilities"
    }
  },
  {
    "pk": 65,
    "model": "workflows.abstractwidget",
    "fields": {
      "category": 11,
      "treeview_image": "",
      "windows_queue": false,
      "name": "Model View",
      "is_streaming": false,
      "uid": "e39156a0-07fb-4547-a952-ce77a772363f",
      "interaction_view": "",
      "image": "",
      "package": "big_data",
      "static_image": "",
      "post_interact_action": "",
      "user": null,
      "visualization_view": "model_view",
      "streaming_visualization_view": "",
      "action": "model_view",
      "wsdl_method": "",
      "wsdl": "",
      "interactive": false,
      "has_progress_bar": false,
      "order": 1,
      "description": "Widget takes a model on input and saves to a file that user can review. "
    }
  },
  {
    "pk": 196,
    "model": "workflows.abstractinput",
    "fields": {
      "widget": 65,
      "name": "Fit Model",
      "short_name": "fit",
      "uid": "f1c72ba9-b59b-4fef-9fb8-ea2803f2c69c",
      "default": "",
      "required": true,
      "multi": false,
      "parameter_type": null,
      "variable": "fitmodel_url",
      "parameter": false,
      "order": 1,
      "description": "Fit Model URL"
    }
  },
  {
    "pk": 54,
    "model": "workflows.abstractwidget",
    "fields": {
      "category": 11,
      "treeview_image": "",
      "windows_queue": false,
      "name": "Class distribution",
      "is_streaming": false,
      "uid": "cfd5aaa6-fce4-4f8a-aab7-820041ffec25",
      "interaction_view": "",
      "image": "",
      "package": "big_data",
      "static_image": "",
      "post_interact_action": "",
      "user": null,
      "visualization_view": "measure_distribution",
      "streaming_visualization_view": "",
      "action": "measure_distribution",
      "wsdl_method": "",
      "wsdl": "",
      "interactive": false,
      "has_progress_bar": false,
      "order": 2,
      "description": "Widget measures distribution of classes in subsets of data."
    }
  },
  {
    "pk": 158,
    "model": "workflows.abstractinput",
    "fields": {
      "widget": 54,
      "name": "Dataset",
      "short_name": "dst",
      "uid": "8618f799-6bfd-4852-8a2b-db34e4441235",
      "default": "",
      "required": true,
      "multi": false,
      "parameter_type": null,
      "variable": "dataset",
      "parameter": false,
      "order": 1,
      "description": ""
    }
  }
]