[
  {
    "pk": 45, 
    "model": "workflows.category", 
    "fields": {
      "uid": "1f5cbe19-0df7-44de-91d8-1ffdae9a1645", 
      "parent": null, 
      "workflow": null, 
      "user": null, 
      "order": 1, 
      "name": "MUSE"
    }
  }, 
  {
    "pk": 48, 
    "model": "workflows.category", 
    "fields": {
      "uid": "e8574599-994c-4cff-a94d-453d6c5e2dfd", 
      "parent": 45, 
      "workflow": null, 
      "user": null, 
      "order": 1, 
      "name": "3D virtual environment"
    }
  }, 
  {
    "pk": 261, 
    "model": "workflows.abstractwidget", 
    "fields": {
      "category": 48, 
      "treeview_image": "", 
      "windows_queue": false, 
      "name": "Virtual environment visualization", 
      "is_streaming": false, 
      "uid": "05317f75-cc6b-4257-bc71-21f080776bfc", 
      "interaction_view": "", 
      "image": "", 
      "package": "MUSE", 
      "static_image": "", 
      "post_interact_action": "", 
      "user": null, 
      "visualization_view": "MUSE_virtual_environment_visualization", 
      "streaming_visualization_view": "", 
      "action": "MUSE_virtual_environment_visualization", 
      "wsdl_method": "", 
      "wsdl": "", 
      "interactive": false, 
      "has_progress_bar": false, 
      "order": 1, 
      "description": ""
    }
  }, 
  {
    "pk": 556, 
    "model": "workflows.abstractinput", 
    "fields": {
      "widget": 261, 
      "name": "NLP data", 
      "short_name": "nlp", 
      "uid": "6e5ebc4b-cdbe-4ca6-8f5d-bcde21f5319a", 
      "default": "", 
      "required": false, 
      "multi": false, 
      "parameter_type": null, 
      "variable": "NLP_data", 
      "parameter": false, 
      "order": 1, 
      "description": "Results of NLP processing"
    }
  }, 
  {
    "pk": 557, 
    "model": "workflows.abstractinput", 
    "fields": {
      "widget": 261, 
      "name": "Server link", 
      "short_name": "url", 
      "uid": "585e80d1-e5fb-49c9-92a7-7af16d4070f6", 
      "default": "", 
      "required": true, 
      "multi": false, 
      "parameter_type": null, 
      "variable": "unitylink", 
      "parameter": false, 
      "order": 2, 
      "description": "Link to the Unity3D server"
    }
  }, 
  {
    "pk": 46, 
    "model": "workflows.category", 
    "fields": {
      "uid": "cf46e990-42b6-4027-b2f4-a95acaaed210", 
      "parent": 45, 
      "workflow": null, 
      "user": null, 
      "order": 1, 
      "name": "NLP components"
    }
  }, 
  {
    "pk": 243, 
    "model": "workflows.abstractwidget", 
    "fields": {
      "category": 46, 
      "treeview_image": "", 
      "windows_queue": false, 
      "name": "Event extraction", 
      "is_streaming": false, 
      "uid": "5e5aa91e-090a-43c9-97c6-fixbyjanez", 
      "interaction_view": "", 
      "image": "", 
      "package": "MUSE", 
      "static_image": "", 
      "post_interact_action": "", 
      "user": null, 
      "visualization_view": "", 
      "streaming_visualization_view": "", 
      "action": "MUSE_annotate", 
      "wsdl_method": "", 
      "wsdl": "", 
      "interactive": false, 
      "has_progress_bar": false, 
      "order": 1, 
      "description": "Calls the LIIR NLP annotation (TERENCE NLP service)"
    }
  }, 
  {
    "pk": 526, 
    "model": "workflows.abstractinput", 
    "fields": {
      "widget": 243, 
      "name": "Raw text", 
      "short_name": "txt", 
      "uid": "7e5b5533-d21c-4955-8fb8-janezfix", 
      "default": "", 
      "required": true, 
      "multi": false, 
      "parameter_type": null, 
      "variable": "raw_text", 
      "parameter": false, 
      "order": 1, 
      "description": "Input document as raw text"
    }
  }, 
  {
    "pk": 255, 
    "model": "workflows.abstractoutput", 
    "fields": {
      "widget": 243, 
      "name": "Annotated text", 
      "short_name": "xml", 
      "variable": "annotations_xml", 
      "uid": "c677e844-9f9b-4d09-8e08-janezfix", 
      "order": 1, 
      "description": "XML document with all annotations"
    }
  }, 
  {
    "pk": 257, 
    "model": "workflows.abstractwidget", 
    "fields": {
      "category": 46, 
      "treeview_image": "", 
      "windows_queue": false, 
      "name": "Mapping to Knowledge representation", 
      "is_streaming": false, 
      "uid": "ec2a3509-f1d7-4e00-b2b3-c17f871d5c0f", 
      "interaction_view": "", 
      "image": "", 
      "package": "MUSE", 
      "static_image": "", 
      "post_interact_action": "", 
      "user": null, 
      "visualization_view": "", 
      "streaming_visualization_view": "", 
      "action": "MUSE_mapping_to_KR", 
      "wsdl_method": "", 
      "wsdl": "", 
      "interactive": false, 
      "has_progress_bar": false, 
      "order": 1, 
      "description": "Calls the mapping to knowledge representation service"
    }
  }, 
  {
    "pk": 549, 
    "model": "workflows.abstractinput", 
    "fields": {
      "widget": 257, 
      "name": "Input data", 
      "short_name": "str", 
      "uid": "472a4149-0115-4f63-bf9b-1494fd0468b9", 
      "default": "", 
      "required": true, 
      "multi": false, 
      "parameter_type": null, 
      "variable": "input_data", 
      "parameter": false, 
      "order": 1, 
      "description": "Plain text file with special annotations"
    }
  }, 
  {
    "pk": 550, 
    "model": "workflows.abstractinput", 
    "fields": {
      "widget": 257, 
      "name": "Service url", 
      "short_name": "url", 
      "uid": "2b6b393c-97c7-4827-94a5-042944382939", 
      "default": "http://vihar.ijs.si:8001/MUSE_services/jsonwsp/description", 
      "required": true, 
      "multi": false, 
      "parameter_type": "text", 
      "variable": "url", 
      "parameter": true, 
      "order": 2, 
      "description": "URL of the MUSE service"
    }
  }, 
  {
    "pk": 267, 
    "model": "workflows.abstractoutput", 
    "fields": {
      "widget": 257, 
      "name": "Instantiated event templates", 
      "short_name": "tpl", 
      "variable": "mapping", 
      "uid": "610e7355-13ef-412f-b929-96b942020cf7", 
      "order": 1, 
      "description": "Instantiated event-templates with argument roles as defined in the domain.\r\n"
    }
  }, 
  {
    "pk": 263, 
    "model": "workflows.abstractwidget", 
    "fields": {
      "category": 46, 
      "treeview_image": "", 
      "windows_queue": false, 
      "name": "Mapping to Knowledge representation (latest)", 
      "is_streaming": false, 
      "uid": "9cb7404f-6050-494d-850f-69914ecf4d2f", 
      "interaction_view": "", 
      "image": "", 
      "package": "MUSE", 
      "static_image": "", 
      "post_interact_action": "", 
      "user": null, 
      "visualization_view": "", 
      "streaming_visualization_view": "", 
      "action": "MUSE_mapping_to_KR_latest", 
      "wsdl_method": "", 
      "wsdl": "", 
      "interactive": false, 
      "has_progress_bar": false, 
      "order": 1, 
      "description": "Calls the mapping to knowledge representation service"
    }
  }, 
  {
    "pk": 560, 
    "model": "workflows.abstractinput", 
    "fields": {
      "widget": 263, 
      "name": "Input data", 
      "short_name": "str", 
      "uid": "fd659d24-6367-442a-8e9a-871a66122f35", 
      "default": "", 
      "required": true, 
      "multi": false, 
      "parameter_type": null, 
      "variable": "input_data", 
      "parameter": false, 
      "order": 1, 
      "description": "Plain text file with special annotations"
    }
  }, 
  {
    "pk": 561, 
    "model": "workflows.abstractinput", 
    "fields": {
      "widget": 263, 
      "name": "Service url", 
      "short_name": "url", 
      "uid": "fd076e47-1432-4678-8353-aeb4ec286ecf", 
      "default": "http://vihar.ijs.si:8001/MUSE_services/jsonwsp/description", 
      "required": true, 
      "multi": false, 
      "parameter_type": "text", 
      "variable": "url", 
      "parameter": true, 
      "order": 2, 
      "description": "URL of the MUSE service"
    }
  }, 
  {
    "pk": 274, 
    "model": "workflows.abstractoutput", 
    "fields": {
      "widget": 263, 
      "name": "Instantiated event templates", 
      "short_name": "tpl", 
      "variable": "mapping", 
      "uid": "5e1c076a-dc4a-424a-aa2c-7ca1840299f3", 
      "order": 1, 
      "description": "Instantiated event-templates with argument roles as defined in the domain.\r\n"
    }
  }, 
  {
    "pk": 275, 
    "model": "workflows.abstractoutput", 
    "fields": {
      "widget": 263, 
      "name": "XML with results", 
      "short_name": "xml", 
      "variable": "xml", 
      "uid": "041923da-7e34-488b-986b-526e52badaa1", 
      "order": 2, 
      "description": "XML with results"
    }
  }, 
  {
    "pk": 258, 
    "model": "workflows.abstractwidget", 
    "fields": {
      "category": 46, 
      "treeview_image": "", 
      "windows_queue": false, 
      "name": "Mapping to Knowledge representation (precomputed)", 
      "is_streaming": false, 
      "uid": "6ef97e78-1436-41fd-9096-b8915960f49b", 
      "interaction_view": "", 
      "image": "", 
      "package": "MUSE", 
      "static_image": "", 
      "post_interact_action": "", 
      "user": null, 
      "visualization_view": "", 
      "streaming_visualization_view": "", 
      "action": "MUSE_mapping_to_KR_precomputed", 
      "wsdl_method": "", 
      "wsdl": "", 
      "interactive": false, 
      "has_progress_bar": false, 
      "order": 1, 
      "description": "Returns the precomputed mapping to knowledge representation for Tuk story"
    }
  }, 
  {
    "pk": 551, 
    "model": "workflows.abstractinput", 
    "fields": {
      "widget": 258, 
      "name": "Input data", 
      "short_name": "str", 
      "uid": "928407bb-a711-4d0f-84d3-9954618c9f3d", 
      "default": "", 
      "required": true, 
      "multi": false, 
      "parameter_type": null, 
      "variable": "input_data", 
      "parameter": false, 
      "order": 1, 
      "description": "Plain text file with special annotations"
    }
  }, 
  {
    "pk": 552, 
    "model": "workflows.abstractinput", 
    "fields": {
      "widget": 258, 
      "name": "Service url", 
      "short_name": "url", 
      "uid": "c47d762d-b3a7-46b8-9bfd-7579bf0dcc56", 
      "default": "http://vihar.ijs.si:8001/MUSE_services/jsonwsp/description", 
      "required": true, 
      "multi": false, 
      "parameter_type": "text", 
      "variable": "url", 
      "parameter": true, 
      "order": 2, 
      "description": "URL of the MUSE service"
    }
  }, 
  {
    "pk": 268, 
    "model": "workflows.abstractoutput", 
    "fields": {
      "widget": 258, 
      "name": "Instantiated event templates", 
      "short_name": "tpl", 
      "variable": "mapping", 
      "uid": "1869c087-1dd8-42a3-bfb5-83592cc5a641", 
      "order": 1, 
      "description": "Instantiated event-templates with argument roles as defined in the domain.\r\n"
    }
  }, 
  {
    "pk": 264, 
    "model": "workflows.abstractwidget", 
    "fields": {
      "category": 46, 
      "treeview_image": "", 
      "windows_queue": false, 
      "name": "Mapping to Knowledge representation (precomputed, latest)", 
      "is_streaming": false, 
      "uid": "0a91226d-3558-47e0-97f5-c317d00d8aa0", 
      "interaction_view": "", 
      "image": "", 
      "package": "MUSE", 
      "static_image": "", 
      "post_interact_action": "", 
      "user": null, 
      "visualization_view": "", 
      "streaming_visualization_view": "", 
      "action": "MUSE_mapping_to_KR_precomputed_latest", 
      "wsdl_method": "", 
      "wsdl": "", 
      "interactive": false, 
      "has_progress_bar": false, 
      "order": 1, 
      "description": "Returns the precomputed mapping to knowledge representation for Tuk story"
    }
  }, 
  {
    "pk": 562, 
    "model": "workflows.abstractinput", 
    "fields": {
      "widget": 264, 
      "name": "Input data", 
      "short_name": "str", 
      "uid": "9768b671-1d81-4156-990f-b7fdff39be63", 
      "default": "", 
      "required": true, 
      "multi": false, 
      "parameter_type": null, 
      "variable": "input_data", 
      "parameter": false, 
      "order": 1, 
      "description": "Plain text file with special annotations"
    }
  }, 
  {
    "pk": 563, 
    "model": "workflows.abstractinput", 
    "fields": {
      "widget": 264, 
      "name": "Service url", 
      "short_name": "url", 
      "uid": "2a896528-9e04-41e3-ba36-1d005c965db9", 
      "default": "http://vihar.ijs.si:8001/MUSE_services/jsonwsp/description", 
      "required": true, 
      "multi": false, 
      "parameter_type": "text", 
      "variable": "url", 
      "parameter": true, 
      "order": 2, 
      "description": "URL of the MUSE service"
    }
  }, 
  {
    "pk": 276, 
    "model": "workflows.abstractoutput", 
    "fields": {
      "widget": 264, 
      "name": "Instantiated event templates", 
      "short_name": "tpl", 
      "variable": "mapping", 
      "uid": "9427ccc6-3bb2-46bf-b797-c67847917586", 
      "order": 1, 
      "description": "Instantiated event-templates with argument roles as defined in the domain.\r\n"
    }
  }, 
  {
    "pk": 277, 
    "model": "workflows.abstractoutput", 
    "fields": {
      "widget": 264, 
      "name": "XML with results", 
      "short_name": "xml", 
      "variable": "xml", 
      "uid": "83aff405-4c7e-4301-a03c-847883036357", 
      "order": 2, 
      "description": "XML with results"
    }
  }, 
  {
    "pk": 259, 
    "model": "workflows.abstractwidget", 
    "fields": {
      "category": 46, 
      "treeview_image": "", 
      "windows_queue": false, 
      "name": "Semantic role labeling", 
      "is_streaming": false, 
      "uid": "3fa29425-16dc-4c11-a51c-323da6dd30c6", 
      "interaction_view": "", 
      "image": "", 
      "package": "MUSE", 
      "static_image": "", 
      "post_interact_action": "", 
      "user": null, 
      "visualization_view": "", 
      "streaming_visualization_view": "", 
      "action": "MUSE_semantic_role_labeling", 
      "wsdl_method": "", 
      "wsdl": "", 
      "interactive": false, 
      "has_progress_bar": false, 
      "order": 1, 
      "description": "Calls the semantic role labeling service"
    }
  }, 
  {
    "pk": 553, 
    "model": "workflows.abstractinput", 
    "fields": {
      "widget": 259, 
      "name": "Input XML", 
      "short_name": "xml", 
      "uid": "dab8f94f-b362-41fd-ba71-93c24d740409", 
      "default": "", 
      "required": true, 
      "multi": false, 
      "parameter_type": null, 
      "variable": "xml", 
      "parameter": false, 
      "order": 1, 
      "description": "MUSE XML file"
    }
  }, 
  {
    "pk": 554, 
    "model": "workflows.abstractinput", 
    "fields": {
      "widget": 259, 
      "name": "Service url", 
      "short_name": "url", 
      "uid": "814c5076-50b6-40de-a0d8-1b81aceb4f9f", 
      "default": "http://vihar.ijs.si:8001/MUSE_services/jsonwsp/description", 
      "required": true, 
      "multi": false, 
      "parameter_type": "text", 
      "variable": "url", 
      "parameter": true, 
      "order": 2, 
      "description": "URL of the MUSE service"
    }
  }, 
  {
    "pk": 269, 
    "model": "workflows.abstractoutput", 
    "fields": {
      "widget": 259, 
      "name": "Output XML", 
      "short_name": "xml", 
      "variable": "xml", 
      "uid": "bfc299c1-d31f-4843-adf7-37066972e91c", 
      "order": 1, 
      "description": "XML with semantic roles added"
    }
  }, 
  {
    "pk": 270, 
    "model": "workflows.abstractoutput", 
    "fields": {
      "widget": 259, 
      "name": "Input for KR", 
      "short_name": "str", 
      "variable": "txt", 
      "uid": "f390bfa5-36f2-4cf4-92b5-804ac301da4f", 
      "order": 2, 
      "description": "Input text file for mapping to knowledge representation"
    }
  }, 
  {
    "pk": 262, 
    "model": "workflows.abstractwidget", 
    "fields": {
      "category": 46, 
      "treeview_image": "", 
      "windows_queue": false, 
      "name": "Semantic role labeling (Tuk specific)", 
      "is_streaming": false, 
      "uid": "9c56c636-8782-4d43-96f1-9c7778e660f1", 
      "interaction_view": "", 
      "image": "", 
      "package": "MUSE", 
      "static_image": "", 
      "post_interact_action": "", 
      "user": null, 
      "visualization_view": "", 
      "streaming_visualization_view": "", 
      "action": "MUSE_semantic_role_labeling_tuk", 
      "wsdl_method": "", 
      "wsdl": "", 
      "interactive": false, 
      "has_progress_bar": false, 
      "order": 1, 
      "description": "Calls the semantic role labeling service"
    }
  }, 
  {
    "pk": 558, 
    "model": "workflows.abstractinput", 
    "fields": {
      "widget": 262, 
      "name": "Input XML", 
      "short_name": "xml", 
      "uid": "29ffdc81-3172-4998-b2f0-ec216fcc3618", 
      "default": "", 
      "required": true, 
      "multi": false, 
      "parameter_type": null, 
      "variable": "xml", 
      "parameter": false, 
      "order": 1, 
      "description": "MUSE XML file"
    }
  }, 
  {
    "pk": 559, 
    "model": "workflows.abstractinput", 
    "fields": {
      "widget": 262, 
      "name": "Service url", 
      "short_name": "url", 
      "uid": "a9e1d01c-af14-4826-bac3-1f8fbd37b595", 
      "default": "http://vihar.ijs.si:8001/MUSE_services/jsonwsp/description", 
      "required": true, 
      "multi": false, 
      "parameter_type": "text", 
      "variable": "url", 
      "parameter": true, 
      "order": 2, 
      "description": "URL of the MUSE service"
    }
  }, 
  {
    "pk": 272, 
    "model": "workflows.abstractoutput", 
    "fields": {
      "widget": 262, 
      "name": "Output XML", 
      "short_name": "xml", 
      "variable": "xml", 
      "uid": "54f32c2e-91da-4a25-80e3-b71704d4f59a", 
      "order": 1, 
      "description": "XML with semantic roles added"
    }
  }, 
  {
    "pk": 273, 
    "model": "workflows.abstractoutput", 
    "fields": {
      "widget": 262, 
      "name": "Input for KR", 
      "short_name": "str", 
      "variable": "txt", 
      "uid": "edbf8cb3-cbf6-4c5d-9881-514ee3f79923", 
      "order": 2, 
      "description": "Input text file for mapping to knowledge representation"
    }
  }, 
  {
    "pk": 260, 
    "model": "workflows.abstractwidget", 
    "fields": {
      "category": 46, 
      "treeview_image": "", 
      "windows_queue": false, 
      "name": "Syntactic and semantic processing", 
      "is_streaming": false, 
      "uid": "5e5aa91e-090a-43c9-97c6-6064380b09eb", 
      "interaction_view": "", 
      "image": "", 
      "package": "MUSE", 
      "static_image": "", 
      "post_interact_action": "", 
      "user": null, 
      "visualization_view": "", 
      "streaming_visualization_view": "", 
      "action": "MUSE_annotate", 
      "wsdl_method": "", 
      "wsdl": "", 
      "interactive": false, 
      "has_progress_bar": false, 
      "order": 1, 
      "description": "Calls the LIIR NLP annotation (TERENCE NLP service)"
    }
  }, 
  {
    "pk": 555, 
    "model": "workflows.abstractinput", 
    "fields": {
      "widget": 260, 
      "name": "Raw text", 
      "short_name": "txt", 
      "uid": "7e5b5533-d21c-4955-8fb8-417d5030793f", 
      "default": "", 
      "required": true, 
      "multi": false, 
      "parameter_type": null, 
      "variable": "raw_text", 
      "parameter": false, 
      "order": 1, 
      "description": "Input document as raw text"
    }
  }, 
  {
    "pk": 271, 
    "model": "workflows.abstractoutput", 
    "fields": {
      "widget": 260, 
      "name": "Annotated text", 
      "short_name": "xml", 
      "variable": "annotations_xml", 
      "uid": "c677e844-9f9b-4d09-8e08-9b9335895bac", 
      "order": 1, 
      "description": "XML document with all annotations"
    }
  }, 
  {
    "pk": 47, 
    "model": "workflows.category", 
    "fields": {
      "uid": "2ea309eb-3f82-45cb-8b33-9d00cf3f5a35", 
      "parent": 45, 
      "workflow": null, 
      "user": null, 
      "order": 1, 
      "name": "Utilities"
    }
  }, 
  {
    "pk": 244, 
    "model": "workflows.abstractwidget", 
    "fields": {
      "category": 47, 
      "treeview_image": "", 
      "windows_queue": false, 
      "name": "View XML", 
      "is_streaming": false, 
      "uid": "ca337532-ab9d-4554-afca-b4d14216b156", 
      "interaction_view": "", 
      "image": "", 
      "package": "MUSE", 
      "static_image": "", 
      "post_interact_action": "", 
      "user": null, 
      "visualization_view": "MUSE_view_xml", 
      "streaming_visualization_view": "", 
      "action": "MUSE_view_xml", 
      "wsdl_method": "", 
      "wsdl": "", 
      "interactive": false, 
      "has_progress_bar": false, 
      "order": 1, 
      "description": "Displays XML in a modal window"
    }
  }, 
  {
    "pk": 527, 
    "model": "workflows.abstractinput", 
    "fields": {
      "widget": 244, 
      "name": "XML document", 
      "short_name": "xml", 
      "uid": "2e451b23-c11d-4614-aa4f-57521a42ef83", 
      "default": "", 
      "required": true, 
      "multi": false, 
      "parameter_type": null, 
      "variable": "xml_data", 
      "parameter": false, 
      "order": 1, 
      "description": "XML document as string"
    }
  }
]