[
  {
    "pk": 57, 
    "model": "workflows.category", 
    "fields": {
      "uid": "3f47e2a2-682f-4439-9b7c-e67c6506fd67", 
      "parent": null, 
      "workflow": null, 
      "user": null, 
      "order": 2, 
      "name": "LemmaGen"
    }
  }, 
  {
    "pk": 58, 
    "model": "workflows.category", 
    "fields": {
      "uid": "44fdf9b8-8259-4a43-8a77-59753b74cacd", 
      "parent": 57, 
      "workflow": null, 
      "user": null, 
      "order": 1, 
      "name": "Save, Load & Convert"
    }
  }, 
  {
    "pk": 268, 
    "model": "workflows.abstractwidget", 
    "fields": {
      "category": 58, 
      "treeview_image": "", 
      "name": "Load Example List from String", 
      "is_streaming": false, 
      "uid": "3dde957a-b5f9-41e6-9911-fdaff1432af2", 
      "interaction_view": "", 
      "image": "", 
      "package": "lemmagen", 
      "static_image": "lemmagen_widget.png", 
      "post_interact_action": "", 
      "windows_queue": true, 
      "user": null, 
      "visualization_view": "", 
      "streaming_visualization_view": "", 
      "action": "lemmagen_load_example_list_from_string", 
      "wsdl_method": "", 
      "wsdl": "", 
      "interactive": false, 
      "has_progress_bar": false, 
      "order": 550, 
      "description": "Automatically generated widget from function LoadExampleListFromString in package lemmagen. The original function signature: LoadExampleListFromString."
    }
  }, 
  {
    "pk": 570, 
    "model": "workflows.abstractinput", 
    "fields": {
      "widget": 268, 
      "name": "Tab Delimited String Table Representation", 
      "short_name": "str", 
      "uid": "16eababc-9f13-04db-456d-3a0dc0fbcee5", 
      "default": "", 
      "required": true, 
      "multi": false, 
      "parameter_type": null, 
      "variable": "tabDelim", 
      "parameter": false, 
      "order": 1, 
      "description": "System.String"
    }
  }, 
  {
    "pk": 571, 
    "model": "workflows.abstractinput", 
    "fields": {
      "widget": 268, 
      "name": "Format", 
      "short_name": "str", 
      "uid": "a7182c81-aa75-8385-8b40-1d244503766e", 
      "default": "WLM", 
      "required": true, 
      "multi": false, 
      "parameter_type": "text", 
      "variable": "format", 
      "parameter": true, 
      "order": 2, 
      "description": "Use letters to declare input column meaning: 'W'=word, 'L'=lemma, 'M'=msd and 'F'=frequency. Use '_' to declare not important column. For example, format 'W_LM' specifies that words are in the first column, lemmas are in the third column and msds are in the fourth column. Word and lemma specifiers are required, msd and frequency are optional."
    }
  }, 
  {
    "pk": 273, 
    "model": "workflows.abstractoutput", 
    "fields": {
      "widget": 268, 
      "name": "List of LemmaExamples", 
      "short_name": "lst", 
      "variable": "exampleList", 
      "uid": "774ba003-4ec2-296e-1b81-b8a253f886c5", 
      "order": 1, 
      "description": ""
    }
  }, 
  {
    "pk": 269, 
    "model": "workflows.abstractwidget", 
    "fields": {
      "category": 58, 
      "treeview_image": "", 
      "name": "Load Example List from Table", 
      "is_streaming": false, 
      "uid": "4da610a2-7fa7-43c3-a6a8-1ff0dfb7ad76", 
      "interaction_view": "", 
      "image": "", 
      "package": "lemmagen", 
      "static_image": "lemmagen_widget.png", 
      "post_interact_action": "", 
      "windows_queue": true, 
      "user": null, 
      "visualization_view": "", 
      "streaming_visualization_view": "", 
      "action": "lemmagen_load_example_list_from_table", 
      "wsdl_method": "", 
      "wsdl": "", 
      "interactive": false, 
      "has_progress_bar": false, 
      "order": 555, 
      "description": "Automatically generated widget from function LoadExampleListFromTable in package lemmagen. The original function signature: LoadExampleListFromTable."
    }
  }, 
  {
    "pk": 572, 
    "model": "workflows.abstractinput", 
    "fields": {
      "widget": 269, 
      "name": "Table of Examples", 
      "short_name": "tbl", 
      "uid": "e7ab13dc-67ee-c336-8594-a90fedb525fb", 
      "default": "", 
      "required": true, 
      "multi": false, 
      "parameter_type": null, 
      "variable": "table", 
      "parameter": false, 
      "order": 1, 
      "description": "System.Collections.Generic.Dictionary`2[[System.Collections.Generic.LinkedList`1[[System.String, mscorlib, Version=4.0.0.0, Culture=neutral, PublicKeyToken=b77a5c561934e089]], System, Version=4.0.0.0, Culture=neutral, PublicKeyToken=b77a5c561934e089],[System.Collections.Generic.List`1[[System.Collections.Generic.List`1[[System.String, mscorlib, Version=4.0.0.0, Culture=neutral, PublicKeyToken=b77a5c561934e089]], mscorlib, Version=4.0.0.0, Culture=neutral, PublicKeyToken=b77a5c561934e089]], mscorlib, Version=4.0.0.0, Culture=neutral, PublicKeyToken=b77a5c561934e089]]"
    }
  }, 
  {
    "pk": 573, 
    "model": "workflows.abstractinput", 
    "fields": {
      "widget": 269, 
      "name": "Format", 
      "short_name": "str", 
      "uid": "e24d9536-2890-fa60-1c7c-2618dee689f1", 
      "default": "WLM", 
      "required": true, 
      "multi": false, 
      "parameter_type": "text", 
      "variable": "format", 
      "parameter": true, 
      "order": 2, 
      "description": "Use letters to declare input column meaning: 'W'=word, 'L'=lemma, 'M'=msd and 'F'=frequency. Use '_' to declare not important column. For example, format 'W_LM' specifies that words are in the first column, lemmas are in the third column and msds are in the fourth column. Word and lemma specifiers are required, msd and frequency are optional."
    }
  }, 
  {
    "pk": 274, 
    "model": "workflows.abstractoutput", 
    "fields": {
      "widget": 269, 
      "name": "List of LemmaExamples", 
      "short_name": "lst", 
      "variable": "exampleList", 
      "uid": "63cb6cbc-cbf5-4d00-d38a-ec1b773b3ad3", 
      "order": 1, 
      "description": ""
    }
  }, 
  {
    "pk": 270, 
    "model": "workflows.abstractwidget", 
    "fields": {
      "category": 58, 
      "treeview_image": "", 
      "name": "Example List to Table", 
      "is_streaming": false, 
      "uid": "681badb5-8a52-4a35-a9cf-5da73729ca5f", 
      "interaction_view": "", 
      "image": "", 
      "package": "lemmagen", 
      "static_image": "lemmagen_widget.png", 
      "post_interact_action": "", 
      "windows_queue": true, 
      "user": null, 
      "visualization_view": "", 
      "streaming_visualization_view": "", 
      "action": "lemmagen_example_list_to_table", 
      "wsdl_method": "", 
      "wsdl": "", 
      "interactive": false, 
      "has_progress_bar": false, 
      "order": 660, 
      "description": "Automatically generated widget from function ExampleListToTable in package lemmagen. The original function signature: ExampleListToTable."
    }
  }, 
  {
    "pk": 574, 
    "model": "workflows.abstractinput", 
    "fields": {
      "widget": 270, 
      "name": "List of LemmaExamples", 
      "short_name": "lst", 
      "uid": "015ac402-992b-a3fe-0ae3-abfa9e92f441", 
      "default": "", 
      "required": true, 
      "multi": false, 
      "parameter_type": null, 
      "variable": "exampleList", 
      "parameter": false, 
      "order": 1, 
      "description": "System.Collections.Generic.List`1[[LemmaSharp.LemmaExample, LemmaSharp, Version=0.0.0.0, Culture=neutral, PublicKeyToken=null]]"
    }
  }, 
  {
    "pk": 275, 
    "model": "workflows.abstractoutput", 
    "fields": {
      "widget": 270, 
      "name": "Table", 
      "short_name": "tbl", 
      "variable": "table", 
      "uid": "c8b6a311-9c9f-97a6-48ef-1c75688a4f35", 
      "order": 1, 
      "description": ""
    }
  }, 
  {
    "pk": 271, 
    "model": "workflows.abstractwidget", 
    "fields": {
      "category": 58, 
      "treeview_image": "", 
      "name": "Save Lemmatizer to Binary", 
      "is_streaming": false, 
      "uid": "206a969a-96b5-4e2f-acc3-d50e261387ce", 
      "interaction_view": "", 
      "image": "", 
      "package": "lemmagen", 
      "static_image": "lemmagen_widget.png", 
      "post_interact_action": "", 
      "windows_queue": true, 
      "user": null, 
      "visualization_view": "", 
      "streaming_visualization_view": "", 
      "action": "lemmagen_save_lemmatizer", 
      "wsdl_method": "", 
      "wsdl": "", 
      "interactive": false, 
      "has_progress_bar": false, 
      "order": 770, 
      "description": "Automatically generated widget from function SaveLemmatizer in package lemmagen. The original function signature: SaveLemmatizer."
    }
  }, 
  {
    "pk": 575, 
    "model": "workflows.abstractinput", 
    "fields": {
      "widget": 271, 
      "name": "Lemmatizer", 
      "short_name": "lmz", 
      "uid": "a1320469-6112-830a-7aa1-5c7372e6ee54", 
      "default": "true", 
      "required": false, 
      "multi": false, 
      "parameter_type": null, 
      "variable": "lmtz", 
      "parameter": false, 
      "order": 1, 
      "description": "LemmaSharp.Lemmatizer"
    }
  }, 
  {
    "pk": 276, 
    "model": "workflows.abstractoutput", 
    "fields": {
      "widget": 271, 
      "name": "String of the Serialized Lemmatizer", 
      "short_name": "str", 
      "variable": "objString", 
      "uid": "5d04642e-c3b5-28dd-1a8b-eaefab71dc5d", 
      "order": 1, 
      "description": ""
    }
  }, 
  {
    "pk": 272, 
    "model": "workflows.abstractwidget", 
    "fields": {
      "category": 58, 
      "treeview_image": "", 
      "name": "Load Lemmatizer from Binary", 
      "is_streaming": false, 
      "uid": "fc46fcd3-4a5c-4280-838b-92c3d55797a7", 
      "interaction_view": "", 
      "image": "", 
      "package": "lemmagen", 
      "static_image": "lemmagen_widget.png", 
      "post_interact_action": "", 
      "windows_queue": true, 
      "user": null, 
      "visualization_view": "", 
      "streaming_visualization_view": "", 
      "action": "lemmagen_load_net_lemmatizer", 
      "wsdl_method": "", 
      "wsdl": "", 
      "interactive": false, 
      "has_progress_bar": false, 
      "order": 775, 
      "description": "Automatically generated widget from function LoadNetLemmatizer in package lemmagen. The original function signature: LoadNetLemmatizer."
    }
  }, 
  {
    "pk": 576, 
    "model": "workflows.abstractinput", 
    "fields": {
      "widget": 272, 
      "name": "String of the Serialized Lemmatizer", 
      "short_name": "str", 
      "uid": "c6911b36-0633-bbde-700e-378bb9b16a17", 
      "default": "true", 
      "required": false, 
      "multi": false, 
      "parameter_type": null, 
      "variable": "lmtzStr", 
      "parameter": false, 
      "order": 1, 
      "description": "System.String"
    }
  }, 
  {
    "pk": 277, 
    "model": "workflows.abstractoutput", 
    "fields": {
      "widget": 272, 
      "name": "Lemmatizer (Deserialized)", 
      "short_name": "lmz", 
      "variable": "obj", 
      "uid": "88b3d970-d33d-f095-a9fc-d245da50e4f4", 
      "order": 1, 
      "description": ""
    }
  }, 
  {
    "pk": 59, 
    "model": "workflows.category", 
    "fields": {
      "uid": "824c66d6-1525-4a50-b10b-fc50161d57d3", 
      "parent": 57, 
      "workflow": null, 
      "user": null, 
      "order": 2, 
      "name": "Data & Settings Preparation"
    }
  }, 
  {
    "pk": 273, 
    "model": "workflows.abstractwidget", 
    "fields": {
      "category": 59, 
      "treeview_image": "", 
      "name": "Group Examples", 
      "is_streaming": false, 
      "uid": "f6df32f9-dae3-4af1-b322-1796a742a97b", 
      "interaction_view": "", 
      "image": "", 
      "package": "lemmagen", 
      "static_image": "lemmagen_widget.png", 
      "post_interact_action": "", 
      "windows_queue": true, 
      "user": null, 
      "visualization_view": "", 
      "streaming_visualization_view": "", 
      "action": "lemmagen_group_examples", 
      "wsdl_method": "", 
      "wsdl": "", 
      "interactive": false, 
      "has_progress_bar": false, 
      "order": 4, 
      "description": "Grouping of examples that have same word and same lemma."
    }
  }, 
  {
    "pk": 577, 
    "model": "workflows.abstractinput", 
    "fields": {
      "widget": 273, 
      "name": "List of LemmaExamples", 
      "short_name": "lst", 
      "uid": "8ab67fe8-f8a5-d0ea-1cc1-a4a30d3adda5", 
      "default": "", 
      "required": true, 
      "multi": false, 
      "parameter_type": null, 
      "variable": "exampleList", 
      "parameter": false, 
      "order": 1, 
      "description": "System.Collections.Generic.List`1[[LemmaSharp.LemmaExample, LemmaSharp, Version=0.0.0.0, Culture=neutral, PublicKeyToken=null]]"
    }
  }, 
  {
    "pk": 578, 
    "model": "workflows.abstractinput", 
    "fields": {
      "widget": 273, 
      "name": "Ignore Example Frequencies", 
      "short_name": "bol", 
      "uid": "88170ee7-3ffb-ed32-d554-263aa8759d78", 
      "default": "false", 
      "required": false, 
      "multi": false, 
      "parameter_type": "checkbox", 
      "variable": "ignoreFrequencies", 
      "parameter": true, 
      "order": 2, 
      "description": "True if frequencies are to be ignored. False if frequencies of elements of a group should be summed together."
    }
  }, 
  {
    "pk": 579, 
    "model": "workflows.abstractinput", 
    "fields": {
      "widget": 273, 
      "name": "Msd Consideration", 
      "short_name": "msd", 
      "uid": "f1f0e58b-00ee-0674-d21f-95a36e08dff1", 
      "default": "Distinct", 
      "required": false, 
      "multi": false, 
      "parameter_type": "select", 
      "variable": "msdConsider", 
      "parameter": true, 
      "order": 3, 
      "description": "Specification how algorithm grouping considers msd tags."
    }
  }, 
  {
    "pk": 192, 
    "model": "workflows.abstractoption", 
    "fields": {
      "uid": "c69e5f10-2706-08b8-3e76-5abcbbbde75e", 
      "abstract_input": 579, 
      "value": "Distinct", 
      "name": "Distinct          (Same examples with different msd's are not considered equal and joined)"
    }
  }, 
  {
    "pk": 191, 
    "model": "workflows.abstractoption", 
    "fields": {
      "uid": "b48c8c8f-2f70-4fea-e434-5012e0b40872", 
      "abstract_input": 579, 
      "value": "Ignore", 
      "name": "Ignore            (Completely ignores mds tags - join examples with different tags and sum their weihgts)"
    }
  }, 
  {
    "pk": 193, 
    "model": "workflows.abstractoption", 
    "fields": {
      "uid": "bf48a8f4-2810-8a0e-d219-8c9f79585784", 
      "abstract_input": 579, 
      "value": "JoinAll", 
      "name": "JoinAll           (Joins examples with different tags - concatenates all msd tags)"
    }
  }, 
  {
    "pk": 194, 
    "model": "workflows.abstractoption", 
    "fields": {
      "uid": "ea9e8fbf-1dc6-23f7-4773-0e332cf74d14", 
      "abstract_input": 579, 
      "value": "JoinDistinct", 
      "name": "JoinDistinct      (Joins examples with different tags - concatenates just distinct msd tags - somehow slower)"
    }
  }, 
  {
    "pk": 195, 
    "model": "workflows.abstractoption", 
    "fields": {
      "uid": "35f3b8b5-151a-356b-76dd-64d84e1482cb", 
      "abstract_input": 579, 
      "value": "JoinSameSubstring", 
      "name": "JoinSameSubstring (Joins examples with different tags - new tag is the left to right substring that all joined examples share)"
    }
  }, 
  {
    "pk": 278, 
    "model": "workflows.abstractoutput", 
    "fields": {
      "widget": 273, 
      "name": "List of Grouped LemmaExamples", 
      "short_name": "lst", 
      "variable": "exampleList", 
      "uid": "683de9d0-78ea-886c-520b-719fbca531a8", 
      "order": 1, 
      "description": ""
    }
  }, 
  {
    "pk": 274, 
    "model": "workflows.abstractwidget", 
    "fields": {
      "category": 59, 
      "treeview_image": "", 
      "name": "Create Lemmatizer Settings", 
      "is_streaming": false, 
      "uid": "bfd489bb-4d5d-426e-839c-a81792a62bf9", 
      "interaction_view": "", 
      "image": "", 
      "package": "lemmagen", 
      "static_image": "lemmagen_widget.png", 
      "post_interact_action": "", 
      "windows_queue": true, 
      "user": null, 
      "visualization_view": "", 
      "streaming_visualization_view": "", 
      "action": "lemmagen_construct_lemmatizer_settings", 
      "wsdl_method": "", 
      "wsdl": "", 
      "interactive": false, 
      "has_progress_bar": false, 
      "order": 5, 
      "description": "Automatically generated widget from function ConstructLemmatizerSettings in package lemmagen. The original function signature: ConstructLemmatizerSettings."
    }
  }, 
  {
    "pk": 580, 
    "model": "workflows.abstractinput", 
    "fields": {
      "widget": 274, 
      "name": "Use From In Rules", 
      "short_name": "bol", 
      "uid": "e7fb66dd-2d1e-7c8c-bd73-847d1b2fd5fd", 
      "default": "true", 
      "required": false, 
      "multi": false, 
      "parameter_type": "checkbox", 
      "variable": "useFromInRules", 
      "parameter": true, 
      "order": 1, 
      "description": "True if from string should be included in rule identifier ([from]->[to]). False if just length of from string is used ([#len]->[to])."
    }
  }, 
  {
    "pk": 581, 
    "model": "workflows.abstractinput", 
    "fields": {
      "widget": 274, 
      "name": "Msd Consideration", 
      "short_name": "msd", 
      "uid": "207135dc-56cf-ed6b-257c-8c7368a9435c", 
      "default": "Distinct", 
      "required": false, 
      "multi": false, 
      "parameter_type": "select", 
      "variable": "msdConsider", 
      "parameter": true, 
      "order": 2, 
      "description": "Specification how algorithm considers msd tags."
    }
  }, 
  {
    "pk": 197, 
    "model": "workflows.abstractoption", 
    "fields": {
      "uid": "84e5ff67-fbb1-9981-9092-6e9cbd036e99", 
      "abstract_input": 581, 
      "value": "Distinct", 
      "name": "Distinct          (Same examples with different msd's are not considered equal and joined)"
    }
  }, 
  {
    "pk": 196, 
    "model": "workflows.abstractoption", 
    "fields": {
      "uid": "33700f07-d037-d437-0f11-59edad4bfaf3", 
      "abstract_input": 581, 
      "value": "Ignore", 
      "name": "Ignore            (Completely ignores mds tags - join examples with different tags and sum their weihgts)"
    }
  }, 
  {
    "pk": 198, 
    "model": "workflows.abstractoption", 
    "fields": {
      "uid": "6ce84c3b-4a8b-a1cf-ff81-b30c3c607a72", 
      "abstract_input": 581, 
      "value": "JoinAll", 
      "name": "JoinAll           (Joins examples with different tags - concatenates all msd tags)"
    }
  }, 
  {
    "pk": 199, 
    "model": "workflows.abstractoption", 
    "fields": {
      "uid": "e248f536-1e95-f653-e0d9-26fdde5b34c6", 
      "abstract_input": 581, 
      "value": "JoinDistinct", 
      "name": "JoinDistinct      (Joins examples with different tags - concatenates just distinct msd tags - somehow slower)"
    }
  }, 
  {
    "pk": 200, 
    "model": "workflows.abstractoption", 
    "fields": {
      "uid": "ee6728f1-7f3e-0b3e-f4a0-db4dc7e6889c", 
      "abstract_input": 581, 
      "value": "JoinSameSubstring", 
      "name": "JoinSameSubstring (Joins examples with different tags - new tag is the left to right substring that all joined examples share)"
    }
  }, 
  {
    "pk": 582, 
    "model": "workflows.abstractinput", 
    "fields": {
      "widget": 274, 
      "name": "Max Rules Per Node", 
      "short_name": "bol", 
      "uid": "2714046d-2c88-d885-86c1-fc0ed5008f53", 
      "default": "0", 
      "required": false, 
      "multi": false, 
      "parameter_type": "text", 
      "variable": "maxRulesPerNode", 
      "parameter": true, 
      "order": 3, 
      "description": "How many of the best rules are kept in memory for each node. Zero means unlimited."
    }
  }, 
  {
    "pk": 583, 
    "model": "workflows.abstractinput", 
    "fields": {
      "widget": 274, 
      "name": "Build Front Lemmatizer", 
      "short_name": "bol", 
      "uid": "aeb49b24-f859-5694-c9ec-01d492504b0e", 
      "default": "false", 
      "required": false, 
      "multi": false, 
      "parameter_type": "checkbox", 
      "variable": "buildFrontLemmatizer", 
      "parameter": true, 
      "order": 4, 
      "description": "True: build proccess uses few more hevristics to build first left to right lemmatizer (lemmatizes front of the word); False: (default) do not create additional front lemmatizer;"
    }
  }, 
  {
    "pk": 584, 
    "model": "workflows.abstractinput", 
    "fields": {
      "widget": 274, 
      "name": "Store All Full Known Words", 
      "short_name": "bol", 
      "uid": "d187e91f-21c8-6e37-3889-99ac0f503c61", 
      "default": "false", 
      "required": false, 
      "multi": false, 
      "parameter_type": "checkbox", 
      "variable": "storeAllFullKnownWords", 
      "parameter": true, 
      "order": 5, 
      "description": "True: the model will store all known words in full -> the same as having lexicon to check each word before using lemmatizer and then use the lemmatizer only for unknown words; False: (default) the model will try to mimimize the size and will store the full forms of words only in the case if they add new knowledge;"
    }
  }, 
  {
    "pk": 279, 
    "model": "workflows.abstractoutput", 
    "fields": {
      "widget": 274, 
      "name": "Lemmatizer Settings", 
      "short_name": "stt", 
      "variable": "lemmatizerSettings", 
      "uid": "3275f2bd-f8ca-3ae0-e054-160ab45c7220", 
      "order": 5, 
      "description": ""
    }
  }, 
  {
    "pk": 275, 
    "model": "workflows.abstractwidget", 
    "fields": {
      "category": 59, 
      "treeview_image": "", 
      "name": "Extract Lemmatizer Settings", 
      "is_streaming": false, 
      "uid": "c8ae4ba7-f308-435b-8f2a-94dfb5b81f1a", 
      "interaction_view": "", 
      "image": "", 
      "package": "lemmagen", 
      "static_image": "lemmagen_widget.png", 
      "post_interact_action": "", 
      "windows_queue": true, 
      "user": null, 
      "visualization_view": "", 
      "streaming_visualization_view": "", 
      "action": "lemmagen_extract_lemmatizer_settings", 
      "wsdl_method": "", 
      "wsdl": "", 
      "interactive": false, 
      "has_progress_bar": false, 
      "order": 6, 
      "description": "Automatically generated widget from function ExtractLemmatizerSettings in package lemmagen. The original function signature: ExtractLemmatizerSettings."
    }
  }, 
  {
    "pk": 585, 
    "model": "workflows.abstractinput", 
    "fields": {
      "widget": 275, 
      "name": "Lemmatizer", 
      "short_name": "lmz", 
      "uid": "8cd4bc64-2caf-dfa8-5b13-26a869a0b2bd", 
      "default": "true", 
      "required": false, 
      "multi": false, 
      "parameter_type": "text", 
      "variable": "lmtz", 
      "parameter": false, 
      "order": 1, 
      "description": "Lemmatizer"
    }
  }, 
  {
    "pk": 280, 
    "model": "workflows.abstractoutput", 
    "fields": {
      "widget": 275, 
      "name": "Lemmatizer Settings", 
      "short_name": "stt", 
      "variable": "lemmatizerSettings", 
      "uid": "7107ae46-49f6-d28b-643b-9679d5bd255e", 
      "order": 1, 
      "description": ""
    }
  }, 
  {
    "pk": 60, 
    "model": "workflows.category", 
    "fields": {
      "uid": "c0502e02-2e9e-4b93-8c93-9eb217b0799b", 
      "parent": 57, 
      "workflow": null, 
      "user": null, 
      "order": 3, 
      "name": "Lemmatizer Creation"
    }
  }, 
  {
    "pk": 276, 
    "model": "workflows.abstractwidget", 
    "fields": {
      "category": 60, 
      "treeview_image": "", 
      "name": "Prebuild Lemmatizer", 
      "is_streaming": false, 
      "uid": "9796304a-c9dc-4ffe-a721-65c29e846e34", 
      "interaction_view": "", 
      "image": "", 
      "package": "lemmagen", 
      "static_image": "lemmagen_widget.png", 
      "post_interact_action": "", 
      "windows_queue": true, 
      "user": null, 
      "visualization_view": "", 
      "streaming_visualization_view": "", 
      "action": "lemmagen_construct_prebuild_lemmatizer", 
      "wsdl_method": "", 
      "wsdl": "", 
      "interactive": false, 
      "has_progress_bar": false, 
      "order": 7, 
      "description": "Automatically generated widget from function ConstructPrebuildLemmatizer in package lemmagen. The original function signature: ConstructPrebuildLemmatizer."
    }
  }, 
  {
    "pk": 586, 
    "model": "workflows.abstractinput", 
    "fields": {
      "widget": 276, 
      "name": "Language", 
      "short_name": "lng", 
      "uid": "2452e058-506e-6f62-9f45-1d15de5824bb", 
      "default": "English", 
      "required": true, 
      "multi": false, 
      "parameter_type": "select", 
      "variable": "language", 
      "parameter": true, 
      "order": 1, 
      "description": "LemmaSharp.LanguagePrebuilt"
    }
  }, 
  {
    "pk": 201, 
    "model": "workflows.abstractoption", 
    "fields": {
      "uid": "d2925cf1-2943-5aa3-6c2b-5b46caa6c3a6", 
      "abstract_input": 586, 
      "value": "Bulgarian", 
      "name": "Bulgarian  (trained on MULTEXT-East v4 resources)"
    }
  }, 
  {
    "pk": 202, 
    "model": "workflows.abstractoption", 
    "fields": {
      "uid": "a3505874-906b-da5e-5b90-58178db7381c", 
      "abstract_input": 586, 
      "value": "Czech", 
      "name": "Czech      (trained on MULTEXT-East v4 resources)"
    }
  }, 
  {
    "pk": 203, 
    "model": "workflows.abstractoption", 
    "fields": {
      "uid": "e529c7d6-83b7-9279-ee22-ecdf7295e5bf", 
      "abstract_input": 586, 
      "value": "English", 
      "name": "English    (trained on MULTEXT-East v4 resources)"
    }
  }, 
  {
    "pk": 216, 
    "model": "workflows.abstractoption", 
    "fields": {
      "uid": "96e4b2dc-01ba-4565-4d70-329c04a3aa08", 
      "abstract_input": 586, 
      "value": "EnglishMT", 
      "name": "EnglishMT  (trained on MULTEXT resources)"
    }
  }, 
  {
    "pk": 204, 
    "model": "workflows.abstractoption", 
    "fields": {
      "uid": "16ea0b07-a565-851b-4feb-2f217e49f9f7", 
      "abstract_input": 586, 
      "value": "Estonian", 
      "name": "Estonian   (trained on MULTEXT-East v4 resources)"
    }
  }, 
  {
    "pk": 206, 
    "model": "workflows.abstractoption", 
    "fields": {
      "uid": "50278c48-956a-32a2-761e-b5a195e8cf29", 
      "abstract_input": 586, 
      "value": "French", 
      "name": "French     (trained on MULTEXT-East v4 resources)"
    }
  }, 
  {
    "pk": 217, 
    "model": "workflows.abstractoption", 
    "fields": {
      "uid": "616ddeb6-86be-cf89-c5ff-0b04df7d3235", 
      "abstract_input": 586, 
      "value": "FrenchMT", 
      "name": "FrenchMT   (trained on MULTEXT resources)"
    }
  }, 
  {
    "pk": 218, 
    "model": "workflows.abstractoption", 
    "fields": {
      "uid": "d4fa9df0-c5b4-bd05-10ff-50243773b89e", 
      "abstract_input": 586, 
      "value": "German", 
      "name": "German     (trained on MULTEXT resources)"
    }
  }, 
  {
    "pk": 207, 
    "model": "workflows.abstractoption", 
    "fields": {
      "uid": "08a3121c-4705-cee1-6575-88483a5a7105", 
      "abstract_input": 586, 
      "value": "Hungarian", 
      "name": "Hungarian  (trained on MULTEXT-East v4 resources)"
    }
  }, 
  {
    "pk": 219, 
    "model": "workflows.abstractoption", 
    "fields": {
      "uid": "959c9cdb-aa93-7600-a08f-e1c8d9a63400", 
      "abstract_input": 586, 
      "value": "Italian", 
      "name": "Italian    (trained on MULTEXT resources)"
    }
  }, 
  {
    "pk": 208, 
    "model": "workflows.abstractoption", 
    "fields": {
      "uid": "e8d69c6b-b37f-874a-8dbf-714a4fa04279", 
      "abstract_input": 586, 
      "value": "Macedonian", 
      "name": "Macedonian (trained on MULTEXT-East v4 resources)"
    }
  }, 
  {
    "pk": 205, 
    "model": "workflows.abstractoption", 
    "fields": {
      "uid": "4fc30fb2-816d-aece-f281-cb5d6cc4fdbf", 
      "abstract_input": 586, 
      "value": "Persian", 
      "name": "Persian    (trained on MULTEXT-East v4 resources)"
    }
  }, 
  {
    "pk": 209, 
    "model": "workflows.abstractoption", 
    "fields": {
      "uid": "ebd5a5b6-3b46-2147-95e5-051633ba43c4", 
      "abstract_input": 586, 
      "value": "Polish", 
      "name": "Polish     (trained on MULTEXT-East v4 resources)"
    }
  }, 
  {
    "pk": 210, 
    "model": "workflows.abstractoption", 
    "fields": {
      "uid": "a5107bb6-d9a8-4103-7ecb-2bc79196c145", 
      "abstract_input": 586, 
      "value": "Romanian", 
      "name": "Romanian   (trained on MULTEXT-East v4 resources)"
    }
  }, 
  {
    "pk": 211, 
    "model": "workflows.abstractoption", 
    "fields": {
      "uid": "b68822dc-44c5-0d01-fca7-84a523f0f2f0", 
      "abstract_input": 586, 
      "value": "Russian", 
      "name": "Russian    (trained on MULTEXT-East v4 resources)"
    }
  }, 
  {
    "pk": 214, 
    "model": "workflows.abstractoption", 
    "fields": {
      "uid": "c711244e-ae1e-86b6-536b-c78b3890d4d9", 
      "abstract_input": 586, 
      "value": "Serbian", 
      "name": "Serbian    (trained on MULTEXT-East v4 resources)"
    }
  }, 
  {
    "pk": 212, 
    "model": "workflows.abstractoption", 
    "fields": {
      "uid": "6c117cab-06bd-be31-0d15-4ec6b7b5a8a1", 
      "abstract_input": 586, 
      "value": "Slovak", 
      "name": "Slovak     (trained on MULTEXT-East v4 resources)"
    }
  }, 
  {
    "pk": 213, 
    "model": "workflows.abstractoption", 
    "fields": {
      "uid": "4c5b91b6-c056-c693-1ed0-6d8880099cc5", 
      "abstract_input": 586, 
      "value": "Slovene", 
      "name": "Slovene    (trained on MULTEXT-East v4 resources)"
    }
  }, 
  {
    "pk": 220, 
    "model": "workflows.abstractoption", 
    "fields": {
      "uid": "3119b7e0-e42e-17ab-dd29-4b7678a46402", 
      "abstract_input": 586, 
      "value": "Spanish", 
      "name": "Spanish    (trained on MULTEXT resources)"
    }
  }, 
  {
    "pk": 215, 
    "model": "workflows.abstractoption", 
    "fields": {
      "uid": "a1e4a3b6-2f0a-1d96-65a5-99cafc66b2b6", 
      "abstract_input": 586, 
      "value": "Ukrainian", 
      "name": "Ukrainian  (trained on MULTEXT-East v4 resources)"
    }
  }, 
  {
    "pk": 281, 
    "model": "workflows.abstractoutput", 
    "fields": {
      "widget": 276, 
      "name": "LemmaGen Lemmatizer", 
      "short_name": "lmz", 
      "variable": "lemamtizer", 
      "uid": "24208d82-d047-9bea-4091-0bf9ab47f69e", 
      "order": 1, 
      "description": ""
    }
  }, 
  {
    "pk": 277, 
    "model": "workflows.abstractwidget", 
    "fields": {
      "category": 60, 
      "treeview_image": "", 
      "name": "Train Lemmatizer", 
      "is_streaming": false, 
      "uid": "2f4a3645-673c-4b91-bd66-216d092df23f", 
      "interaction_view": "", 
      "image": "", 
      "package": "lemmagen", 
      "static_image": "lemmagen_widget.png", 
      "post_interact_action": "", 
      "windows_queue": true, 
      "user": null, 
      "visualization_view": "", 
      "streaming_visualization_view": "", 
      "action": "lemmagen_construct_lemmatizer", 
      "wsdl_method": "", 
      "wsdl": "", 
      "interactive": false, 
      "has_progress_bar": false, 
      "order": 8, 
      "description": "Automatically generated widget from function ConstructLemmatizer in package lemmagen. The original function signature: ConstructLemmatizer."
    }
  }, 
  {
    "pk": 587, 
    "model": "workflows.abstractinput", 
    "fields": {
      "widget": 277, 
      "name": "Lemmatizer Settings", 
      "short_name": "stt", 
      "uid": "d157b7c1-61ae-598d-2742-4ee71d74c2b8", 
      "default": "", 
      "required": true, 
      "multi": false, 
      "parameter_type": "text", 
      "variable": "lemmatizerSettings", 
      "parameter": false, 
      "order": 1, 
      "description": "LemmaSharp.LemmatizerSettings"
    }
  }, 
  {
    "pk": 588, 
    "model": "workflows.abstractinput", 
    "fields": {
      "widget": 277, 
      "name": "Example List", 
      "short_name": "lst", 
      "uid": "a9b4aceb-adbe-2ce5-48a5-e4b9e16fd04e", 
      "default": "", 
      "required": false, 
      "multi": false, 
      "parameter_type": "text", 
      "variable": "exampleList", 
      "parameter": false, 
      "order": 2, 
      "description": "List of lemmatization examples which are used for initial lemmatizer training."
    }
  }, 
  {
    "pk": 282, 
    "model": "workflows.abstractoutput", 
    "fields": {
      "widget": 277, 
      "name": "LemmaGen Lemmatizer", 
      "short_name": "lmz", 
      "variable": "lemmatizer", 
      "uid": "b5c40a94-0934-8b9b-13e9-b8cf677fc4ae", 
      "order": 1, 
      "description": ""
    }
  }, 
  {
    "pk": 278, 
    "model": "workflows.abstractwidget", 
    "fields": {
      "category": 60, 
      "treeview_image": "", 
      "name": "Display Lemmatization Rules", 
      "is_streaming": false, 
      "uid": "d9faca24-a7c4-4e4e-a075-518c8bd9aada", 
      "interaction_view": "", 
      "image": "", 
      "package": "lemmagen", 
      "static_image": "lemmagen_widget.png", 
      "post_interact_action": "", 
      "windows_queue": true, 
      "user": null, 
      "visualization_view": "", 
      "streaming_visualization_view": "", 
      "action": "lemmagen_display_lemmatization_rules", 
      "wsdl_method": "", 
      "wsdl": "", 
      "interactive": false, 
      "has_progress_bar": false, 
      "order": 9, 
      "description": "Automatically generated widget from function DisplayLemmatizationRules in package lemmagen. The original function signature: DisplayLemmatizationRules."
    }
  }, 
  {
    "pk": 589, 
    "model": "workflows.abstractinput", 
    "fields": {
      "widget": 278, 
      "name": "Lemmatizer", 
      "short_name": "lmz", 
      "uid": "de38c2be-cb54-d084-1126-1d1cda94e6d9", 
      "default": "true", 
      "required": false, 
      "multi": false, 
      "parameter_type": "text", 
      "variable": "lmtz", 
      "parameter": false, 
      "order": 1, 
      "description": "Lemmatizer"
    }
  }, 
  {
    "pk": 283, 
    "model": "workflows.abstractoutput", 
    "fields": {
      "widget": 278, 
      "name": "Lemmatizer Rules", 
      "short_name": "str", 
      "variable": "lmtzTree", 
      "uid": "7be9d7ca-95bb-0d66-b5ff-39822b8d280c", 
      "order": 1, 
      "description": ""
    }
  }, 
  {
    "pk": 61, 
    "model": "workflows.category", 
    "fields": {
      "uid": "21d0b931-ef97-43d1-9650-edd4eec2062f", 
      "parent": 57, 
      "workflow": null, 
      "user": null, 
      "order": 4, 
      "name": "Lemmatization"
    }
  }, 
  {
    "pk": 279, 
    "model": "workflows.abstractwidget", 
    "fields": {
      "category": 61, 
      "treeview_image": "", 
      "name": "Lemmatize", 
      "is_streaming": false, 
      "uid": "3c8148d6-54a6-4d5a-9c24-7be671e95f29", 
      "interaction_view": "", 
      "image": "", 
      "package": "lemmagen", 
      "static_image": "lemmagen_widget.png", 
      "post_interact_action": "", 
      "windows_queue": true, 
      "user": null, 
      "visualization_view": "", 
      "streaming_visualization_view": "", 
      "action": "lemmagen_lemmatize_words", 
      "wsdl_method": "", 
      "wsdl": "", 
      "interactive": false, 
      "has_progress_bar": false, 
      "order": 1, 
      "description": "Automatically generated widget from function LemmatizeWords in package lemmagen. The original function signature: LemmatizeWords."
    }
  }, 
  {
    "pk": 590, 
    "model": "workflows.abstractinput", 
    "fields": {
      "widget": 279, 
      "name": "Trained Lemmatizer", 
      "short_name": "lmz", 
      "uid": "ee0eda9c-7387-7ea0-2145-2f7a9b8ee164", 
      "default": "", 
      "required": true, 
      "multi": false, 
      "parameter_type": "text", 
      "variable": "lemmatizer", 
      "parameter": false, 
      "order": 1, 
      "description": "Latino.TextMining.IStemmer"
    }
  }, 
  {
    "pk": 591, 
    "model": "workflows.abstractinput", 
    "fields": {
      "widget": 279, 
      "name": "Word(s)", 
      "short_name": "wrd", 
      "uid": "cd08ca1e-be3a-1f14-50a8-70414e21c2ef", 
      "default": "", 
      "required": true, 
      "multi": false, 
      "parameter_type": "text", 
      "variable": "words", 
      "parameter": false, 
      "order": 2, 
      "description": "System.Object"
    }
  }, 
  {
    "pk": 592, 
    "model": "workflows.abstractinput", 
    "fields": {
      "widget": 279, 
      "name": "Leave words & append lemmas", 
      "short_name": "bol", 
      "uid": "44cb6e3e-444d-6d0d-4712-462d3dda5346", 
      "default": "false", 
      "required": true, 
      "multi": false, 
      "parameter_type": "checkbox", 
      "variable": "leaveWord", 
      "parameter": true, 
      "order": 3, 
      "description": "System.Boolean"
    }
  }, 
  {
    "pk": 593, 
    "model": "workflows.abstractinput", 
    "fields": {
      "widget": 279, 
      "name": "Ignore character casing", 
      "short_name": "bol", 
      "uid": "8f527144-1f00-a6f4-8202-3d9001beb8a4", 
      "default": "false", 
      "required": true, 
      "multi": false, 
      "parameter_type": "checkbox", 
      "variable": "ignoreCase", 
      "parameter": true, 
      "order": 4, 
      "description": "System.Boolean"
    }
  }, 
  {
    "pk": 594, 
    "model": "workflows.abstractinput", 
    "fields": {
      "widget": 279, 
      "name": "Msd of the input word(s)", 
      "short_name": "str", 
      "uid": "11cd3b50-c288-c0c6-484d-f3a845640f96", 
      "default": "", 
      "required": true, 
      "multi": false, 
      "parameter_type": "textarea", 
      "variable": "msd", 
      "parameter": true, 
      "order": 5, 
      "description": "System.String"
    }
  }, 
  {
    "pk": 284, 
    "model": "workflows.abstractoutput", 
    "fields": {
      "widget": 279, 
      "name": "Lemmatized Word(s) = Lemma(s)", 
      "short_name": "lem", 
      "variable": "lemmas", 
      "uid": "2a28edee-8041-2f3f-0fd5-02c6b234bf31", 
      "order": 1, 
      "description": ""
    }
  }, 
  {
    "pk": 280, 
    "model": "workflows.abstractwidget", 
    "fields": {
      "category": 61, 
      "treeview_image": "", 
      "name": "Explain Lemmatization", 
      "is_streaming": false, 
      "uid": "7e18340c-ac40-4916-8974-88130119b367", 
      "interaction_view": "", 
      "image": "", 
      "package": "lemmagen", 
      "static_image": "lemmagen_widget.png", 
      "post_interact_action": "", 
      "windows_queue": true, 
      "user": null, 
      "visualization_view": "", 
      "streaming_visualization_view": "", 
      "action": "lemmagen_lemmatize_explain_words", 
      "wsdl_method": "", 
      "wsdl": "", 
      "interactive": false, 
      "has_progress_bar": false, 
      "order": 2, 
      "description": "Automatically generated widget from function LemmatizeExplainWords in package lemmagen. The original function signature: LemmatizeExplainWords."
    }
  }, 
  {
    "pk": 595, 
    "model": "workflows.abstractinput", 
    "fields": {
      "widget": 280, 
      "name": "Lemmatizer", 
      "short_name": "lmz", 
      "uid": "64e6155f-37ff-ebbc-c2dd-81a8cf3a5e29", 
      "default": "", 
      "required": true, 
      "multi": false, 
      "parameter_type": "text", 
      "variable": "lemmatizer", 
      "parameter": false, 
      "order": 1, 
      "description": "Latino.TextMining.IStemmer"
    }
  }, 
  {
    "pk": 596, 
    "model": "workflows.abstractinput", 
    "fields": {
      "widget": 280, 
      "name": "Word(s)", 
      "short_name": "wrd", 
      "uid": "95364585-fc76-cfa1-89e9-e1ccc1898555", 
      "default": "", 
      "required": true, 
      "multi": false, 
      "parameter_type": "text", 
      "variable": "words", 
      "parameter": false, 
      "order": 2, 
      "description": "System.Object"
    }
  }, 
  {
    "pk": 597, 
    "model": "workflows.abstractinput", 
    "fields": {
      "widget": 280, 
      "name": "Ignore character casing", 
      "short_name": "bol", 
      "uid": "f70a7312-29d4-5c51-edad-19928c498e46", 
      "default": "false", 
      "required": true, 
      "multi": false, 
      "parameter_type": "checkbox", 
      "variable": "ignoreCase", 
      "parameter": true, 
      "order": 3, 
      "description": "System.Boolean"
    }
  }, 
  {
    "pk": 598, 
    "model": "workflows.abstractinput", 
    "fields": {
      "widget": 280, 
      "name": "Msd of the input word(s)", 
      "short_name": "str", 
      "uid": "0ddb821e-4661-9c59-28cf-28ed04cd997a", 
      "default": "", 
      "required": true, 
      "multi": false, 
      "parameter_type": "textarea", 
      "variable": "msd", 
      "parameter": true, 
      "order": 4, 
      "description": "System.String"
    }
  }, 
  {
    "pk": 285, 
    "model": "workflows.abstractoutput", 
    "fields": {
      "widget": 280, 
      "name": "Explanation Trees of Lemmatization(s)", 
      "short_name": "str", 
      "variable": "explanations", 
      "uid": "a12ffdee-3657-72ef-6e4b-d9e7157fb564", 
      "order": 1, 
      "description": ""
    }
  }, 
  {
    "pk": 55, 
    "model": "workflows.category", 
    "fields": {
      "uid": "1b800757-2c72-4663-b3e4-2f2b61f609ff", 
      "parent": null, 
      "workflow": null, 
      "user": null, 
      "order": 4, 
      "name": "Helpers"
    }
  }, 
  {
    "pk": 281, 
    "model": "workflows.abstractwidget", 
    "fields": {
      "category": 55, 
      "treeview_image": "", 
      "name": "Get Set Indexes", 
      "is_streaming": false, 
      "uid": "59c7d09d-fe70-48f4-9700-4bff60e09a9f", 
      "interaction_view": "", 
      "image": "", 
      "package": "lemmagen", 
      "static_image": "helper_general.png", 
      "post_interact_action": "", 
      "windows_queue": true, 
      "user": null, 
      "visualization_view": "", 
      "streaming_visualization_view": "", 
      "action": "lemmagen_get_set_indexes", 
      "wsdl_method": "", 
      "wsdl": "", 
      "interactive": false, 
      "has_progress_bar": false, 
      "order": 2, 
      "description": "Automatically generated widget from function GetSetIndexes in package lemmagen. The original function signature: GetSetIndexes."
    }
  }, 
  {
    "pk": 600, 
    "model": "workflows.abstractinput", 
    "fields": {
      "widget": 281, 
      "name": "Set Id List", 
      "short_name": "lst", 
      "uid": "dca6e615-a35f-f132-6af1-53faa0014c74", 
      "default": "", 
      "required": true, 
      "multi": false, 
      "parameter_type": null, 
      "variable": "setList", 
      "parameter": false, 
      "order": 1, 
      "description": "List fo Set Ids which are used for retrieving indexes"
    }
  }, 
  {
    "pk": 599, 
    "model": "workflows.abstractinput", 
    "fields": {
      "widget": 281, 
      "name": "Selected Set Id", 
      "short_name": "int", 
      "uid": "2596a05a-b12f-2a65-1adb-a3ec965f91ac", 
      "default": "0", 
      "required": true, 
      "multi": false, 
      "parameter_type": "text", 
      "variable": "selectedSetId", 
      "parameter": true, 
      "order": 2, 
      "description": "Determines indexes of which Set Id should be retrieved from the Set Id List"
    }
  }, 
  {
    "pk": 601, 
    "model": "workflows.abstractinput", 
    "fields": {
      "widget": 281, 
      "name": "Get Opposite Indexes", 
      "short_name": "bol", 
      "uid": "5470afdc-1cf8-d0d1-9358-b2dfb924b902", 
      "default": "false", 
      "required": true, 
      "multi": false, 
      "parameter_type": "checkbox", 
      "variable": "opposite", 
      "parameter": true, 
      "order": 3, 
      "description": "System.Boolean"
    }
  }, 
  {
    "pk": 286, 
    "model": "workflows.abstractoutput", 
    "fields": {
      "widget": 281, 
      "name": "Indexes of occurences of Selected Set Id in the Set Id List", 
      "short_name": "lst", 
      "variable": "setIndexes", 
      "uid": "e2d5f558-d803-3d68-b92f-1e68409415a1", 
      "order": 1, 
      "description": ""
    }
  }, 
  {
    "pk": 282, 
    "model": "workflows.abstractwidget", 
    "fields": {
      "category": 55, 
      "treeview_image": "", 
      "name": "Filter List Elements", 
      "is_streaming": false, 
      "uid": "33753234-ee1a-4fb0-8477-7a87d4c20985", 
      "interaction_view": "", 
      "image": "", 
      "package": "lemmagen", 
      "static_image": "helper_general.png", 
      "post_interact_action": "", 
      "windows_queue": true, 
      "user": null, 
      "visualization_view": "", 
      "streaming_visualization_view": "", 
      "action": "lemmagen_filter_list_elements", 
      "wsdl_method": "", 
      "wsdl": "", 
      "interactive": false, 
      "has_progress_bar": false, 
      "order": 3, 
      "description": "Automatically generated widget from function FilterListElements in package lemmagen. The original function signature: FilterListElements."
    }
  }, 
  {
    "pk": 602, 
    "model": "workflows.abstractinput", 
    "fields": {
      "widget": 282, 
      "name": "List to be filtered", 
      "short_name": "lst", 
      "uid": "ec843e27-6502-8205-fb62-f7c4941540d7", 
      "default": "", 
      "required": true, 
      "multi": false, 
      "parameter_type": null, 
      "variable": "list", 
      "parameter": false, 
      "order": 1, 
      "description": "System.Collections.IList"
    }
  }, 
  {
    "pk": 603, 
    "model": "workflows.abstractinput", 
    "fields": {
      "widget": 282, 
      "name": "Selected Indexes", 
      "short_name": "lst", 
      "uid": "b4cd5345-8b32-45b7-01f2-9ad2365c3d2d", 
      "default": "", 
      "required": true, 
      "multi": false, 
      "parameter_type": null, 
      "variable": "indexList", 
      "parameter": false, 
      "order": 2, 
      "description": "System.Collections.Generic.List`1[[System.Int32, mscorlib, Version=4.0.0.0, Culture=neutral, PublicKeyToken=b77a5c561934e089]]"
    }
  }, 
  {
    "pk": 604, 
    "model": "workflows.abstractinput", 
    "fields": {
      "widget": 282, 
      "name": "Discard Filtered Out Elements", 
      "short_name": "bol", 
      "uid": "880daee3-6078-9adc-9c61-352403672f35", 
      "default": "false", 
      "required": true, 
      "multi": false, 
      "parameter_type": "checkbox", 
      "variable": "discardFilteredOut", 
      "parameter": true, 
      "order": 3, 
      "description": "System.Boolean"
    }
  }, 
  {
    "pk": 287, 
    "model": "workflows.abstractoutput", 
    "fields": {
      "widget": 282, 
      "name": "List with Selecter Elements", 
      "short_name": "lst", 
      "variable": "listSelected", 
      "uid": "016753cd-2343-9730-eea7-4930712224b1", 
      "order": 1, 
      "description": ""
    }
  }, 
  {
    "pk": 288, 
    "model": "workflows.abstractoutput", 
    "fields": {
      "widget": 282, 
      "name": "List with Filtered-out Elements", 
      "short_name": "lst", 
      "variable": "listFiltered", 
      "uid": "b5a439db-c53c-deee-dc19-460c484571fd", 
      "order": 2, 
      "description": ""
    }
  }, 
  {
    "pk": 283, 
    "model": "workflows.abstractwidget", 
    "fields": {
      "category": 55, 
      "treeview_image": "", 
      "name": "Save Serializable Object", 
      "is_streaming": false, 
      "uid": "bfeb7cb9-45b8-45c6-9f67-c7c6455845b6", 
      "interaction_view": "", 
      "image": "", 
      "package": "lemmagen", 
      "static_image": "lemmagen_widget.png", 
      "post_interact_action": "", 
      "windows_queue": true, 
      "user": null, 
      "visualization_view": "", 
      "streaming_visualization_view": "", 
      "action": "lemmagen_save_net_object", 
      "wsdl_method": "", 
      "wsdl": "", 
      "interactive": false, 
      "has_progress_bar": false, 
      "order": 101, 
      "description": "Automatically generated widget from function SaveNetObject in package lemmagen. The original function signature: SaveNetObject."
    }
  }, 
  {
    "pk": 605, 
    "model": "workflows.abstractinput", 
    "fields": {
      "widget": 283, 
      "name": "Serializable Object", 
      "short_name": "obj", 
      "uid": "67e07c46-92b2-d508-9c3c-4038e9bf428a", 
      "default": "true", 
      "required": false, 
      "multi": false, 
      "parameter_type": null, 
      "variable": "serializableObject", 
      "parameter": false, 
      "order": 1, 
      "description": "System.Object"
    }
  }, 
  {
    "pk": 606, 
    "model": "workflows.abstractinput", 
    "fields": {
      "widget": 283, 
      "name": "Compress", 
      "short_name": "bol", 
      "uid": "8446952b-60cc-f20c-437a-08b9e71ed4db", 
      "default": "true", 
      "required": false, 
      "multi": false, 
      "parameter_type": "checkbox", 
      "variable": "compress", 
      "parameter": true, 
      "order": 2, 
      "description": "System.Boolean"
    }
  }, 
  {
    "pk": 289, 
    "model": "workflows.abstractoutput", 
    "fields": {
      "widget": 283, 
      "name": "String of the Serialized Object", 
      "short_name": "str", 
      "variable": "objString", 
      "uid": "9f6adb4c-507f-089a-8dcb-d9cba0613e5b", 
      "order": 1, 
      "description": ""
    }
  }, 
  {
    "pk": 284, 
    "model": "workflows.abstractwidget", 
    "fields": {
      "category": 55, 
      "treeview_image": "", 
      "name": "Load Serializable Object", 
      "is_streaming": false, 
      "uid": "fdb153fe-105f-44ec-9ff1-5c02badb59e7", 
      "interaction_view": "", 
      "image": "", 
      "package": "lemmagen", 
      "static_image": "lemmagen_widget.png", 
      "post_interact_action": "", 
      "windows_queue": true, 
      "user": null, 
      "visualization_view": "", 
      "streaming_visualization_view": "", 
      "action": "lemmagen_load_net_object", 
      "wsdl_method": "", 
      "wsdl": "", 
      "interactive": false, 
      "has_progress_bar": false, 
      "order": 102, 
      "description": "Automatically generated widget from function LoadNetObject in package lemmagen. The original function signature: LoadNetObject."
    }
  }, 
  {
    "pk": 607, 
    "model": "workflows.abstractinput", 
    "fields": {
      "widget": 284, 
      "name": "String of the Serialized Object", 
      "short_name": "str", 
      "uid": "06a89168-8806-5d74-128e-7f6ff7e7d083", 
      "default": "true", 
      "required": false, 
      "multi": false, 
      "parameter_type": null, 
      "variable": "serializableObjectStr", 
      "parameter": false, 
      "order": 1, 
      "description": "System.String"
    }
  }, 
  {
    "pk": 608, 
    "model": "workflows.abstractinput", 
    "fields": {
      "widget": 284, 
      "name": "Is Compressed", 
      "short_name": "bol", 
      "uid": "cde5f7a9-496c-45e6-2ba1-affeeaf931ec", 
      "default": "true", 
      "required": false, 
      "multi": false, 
      "parameter_type": "checkbox", 
      "variable": "compress", 
      "parameter": true, 
      "order": 2, 
      "description": "System.Boolean"
    }
  }, 
  {
    "pk": 290, 
    "model": "workflows.abstractoutput", 
    "fields": {
      "widget": 284, 
      "name": "Object (Deserialized)", 
      "short_name": "obj", 
      "variable": "obj", 
      "uid": "465f0994-f8ac-1b96-51d6-ee7f4ca5cb6e", 
      "order": 1, 
      "description": ""
    }
  }, 
  {
    "pk": 56, 
    "model": "workflows.category", 
    "fields": {
      "uid": "b86956c3-21f6-47bd-8379-edf6f6c2f351", 
      "parent": 55, 
      "workflow": null, 
      "user": null, 
      "order": 1, 
      "name": "Table Manipulation"
    }
  }, 
  {
    "pk": 285, 
    "model": "workflows.abstractwidget", 
    "fields": {
      "category": 56, 
      "treeview_image": "", 
      "name": "Load Table From File", 
      "is_streaming": false, 
      "uid": "1c53d314-dfee-46b8-8dd4-ce71f81ae780", 
      "interaction_view": "", 
      "image": "", 
      "package": "lemmagen", 
      "static_image": "helper_table.png", 
      "post_interact_action": "", 
      "windows_queue": true, 
      "user": null, 
      "visualization_view": "", 
      "streaming_visualization_view": "", 
      "action": "lemmagen_delimited_file2_table", 
      "wsdl_method": "", 
      "wsdl": "", 
      "interactive": false, 
      "has_progress_bar": false, 
      "order": 1, 
      "description": "This is a common widget for loading a simple text (e.g. tab separated) file as table."
    }
  }, 
  {
    "pk": 609, 
    "model": "workflows.abstractinput", 
    "fields": {
      "widget": 285, 
      "name": "Raw Text File", 
      "short_name": "fil", 
      "uid": "11594519-7ecc-1149-0082-c42eb53fd7be", 
      "default": "", 
      "required": false, 
      "multi": false, 
      "parameter_type": null, 
      "variable": "file", 
      "parameter": false, 
      "order": 1, 
      "description": "Input Text File: Contains one table row per line"
    }
  }, 
  {
    "pk": 610, 
    "model": "workflows.abstractinput", 
    "fields": {
      "widget": 285, 
      "name": "Delimiter", 
      "short_name": "str", 
      "uid": "8c39fb18-a87f-c6b2-1436-2feb057fd046", 
      "default": "\t", 
      "required": true, 
      "multi": false, 
      "parameter_type": "text", 
      "variable": "delimiter", 
      "parameter": true, 
      "order": 2, 
      "description": "Delimiter used to split columns in a line (e.g. comma, tab)."
    }
  }, 
  {
    "pk": 611, 
    "model": "workflows.abstractinput", 
    "fields": {
      "widget": 285, 
      "name": "First Line is Header", 
      "short_name": "bol", 
      "uid": "974fbfea-1c3f-72db-4195-e35985a81f1c", 
      "default": "false", 
      "required": true, 
      "multi": false, 
      "parameter_type": "checkbox", 
      "variable": "firstLineIsHeader", 
      "parameter": true, 
      "order": 3, 
      "description": "If true then widget parses first line of file as column headers."
    }
  }, 
  {
    "pk": 612, 
    "model": "workflows.abstractinput", 
    "fields": {
      "widget": 285, 
      "name": "Header Line", 
      "short_name": "str", 
      "uid": "775427da-51a0-8cd9-a8e8-3eeedc087d4c", 
      "default": "", 
      "required": true, 
      "multi": false, 
      "parameter_type": "text", 
      "variable": "headerLine", 
      "parameter": true, 
      "order": 3, 
      "description": "If 'firstLineIsHeader' is set to false then widget tries to parse this paramater as header line."
    }
  }, 
  {
    "pk": 613, 
    "model": "workflows.abstractinput", 
    "fields": {
      "widget": 285, 
      "name": "Skip Empty Lines", 
      "short_name": "bool", 
      "uid": "e959b4ca-d7f2-12cf-8d9e-a3ddc6f79372", 
      "default": "true", 
      "required": true, 
      "multi": false, 
      "parameter_type": "checkbox", 
      "variable": "skipEmptyLines", 
      "parameter": true, 
      "order": 4, 
      "description": "If true, empty lines in the input string are ignored (usefull also for eliminating a trailing newline in a document)."
    }
  }, 
  {
    "pk": 291, 
    "model": "workflows.abstractoutput", 
    "fields": {
      "widget": 285, 
      "name": "Table", 
      "short_name": "tbl", 
      "variable": "table", 
      "uid": "6f9ec97d-55c4-26ec-a613-39a49956f00a", 
      "order": 1, 
      "description": ""
    }
  }, 
  {
    "pk": 286, 
    "model": "workflows.abstractwidget", 
    "fields": {
      "category": 56, 
      "treeview_image": "", 
      "name": "Load Table From String", 
      "is_streaming": false, 
      "uid": "97803b40-1d1c-47c4-8d4a-d86b90b83d09", 
      "interaction_view": "", 
      "image": "", 
      "package": "lemmagen", 
      "static_image": "helper_table.png", 
      "post_interact_action": "", 
      "windows_queue": true, 
      "user": null, 
      "visualization_view": "", 
      "streaming_visualization_view": "", 
      "action": "lemmagen_delimited_string2_table", 
      "wsdl_method": "", 
      "wsdl": "", 
      "interactive": false, 
      "has_progress_bar": false, 
      "order": 2, 
      "description": "This is a common widget for loading a simple text (e.g. tab separated) string as table."
    }
  }, 
  {
    "pk": 614, 
    "model": "workflows.abstractinput", 
    "fields": {
      "widget": 286, 
      "name": "Raw Text String", 
      "short_name": "str", 
      "uid": "d2c7fe36-c315-c305-cbb2-9858f0ab3f80", 
      "default": "", 
      "required": false, 
      "multi": false, 
      "parameter_type": "textarea", 
      "variable": "examplesText", 
      "parameter": false, 
      "order": 1, 
      "description": "Input Text String: Contains one table row per line"
    }
  }, 
  {
    "pk": 615, 
    "model": "workflows.abstractinput", 
    "fields": {
      "widget": 286, 
      "name": "Delimiter", 
      "short_name": "str", 
      "uid": "f9089d34-c569-34da-6e3f-b79b7ccb1092", 
      "default": "\t", 
      "required": true, 
      "multi": false, 
      "parameter_type": "text", 
      "variable": "delimiter", 
      "parameter": true, 
      "order": 2, 
      "description": "Delimiter used to split columns in a line (e.g. comma, tab)."
    }
  }, 
  {
    "pk": 616, 
    "model": "workflows.abstractinput", 
    "fields": {
      "widget": 286, 
      "name": "First Line is Header", 
      "short_name": "bol", 
      "uid": "74057cba-ebac-ac44-c1a9-f6a1b9e9eb4f", 
      "default": "false", 
      "required": true, 
      "multi": false, 
      "parameter_type": "checkbox", 
      "variable": "firstLineIsHeader", 
      "parameter": true, 
      "order": 3, 
      "description": "If true then widget parses first line of file as column headers."
    }
  }, 
  {
    "pk": 617, 
    "model": "workflows.abstractinput", 
    "fields": {
      "widget": 286, 
      "name": "Header Line", 
      "short_name": "str", 
      "uid": "42ddb482-c07f-c6da-b4c8-447b0f4ebf3c", 
      "default": "", 
      "required": true, 
      "multi": false, 
      "parameter_type": "text", 
      "variable": "headerLine", 
      "parameter": true, 
      "order": 3, 
      "description": "If 'firstLineIsHeader' is set to false then widget tries to parse this paramater as header line."
    }
  }, 
  {
    "pk": 618, 
    "model": "workflows.abstractinput", 
    "fields": {
      "widget": 286, 
      "name": "Skip Empty Lines", 
      "short_name": "bool", 
      "uid": "e5259cf5-51c5-bf17-034b-baefae53b3b1", 
      "default": "true", 
      "required": true, 
      "multi": false, 
      "parameter_type": "checkbox", 
      "variable": "skipEmptyLines", 
      "parameter": true, 
      "order": 4, 
      "description": "If true, empty lines in the input string are ignored (usefull also for eliminating a trailing newline in a document)."
    }
  }, 
  {
    "pk": 292, 
    "model": "workflows.abstractoutput", 
    "fields": {
      "widget": 286, 
      "name": "Table", 
      "short_name": "tbl", 
      "variable": "table", 
      "uid": "1d7354c1-a0b5-2c46-1933-c6f6e30baf9a", 
      "order": 1, 
      "description": ""
    }
  }, 
  {
    "pk": 287, 
    "model": "workflows.abstractwidget", 
    "fields": {
      "category": 56, 
      "treeview_image": "", 
      "name": "Filter Table Rows", 
      "is_streaming": false, 
      "uid": "b6cfe1c4-dac3-480e-8e1e-b5dff060acf2", 
      "interaction_view": "", 
      "image": "", 
      "package": "lemmagen", 
      "static_image": "helper_table.png", 
      "post_interact_action": "", 
      "windows_queue": true, 
      "user": null, 
      "visualization_view": "", 
      "streaming_visualization_view": "", 
      "action": "lemmagen_filter_table_rows", 
      "wsdl_method": "", 
      "wsdl": "", 
      "interactive": false, 
      "has_progress_bar": false, 
      "order": 3, 
      "description": "Automatically generated widget from function FilterTableRows in package lemmagen. The original function signature: FilterTableRows."
    }
  }, 
  {
    "pk": 619, 
    "model": "workflows.abstractinput", 
    "fields": {
      "widget": 287, 
      "name": "Table", 
      "short_name": "tbl", 
      "uid": "877ff393-2280-2b67-951c-1c510a20a720", 
      "default": "", 
      "required": true, 
      "multi": false, 
      "parameter_type": null, 
      "variable": "table", 
      "parameter": false, 
      "order": 1, 
      "description": "System.Collections.Generic.Dictionary`2[[System.Collections.Generic.LinkedList`1[[System.String, mscorlib, Version=4.0.0.0, Culture=neutral, PublicKeyToken=b77a5c561934e089]], System, Version=4.0.0.0, Culture=neutral, PublicKeyToken=b77a5c561934e089],[System.Collections.Generic.List`1[[System.Collections.Generic.List`1[[System.String, mscorlib, Version=4.0.0.0, Culture=neutral, PublicKeyToken=b77a5c561934e089]], mscorlib, Version=4.0.0.0, Culture=neutral, PublicKeyToken=b77a5c561934e089]], mscorlib, Version=4.0.0.0, Culture=neutral, PublicKeyToken=b77a5c561934e089]]"
    }
  }, 
  {
    "pk": 620, 
    "model": "workflows.abstractinput", 
    "fields": {
      "widget": 287, 
      "name": "Selected Indexes", 
      "short_name": "lst", 
      "uid": "8a78c098-65b0-58c7-6a62-d7bcb933a7a9", 
      "default": "", 
      "required": true, 
      "multi": false, 
      "parameter_type": null, 
      "variable": "indexList", 
      "parameter": false, 
      "order": 2, 
      "description": "System.Collections.Generic.List`1[[System.Int32, mscorlib, Version=4.0.0.0, Culture=neutral, PublicKeyToken=b77a5c561934e089]]"
    }
  }, 
  {
    "pk": 621, 
    "model": "workflows.abstractinput", 
    "fields": {
      "widget": 287, 
      "name": "Discard Filtered Out", 
      "short_name": "bol", 
      "uid": "aa6fb3ac-65d5-2817-1ae5-59abbc1f873b", 
      "default": "false", 
      "required": true, 
      "multi": false, 
      "parameter_type": "checkbox", 
      "variable": "discardFilteredOut", 
      "parameter": true, 
      "order": 3, 
      "description": "System.Boolean"
    }
  }, 
  {
    "pk": 293, 
    "model": "workflows.abstractoutput", 
    "fields": {
      "widget": 287, 
      "name": "Table with Selecter Rows", 
      "short_name": "tbl", 
      "variable": "tableSelected", 
      "uid": "2fcb8b20-5809-847d-8f23-2b30b597bbfa", 
      "order": 1, 
      "description": ""
    }
  }, 
  {
    "pk": 294, 
    "model": "workflows.abstractoutput", 
    "fields": {
      "widget": 287, 
      "name": "Table with Filtered-out Rows", 
      "short_name": "tbl", 
      "variable": "tableFiltered", 
      "uid": "133ec3ec-7aaf-617e-e8aa-ff73602f0809", 
      "order": 2, 
      "description": ""
    }
  }, 
  {
    "pk": 288, 
    "model": "workflows.abstractwidget", 
    "fields": {
      "category": 56, 
      "treeview_image": "", 
      "name": "Extract Column as List", 
      "is_streaming": false, 
      "uid": "a368eeb7-31a8-43c7-b7a3-e04ca8a669f2", 
      "interaction_view": "", 
      "image": "", 
      "package": "lemmagen", 
      "static_image": "helper_table.png", 
      "post_interact_action": "", 
      "windows_queue": true, 
      "user": null, 
      "visualization_view": "", 
      "streaming_visualization_view": "", 
      "action": "lemmagen_extract_column_as_list", 
      "wsdl_method": "", 
      "wsdl": "", 
      "interactive": false, 
      "has_progress_bar": false, 
      "order": 4, 
      "description": "Automatically generated widget from function ExtractColumnAsList in package lemmagen. The original function signature: ExtractColumnAsList."
    }
  }, 
  {
    "pk": 622, 
    "model": "workflows.abstractinput", 
    "fields": {
      "widget": 288, 
      "name": "Table", 
      "short_name": "tbl", 
      "uid": "74835bed-8926-1811-6ca2-5c1308790386", 
      "default": "", 
      "required": true, 
      "multi": false, 
      "parameter_type": null, 
      "variable": "table", 
      "parameter": false, 
      "order": 1, 
      "description": "System.Collections.Generic.Dictionary`2[[System.Collections.Generic.LinkedList`1[[System.String, mscorlib, Version=4.0.0.0, Culture=neutral, PublicKeyToken=b77a5c561934e089]], System, Version=4.0.0.0, Culture=neutral, PublicKeyToken=b77a5c561934e089],[System.Collections.Generic.List`1[[System.Collections.Generic.List`1[[System.String, mscorlib, Version=4.0.0.0, Culture=neutral, PublicKeyToken=b77a5c561934e089]], mscorlib, Version=4.0.0.0, Culture=neutral, PublicKeyToken=b77a5c561934e089]], mscorlib, Version=4.0.0.0, Culture=neutral, PublicKeyToken=b77a5c561934e089]]"
    }
  }, 
  {
    "pk": 623, 
    "model": "workflows.abstractinput", 
    "fields": {
      "widget": 288, 
      "name": "Selected Column Index", 
      "short_name": "int", 
      "uid": "9ce23548-2cfe-e042-3365-d81d9cc6bce2", 
      "default": "0", 
      "required": true, 
      "multi": false, 
      "parameter_type": "text", 
      "variable": "columnIndex", 
      "parameter": true, 
      "order": 2, 
      "description": "Zero based column index"
    }
  }, 
  {
    "pk": 295, 
    "model": "workflows.abstractoutput", 
    "fields": {
      "widget": 288, 
      "name": "Column Values List", 
      "short_name": "lst", 
      "variable": "columnValues", 
      "uid": "2f6ba6b5-b5e4-c619-37bf-26c28656f0df", 
      "order": 1, 
      "description": ""
    }
  }, 
  {
    "pk": 296, 
    "model": "workflows.abstractoutput", 
    "fields": {
      "widget": 288, 
      "name": "Column Name", 
      "short_name": "str", 
      "variable": "columnName", 
      "uid": "8b0b4d0d-6c67-5975-81e6-2b87b164f203", 
      "order": 2, 
      "description": ""
    }
  }, 
  {
    "pk": 289, 
    "model": "workflows.abstractwidget", 
    "fields": {
      "category": 56, 
      "treeview_image": "", 
      "name": "Insert List as Column", 
      "is_streaming": false, 
      "uid": "ca83d20f-805d-443a-9dd0-519dc155943a", 
      "interaction_view": "", 
      "image": "", 
      "package": "lemmagen", 
      "static_image": "helper_table.png", 
      "post_interact_action": "", 
      "windows_queue": true, 
      "user": null, 
      "visualization_view": "", 
      "streaming_visualization_view": "", 
      "action": "lemmagen_insert_list_as_column", 
      "wsdl_method": "", 
      "wsdl": "", 
      "interactive": false, 
      "has_progress_bar": false, 
      "order": 5, 
      "description": "Automatically generated widget from function InsertListAsColumn in package lemmagen. The original function signature: InsertListAsColumn."
    }
  }, 
  {
    "pk": 624, 
    "model": "workflows.abstractinput", 
    "fields": {
      "widget": 289, 
      "name": "Table", 
      "short_name": "tbl", 
      "uid": "8e314efd-99ee-3e17-9f24-9096c251a228", 
      "default": "", 
      "required": true, 
      "multi": false, 
      "parameter_type": null, 
      "variable": "table", 
      "parameter": false, 
      "order": 1, 
      "description": "System.Collections.Generic.Dictionary`2[[System.Collections.Generic.LinkedList`1[[System.String, mscorlib, Version=4.0.0.0, Culture=neutral, PublicKeyToken=b77a5c561934e089]], System, Version=4.0.0.0, Culture=neutral, PublicKeyToken=b77a5c561934e089],[System.Collections.Generic.List`1[[System.Collections.Generic.List`1[[System.String, mscorlib, Version=4.0.0.0, Culture=neutral, PublicKeyToken=b77a5c561934e089]], mscorlib, Version=4.0.0.0, Culture=neutral, PublicKeyToken=b77a5c561934e089]], mscorlib, Version=4.0.0.0, Culture=neutral, PublicKeyToken=b77a5c561934e089]]"
    }
  }, 
  {
    "pk": 625, 
    "model": "workflows.abstractinput", 
    "fields": {
      "widget": 289, 
      "name": "Position of Inserted Column", 
      "short_name": "int", 
      "uid": "9db3ea01-6260-4472-fe4e-df39e6f2477d", 
      "default": "0", 
      "required": true, 
      "multi": false, 
      "parameter_type": "text", 
      "variable": "columnIndex", 
      "parameter": true, 
      "order": 2, 
      "description": "Zero based index where the column should be inserted."
    }
  }, 
  {
    "pk": 626, 
    "model": "workflows.abstractinput", 
    "fields": {
      "widget": 289, 
      "name": "Inserted Column Values", 
      "short_name": "lst", 
      "uid": "c27cbbe2-3f61-1f8a-3c4a-c6f0c4d34113", 
      "default": "", 
      "required": true, 
      "multi": false, 
      "parameter_type": null, 
      "variable": "columnValues", 
      "parameter": false, 
      "order": 3, 
      "description": "System.Collections.Generic.List`1[[System.String, mscorlib, Version=4.0.0.0, Culture=neutral, PublicKeyToken=b77a5c561934e089]]"
    }
  }, 
  {
    "pk": 627, 
    "model": "workflows.abstractinput", 
    "fields": {
      "widget": 289, 
      "name": "Inserted Column Name", 
      "short_name": "str", 
      "uid": "82b538e9-eb57-0092-ff50-3b97e4296a9e", 
      "default": "ColumnX", 
      "required": true, 
      "multi": false, 
      "parameter_type": "text", 
      "variable": "columnName", 
      "parameter": true, 
      "order": 4, 
      "description": "System.String"
    }
  }, 
  {
    "pk": 297, 
    "model": "workflows.abstractoutput", 
    "fields": {
      "widget": 289, 
      "name": "Table with Inserted Column", 
      "short_name": "tbl", 
      "variable": "table", 
      "uid": "59c0f2f9-4778-b3e5-ee1c-d13067de662b", 
      "order": 1, 
      "description": ""
    }
  }, 
  {
    "pk": 290, 
    "model": "workflows.abstractwidget", 
    "fields": {
      "category": 56, 
      "treeview_image": "", 
      "name": "Table to Delimited String", 
      "is_streaming": false, 
      "uid": "2d9e3324-d221-4bcd-8799-22e33707db4b", 
      "interaction_view": "", 
      "image": "", 
      "package": "lemmagen", 
      "static_image": "helper_table.png", 
      "post_interact_action": "", 
      "windows_queue": true, 
      "user": null, 
      "visualization_view": "", 
      "streaming_visualization_view": "", 
      "action": "lemmagen_table2_string_delimited", 
      "wsdl_method": "", 
      "wsdl": "", 
      "interactive": false, 
      "has_progress_bar": false, 
      "order": 6, 
      "description": "Automatically generated widget from function Table2StringDelimited in package lemmagen. The original function signature: Table2StringDelimited."
    }
  }, 
  {
    "pk": 628, 
    "model": "workflows.abstractinput", 
    "fields": {
      "widget": 290, 
      "name": "Table", 
      "short_name": "tbl", 
      "uid": "f2c0a800-0505-4ba2-6f72-d60b38e55801", 
      "default": "", 
      "required": true, 
      "multi": false, 
      "parameter_type": null, 
      "variable": "table", 
      "parameter": false, 
      "order": 1, 
      "description": "System.Collections.Generic.Dictionary`2[[System.Collections.Generic.LinkedList`1[[System.String, mscorlib, Version=4.0.0.0, Culture=neutral, PublicKeyToken=b77a5c561934e089]], System, Version=4.0.0.0, Culture=neutral, PublicKeyToken=b77a5c561934e089],[System.Collections.Generic.List`1[[System.Collections.Generic.List`1[[System.String, mscorlib, Version=4.0.0.0, Culture=neutral, PublicKeyToken=b77a5c561934e089]], mscorlib, Version=4.0.0.0, Culture=neutral, PublicKeyToken=b77a5c561934e089]], mscorlib, Version=4.0.0.0, Culture=neutral, PublicKeyToken=b77a5c561934e089]]"
    }
  }, 
  {
    "pk": 629, 
    "model": "workflows.abstractinput", 
    "fields": {
      "widget": 290, 
      "name": "Delimiter", 
      "short_name": "str", 
      "uid": "180372a1-f24e-0423-ff66-3edb94ce2b05", 
      "default": "\t", 
      "required": true, 
      "multi": false, 
      "parameter_type": "text", 
      "variable": "delimiter", 
      "parameter": true, 
      "order": 2, 
      "description": "Delimiter used to split columns in a line (e.g. comma, tab)."
    }
  }, 
  {
    "pk": 630, 
    "model": "workflows.abstractinput", 
    "fields": {
      "widget": 290, 
      "name": "If true then column headers are written as the first line of string", 
      "short_name": "bol", 
      "uid": "fb31b326-1937-1f39-2089-395019a487b7", 
      "default": "true", 
      "required": true, 
      "multi": false, 
      "parameter_type": "checkbox", 
      "variable": "outputHeader", 
      "parameter": true, 
      "order": 3, 
      "description": "System.Boolean"
    }
  }, 
  {
    "pk": 298, 
    "model": "workflows.abstractoutput", 
    "fields": {
      "widget": 290, 
      "name": "Delimited String Representation of the Table", 
      "short_name": "str", 
      "variable": "string", 
      "uid": "3b482422-b08f-ffac-6d1d-7f5b719c7155", 
      "order": 1, 
      "description": ""
    }
  }
]