[
  {
    "pk": 45725108,
    "model": "workflows.category",
    "fields": {
      "uid": "62a3ddb8-ff28-4e54-8144-3a7af70d235a",
      "parent": null,
      "workflow": null,
      "user": null,
      "order": 3,
      "name": "CrossBee"
    }
  },
  {
    "pk": 795711102,
    "model": "workflows.category",
    "fields": {
      "uid": "d8fee140-c280-4d6b-b0b9-7c02fd857b50",
      "parent": 45725108,
      "workflow": null,
      "user": null,
      "order": 1,
      "name": "Heuristics"
    }
  },
  {
    "pk": 545673891,
    "model": "workflows.abstractwidget",
    "fields": {
      "category": 795711102,
      "treeview_image": null,
      "name": "Standard Heuristic",
      "is_streaming": false,
      "uid": "f9119aaf-1b14-4975-a968-fcd2716fdba9",
      "interaction_view": "",
      "image": null,
      "package": "crossbee",
      "static_image": "crossbee_widget.png",
      "post_interact_action": "",
      "user": null,
      "visualization_view": "",
      "action": "crossbee_construct_standard_heurisitc",
      "wsdl_method": "",
      "wsdl": "",
      "interactive": false,
      "has_progress_bar": false,
      "order": 11,
      "description": "Automatically generated widget from function ConstructStandardHeurisitc in package crossbee. The original function signature: ConstructStandardHeurisitc."
    }
  },
  {
    "pk": 8448685,
    "model": "workflows.abstractinput",
    "fields": {
      "widget": 545673891,
      "name": "Name",
      "short_name": "str",
      "uid": "a90bdc28-ff1b-24c8-56ce-7f3e574961a2",
      "default": "",
      "required": true,
      "multi": false,
      "parameter_type": "text",
      "variable": "name",
      "parameter": true,
      "order": 1,
      "description": "System.String"
    }
  },
  {
    "pk": 143933468,
    "model": "workflows.abstractinput",
    "fields": {
      "widget": 545673891,
      "name": "Heurisitc Specification",
      "short_name": "hsp",
      "uid": "ea0732f6-cc42-4b44-54cc-6ebc0062af17",
      "default": "random",
      "required": true,
      "multi": false,
      "parameter_type": "select",
      "variable": "heurisitcSpec",
      "parameter": true,
      "order": 2,
      "description": "CrossBeeInterfaces.StandardHeurisitc+Specification"
    }
  },
  {
    "pk": 917842619,
    "model": "workflows.abstractoption",
    "fields": {
      "uid": "cc5decfa-9ed4-60e7-691e-c8f59bb9ca8a",
      "abstract_input": 143933468,
      "value": "random",
      "name": "random: random baseline heuristic"
    }
  },
  {
    "pk": 270077810,
    "model": "workflows.abstractoption",
    "fields": {
      "uid": "baa0c2ee-cf9e-95c4-8512-a4f3f8a2afa0",
      "abstract_input": 143933468,
      "value": "appearInAllDomn",
      "name": "appearInAllDomn: better baseline heuristic which can separate two classes of terms - the ones that appear in both domains and the ones that appear only in one"
    }
  },
  {
    "pk": 680720282,
    "model": "workflows.abstractoption",
    "fields": {
      "uid": "66c8c1be-9678-5564-8722-62018610a66a",
      "abstract_input": 143933468,
      "value": "freqTerm",
      "name": "freqTerm: term frequency across both domains"
    }
  },
  {
    "pk": 927780971,
    "model": "workflows.abstractoption",
    "fields": {
      "uid": "515a4987-5332-bc92-9bf5-eb89ed885ae2",
      "abstract_input": 143933468,
      "value": "freqDoc",
      "name": "freqDoc: document frequency across both domains"
    }
  },
  {
    "pk": 1016597724,
    "model": "workflows.abstractoption",
    "fields": {
      "uid": "e85317e8-2193-ee9a-90b1-6320c5d301ee",
      "abstract_input": 143933468,
      "value": "freqRatio",
      "name": "freqRatio: term to document frequency ratio"
    }
  },
  {
    "pk": 519925532,
    "model": "workflows.abstractoption",
    "fields": {
      "uid": "a9a43380-128e-c1d4-f5e0-1c9061ea4d4f",
      "abstract_input": 143933468,
      "value": "freqDomnRatioMin",
      "name": "freqDomnRatioMin: minimum of term frequencies ratio between both domains"
    }
  },
  {
    "pk": 598509823,
    "model": "workflows.abstractoption",
    "fields": {
      "uid": "6111af42-a16f-2bbb-d29c-2a2facc47368",
      "abstract_input": 143933468,
      "value": "freqDomnProd",
      "name": "freqDomnProd: product of term frequencies in both domains"
    }
  },
  {
    "pk": 41640200,
    "model": "workflows.abstractoption",
    "fields": {
      "uid": "d650ea43-9e99-d228-3093-7b912391e8b3",
      "abstract_input": 143933468,
      "value": "freqDomnProdRel",
      "name": "freqDomnProdRel: product of term frequencies in both domains relative to the term frequency in all domains"
    }
  },
  {
    "pk": 542211643,
    "model": "workflows.abstractoption",
    "fields": {
      "uid": "b8be1a09-27a9-80c5-55c4-2fe2ff2e9937",
      "abstract_input": 143933468,
      "value": "tfidfSum",
      "name": "tfidfSum: sum of all tf idf weights of a term across both domains"
    }
  },
  {
    "pk": 190527820,
    "model": "workflows.abstractoption",
    "fields": {
      "uid": "3f1621d3-7bc0-5e28-abc1-814bf77c0bd4",
      "abstract_input": 143933468,
      "value": "tfidfAvg",
      "name": "tfidfAvg: average tf idf of a term"
    }
  },
  {
    "pk": 453869326,
    "model": "workflows.abstractoption",
    "fields": {
      "uid": "e3e72432-6cf2-47fb-50ef-f9cf73864874",
      "abstract_input": 143933468,
      "value": "tfidfDomnProd",
      "name": "tfidfDomnProd: product of a term’s importance in both domains"
    }
  },
  {
    "pk": 195108494,
    "model": "workflows.abstractoption",
    "fields": {
      "uid": "40d62620-22c5-84a6-79e3-9657e62eda10",
      "abstract_input": 143933468,
      "value": "tfidfDomnSum",
      "name": "tfidfDomnSum: sum of a term’s importance in both domains"
    }
  },
  {
    "pk": 9035845,
    "model": "workflows.abstractoption",
    "fields": {
      "uid": "9704c8d8-bc29-9286-08f9-5c6191235203",
      "abstract_input": 143933468,
      "value": "simAvgTerm",
      "name": "simAvgTerm: similarity to an average term – the distance from the center of the cluster of all terms"
    }
  },
  {
    "pk": 645285205,
    "model": "workflows.abstractoption",
    "fields": {
      "uid": "913318ee-6bb5-b7a4-31c4-93f379b48bb5",
      "abstract_input": 143933468,
      "value": "simDomnProd",
      "name": "simDomnProd: product of a term’s similarity to the centroids of both domains"
    }
  },
  {
    "pk": 14518167,
    "model": "workflows.abstractoption",
    "fields": {
      "uid": "a2521b2a-a074-d279-eb27-073ddd2ebe46",
      "abstract_input": 143933468,
      "value": "simDomnRatioMin",
      "name": "simDomnRatioMin: minimum of a term‘s frequencies ratio between both domains"
    }
  },
  {
    "pk": 900283282,
    "model": "workflows.abstractoutput",
    "fields": {
      "widget": 545673891,
      "name": "Heuristic",
      "short_name": "heu",
      "variable": "heurisitc",
      "uid": "30214190-4bb6-bfd4-4631-b958353bb959",
      "order": 1,
      "description": ""
    }
  },
  {
    "pk": 764628448,
    "model": "workflows.abstractwidget",
    "fields": {
      "category": 795711102,
      "treeview_image": null,
      "name": "All Standard Heuristics",
      "is_streaming": false,
      "uid": "3d7fabc8-422f-4e3a-be92-040e30f13f50",
      "interaction_view": "",
      "image": null,
      "package": "crossbee",
      "static_image": "crossbee_widget.png",
      "post_interact_action": "",
      "user": null,
      "visualization_view": "",
      "action": "crossbee_construct_all_standard_heurisitc",
      "wsdl_method": "",
      "wsdl": "",
      "interactive": false,
      "has_progress_bar": false,
      "order": 12,
      "description": "Automatically generated widget from function ConstructAllStandardHeurisitc in package crossbee. The original function signature: ConstructAllStandardHeurisitc."
    }
  },
  {
    "pk": 168789582,
    "model": "workflows.abstractoutput",
    "fields": {
      "widget": 764628448,
      "name": "Heuristics",
      "short_name": "heu",
      "variable": "heurisitcs",
      "uid": "62cecd9a-3eb0-7285-adb5-58f0ee08d1e3",
      "order": 1,
      "description": ""
    }
  },
  {
    "pk": 451045937,
    "model": "workflows.abstractwidget",
    "fields": {
      "category": 795711102,
      "treeview_image": null,
      "name": "Outlier Heuristic",
      "is_streaming": false,
      "uid": "3e58e6e9-42a1-4ac7-9a3b-7088011840ba",
      "interaction_view": "",
      "image": null,
      "package": "crossbee",
      "static_image": "crossbee_widget.png",
      "post_interact_action": "",
      "user": null,
      "visualization_view": "",
      "action": "crossbee_construct_outlier_heuristics",
      "wsdl_method": "",
      "wsdl": "",
      "interactive": false,
      "has_progress_bar": false,
      "order": 13,
      "description": "Automatically generated widget from function ConstructOutlierHeuristics in package crossbee. The original function signature: ConstructOutlierHeuristics."
    }
  },
  {
    "pk": 672840714,
    "model": "workflows.abstractinput",
    "fields": {
      "widget": 451045937,
      "name": "Name",
      "short_name": "str",
      "uid": "e8143732-511e-1627-b661-71f579c4dbdb",
      "default": "outlier",
      "required": true,
      "multi": false,
      "parameter_type": "text",
      "variable": "name",
      "parameter": true,
      "order": 1,
      "description": "System.String"
    }
  },
  {
    "pk": 657115954,
    "model": "workflows.abstractinput",
    "fields": {
      "widget": 451045937,
      "name": "Relative",
      "short_name": "clc",
      "uid": "7d742dd5-7417-0461-32c1-34b2ea7daf55",
      "default": "false",
      "required": true,
      "multi": false,
      "parameter_type": "checkbox",
      "variable": "relative",
      "parameter": true,
      "order": 2,
      "description": "If false then absolute number of terms apearing in outlier documents is used. If true, the relative number of terms is used - based on the frequency of the term in the whole dataset."
    }
  },
  {
    "pk": 398447299,
    "model": "workflows.abstractinput",
    "fields": {
      "widget": 451045937,
      "name": "Outlier Document Indexes",
      "short_name": "lst",
      "uid": "1cf73158-780a-857f-fde4-4fbdda0553e8",
      "default": "",
      "required": false,
      "multi": false,
      "parameter_type": null,
      "variable": "outlierDocumentIndexes",
      "parameter": false,
      "order": 3,
      "description": "System.Collections.Generic.List`1[[System.Int32, mscorlib, Version=4.0.0.0, Culture=neutral, PublicKeyToken=b77a5c561934e089]]"
    }
  },
  {
    "pk": 629524918,
    "model": "workflows.abstractoutput",
    "fields": {
      "widget": 451045937,
      "name": "Ensemble Heuristics",
      "short_name": "heu",
      "variable": "newHeurisitcs",
      "uid": "4b418ff6-eb12-56cb-b6fe-8ac9dbe1ece7",
      "order": 1,
      "description": ""
    }
  },
  {
    "pk": 653428055,
    "model": "workflows.abstractwidget",
    "fields": {
      "category": 795711102,
      "treeview_image": null,
      "name": "Calculated Heuristic",
      "is_streaming": false,
      "uid": "9c0c1f1f-bdf2-4751-bc26-989094660e77",
      "interaction_view": "",
      "image": null,
      "package": "crossbee",
      "static_image": "crossbee_widget.png",
      "post_interact_action": "",
      "user": null,
      "visualization_view": "",
      "action": "crossbee_construct_calculated_heuristics",
      "wsdl_method": "",
      "wsdl": "",
      "interactive": false,
      "has_progress_bar": false,
      "order": 13,
      "description": "Automatically generated widget from function ConstructCalculatedHeuristics in package crossbee. The original function signature: ConstructCalculatedHeuristics."
    }
  },
  {
    "pk": 898384409,
    "model": "workflows.abstractinput",
    "fields": {
      "widget": 653428055,
      "name": "Name",
      "short_name": "str",
      "uid": "bac420b2-4a79-b5d3-4699-3c6c5dd22a6e",
      "default": "calculated",
      "required": true,
      "multi": false,
      "parameter_type": "text",
      "variable": "name",
      "parameter": true,
      "order": 1,
      "description": "System.String"
    }
  },
  {
    "pk": 1027304792,
    "model": "workflows.abstractinput",
    "fields": {
      "widget": 653428055,
      "name": "Calculation",
      "short_name": "clc",
      "uid": "8ba9e687-f07d-84af-35b4-8969200b5ced",
      "default": "Sum",
      "required": true,
      "multi": false,
      "parameter_type": "select",
      "variable": "calc",
      "parameter": true,
      "order": 2,
      "description": "CrossBeeInterfaces.CalculatedHeustistic+Calculation"
    }
  },
  {
    "pk": 60877968,
    "model": "workflows.abstractoption",
    "fields": {
      "uid": "6db0f285-39a9-ef1f-d1f5-aa9b102f3c11",
      "abstract_input": 1027304792,
      "value": "Sum",
      "name": "Sum"
    }
  },
  {
    "pk": 965883044,
    "model": "workflows.abstractoption",
    "fields": {
      "uid": "a3bc7d12-0d55-062b-96e6-91df5756c228",
      "abstract_input": 1027304792,
      "value": "Subt",
      "name": "Subt"
    }
  },
  {
    "pk": 50660197,
    "model": "workflows.abstractoption",
    "fields": {
      "uid": "976452e4-d989-8180-2f90-5d2878829570",
      "abstract_input": 1027304792,
      "value": "Prod",
      "name": "Prod"
    }
  },
  {
    "pk": 221530163,
    "model": "workflows.abstractoption",
    "fields": {
      "uid": "1dbaadd9-502c-2c66-cac4-ff85db24af8d",
      "abstract_input": 1027304792,
      "value": "Div",
      "name": "Div"
    }
  },
  {
    "pk": 76621450,
    "model": "workflows.abstractoption",
    "fields": {
      "uid": "ef4dfb77-de2a-305f-9d32-66615737cfb1",
      "abstract_input": 1027304792,
      "value": "Norm",
      "name": "Norm"
    }
  },
  {
    "pk": 774631705,
    "model": "workflows.abstractoption",
    "fields": {
      "uid": "49306557-b83a-cae4-07cc-0703f9f3b5ad",
      "abstract_input": 1027304792,
      "value": "Min",
      "name": "Min"
    }
  },
  {
    "pk": 1033653284,
    "model": "workflows.abstractoption",
    "fields": {
      "uid": "78eb2f10-e09b-16dc-b74e-a85567fecdfc",
      "abstract_input": 1027304792,
      "value": "Max",
      "name": "Max"
    }
  },
  {
    "pk": 825252381,
    "model": "workflows.abstractoption",
    "fields": {
      "uid": "0fa9a446-51d6-159b-8965-da960aca34f9",
      "abstract_input": 1027304792,
      "value": "Abs",
      "name": "Abs"
    }
  },
  {
    "pk": 139136452,
    "model": "workflows.abstractoption",
    "fields": {
      "uid": "20eb84a9-6c36-fa84-f34c-0500e1c2583c",
      "abstract_input": 1027304792,
      "value": "Sin",
      "name": "Sin"
    }
  },
  {
    "pk": 765786314,
    "model": "workflows.abstractoption",
    "fields": {
      "uid": "58e21428-22b0-1b32-1f34-2e9ff9289dd8",
      "abstract_input": 1027304792,
      "value": "Cos",
      "name": "Cos"
    }
  },
  {
    "pk": 452860630,
    "model": "workflows.abstractoption",
    "fields": {
      "uid": "9d9eacda-1cf2-aa94-2a0d-3574dde61294",
      "abstract_input": 1027304792,
      "value": "Log",
      "name": "Log"
    }
  },
  {
    "pk": 754701076,
    "model": "workflows.abstractinput",
    "fields": {
      "widget": 653428055,
      "name": "Heurisitc(s)",
      "short_name": "heu",
      "uid": "2a9150da-560d-ce9b-987a-f2492c315c12",
      "default": "",
      "required": false,
      "multi": true,
      "parameter_type": "text",
      "variable": "heuristics",
      "parameter": false,
      "order": 3,
      "description": "System.Collections.Generic.List`1[[CrossBeeInterfaces.Heustistics, CrossBeeInterfaces, Version=0.0.0.0, Culture=neutral, PublicKeyToken=null]]"
    }
  },
  {
    "pk": 139786200,
    "model": "workflows.abstractoutput",
    "fields": {
      "widget": 653428055,
      "name": "Ensemble Heuristics",
      "short_name": "heu",
      "variable": "newHeurisitcs",
      "uid": "694f1c64-0b22-4c8e-6bc5-9e6022ee3f87",
      "order": 1,
      "description": ""
    }
  },
  {
    "pk": 1055417955,
    "model": "workflows.abstractwidget",
    "fields": {
      "category": 795711102,
      "treeview_image": null,
      "name": "Ensemble Heuristic",
      "is_streaming": false,
      "uid": "be6b62ef-e9a2-480f-a802-44b7ed1f0bab",
      "interaction_view": "",
      "image": null,
      "package": "crossbee",
      "static_image": "crossbee_widget.png",
      "post_interact_action": "",
      "user": null,
      "visualization_view": "",
      "action": "crossbee_construct_ensemble_heuristics",
      "wsdl_method": "",
      "wsdl": "",
      "interactive": false,
      "has_progress_bar": false,
      "order": 14,
      "description": "Automatically generated widget from function ConstructEnsembleHeuristics in package crossbee. The original function signature: ConstructEnsembleHeuristics."
    }
  },
  {
    "pk": 803622400,
    "model": "workflows.abstractinput",
    "fields": {
      "widget": 1055417955,
      "name": "Name",
      "short_name": "str",
      "uid": "c7bb9b8c-4b9a-ff1e-b68f-83c7869087bd",
      "default": "ensemble",
      "required": true,
      "multi": false,
      "parameter_type": "text",
      "variable": "name",
      "parameter": true,
      "order": 1,
      "description": "System.String"
    }
  },
  {
    "pk": 94133493,
    "model": "workflows.abstractinput",
    "fields": {
      "widget": 1055417955,
      "name": "Heurisitc(s)",
      "short_name": "heu",
      "uid": "9657dc70-a421-567e-b2fa-fb549d79e9d5",
      "default": "",
      "required": false,
      "multi": true,
      "parameter_type": "text",
      "variable": "heuristics",
      "parameter": false,
      "order": 2,
      "description": "System.Collections.Generic.List`1[[CrossBeeInterfaces.Heustistics, CrossBeeInterfaces, Version=0.0.0.0, Culture=neutral, PublicKeyToken=null]]"
    }
  },
  {
    "pk": 135027510,
    "model": "workflows.abstractoutput",
    "fields": {
      "widget": 1055417955,
      "name": "Ensemble Heuristics",
      "short_name": "heu",
      "variable": "newHeurisitcs",
      "uid": "92114fc2-0738-e0ae-97d2-3409a8547f19",
      "order": 1,
      "description": ""
    }
  },
  {
    "pk": 766370069,
    "model": "workflows.abstractwidget",
    "fields": {
      "category": 795711102,
      "treeview_image": null,
      "name": "Heuristics List",
      "is_streaming": false,
      "uid": "a7a80313-60f2-4632-90ea-0c4d1b8e9725",
      "interaction_view": "",
      "image": null,
      "package": "crossbee",
      "static_image": "crossbee_widget.png",
      "post_interact_action": "",
      "user": null,
      "visualization_view": "",
      "action": "crossbee_combine_heuristics",
      "wsdl_method": "",
      "wsdl": "",
      "interactive": false,
      "has_progress_bar": false,
      "order": 20,
      "description": "Automatically generated widget from function CombineHeuristics in package crossbee. The original function signature: CombineHeuristics."
    }
  },
  {
    "pk": 926231610,
    "model": "workflows.abstractinput",
    "fields": {
      "widget": 766370069,
      "name": "Heurisitc(s)",
      "short_name": "heu",
      "uid": "35b7d943-8fed-0a70-bf9e-11e9d539c223",
      "default": "",
      "required": false,
      "multi": true,
      "parameter_type": "text",
      "variable": "heuristics",
      "parameter": false,
      "order": 1,
      "description": "System.Collections.Generic.List`1[[CrossBeeInterfaces.Heustistics, CrossBeeInterfaces, Version=0.0.0.0, Culture=neutral, PublicKeyToken=null]]"
    }
  },
  {
    "pk": 454853139,
    "model": "workflows.abstractoutput",
    "fields": {
      "widget": 766370069,
      "name": "Heuristics",
      "short_name": "heu",
      "variable": "newHeurisitcs",
      "uid": "7f5afee7-a123-ba0c-a5c8-1c765b4ef212",
      "order": 1,
      "description": ""
    }
  },
  {
    "pk": 410595304,
    "model": "workflows.abstractwidget",
    "fields": {
      "category": 795711102,
      "treeview_image": null,
      "name": "Get Heuristic Names",
      "is_streaming": false,
      "uid": "98709623-b75b-4630-907e-d19956c09a4e",
      "interaction_view": "",
      "image": null,
      "package": "crossbee",
      "static_image": "crossbee_widget.png",
      "post_interact_action": "",
      "user": null,
      "visualization_view": "",
      "action": "crossbee_get_heuristic_names",
      "wsdl_method": "",
      "wsdl": "",
      "interactive": false,
      "has_progress_bar": false,
      "order": 31,
      "description": "Automatically generated widget from function GetHeuristicNames in package crossbee. The original function signature: GetHeuristicNames."
    }
  },
  {
    "pk": 250413482,
    "model": "workflows.abstractinput",
    "fields": {
      "widget": 410595304,
      "name": "Heurisitc(s)",
      "short_name": "heu",
      "uid": "2fa7cd37-afbd-509c-d326-2baf11182b47",
      "default": "",
      "required": false,
      "multi": false,
      "parameter_type": "text",
      "variable": "heuristics",
      "parameter": false,
      "order": 1,
      "description": "CrossBeeInterfaces.Heustistics"
    }
  },
  {
    "pk": 482336862,
    "model": "workflows.abstractoutput",
    "fields": {
      "widget": 410595304,
      "name": "Name(s) of Heuristic(s)",
      "short_name": "lst",
      "variable": "names",
      "uid": "6b202402-902d-f713-ef19-4c5fb93e7fb6",
      "order": 1,
      "description": ""
    }
  },
  {
    "pk": 473409198,
    "model": "workflows.abstractwidget",
    "fields": {
      "category": 795711102,
      "treeview_image": null,
      "name": "Get Heuristic Structure",
      "is_streaming": false,
      "uid": "72e23039-fc1b-4072-9fd8-ef07b9814292",
      "interaction_view": "",
      "image": null,
      "package": "crossbee",
      "static_image": "crossbee_widget.png",
      "post_interact_action": "",
      "user": null,
      "visualization_view": "",
      "action": "crossbee_get_heuristic_structure",
      "wsdl_method": "",
      "wsdl": "",
      "interactive": false,
      "has_progress_bar": false,
      "order": 32,
      "description": "Automatically generated widget from function GetHeuristicStructure in package crossbee. The original function signature: GetHeuristicStructure."
    }
  },
  {
    "pk": 22778013,
    "model": "workflows.abstractinput",
    "fields": {
      "widget": 473409198,
      "name": "Heurisitc(s)",
      "short_name": "heu",
      "uid": "b6985a06-7bb7-b410-062f-e6ac08629c37",
      "default": "",
      "required": false,
      "multi": false,
      "parameter_type": "text",
      "variable": "heuristics",
      "parameter": false,
      "order": 1,
      "description": "CrossBeeInterfaces.Heustistics"
    }
  },
  {
    "pk": 168828052,
    "model": "workflows.abstractoutput",
    "fields": {
      "widget": 473409198,
      "name": "Structure of Heuristic(s)",
      "short_name": "obj",
      "variable": "structure",
      "uid": "3a1dd0da-66cf-c720-6e41-b2dd7beada27",
      "order": 1,
      "description": ""
    }
  },
  {
    "pk": 256795544,
    "model": "workflows.category",
    "fields": {
      "uid": "7b1fb3c2-3dd7-4754-9a3e-ccf71a43e7c6",
      "parent": 45725108,
      "workflow": null,
      "user": null,
      "order": 2,
      "name": "Term Ranking"
    }
  },
  {
    "pk": 962875447,
    "model": "workflows.abstractwidget",
    "fields": {
      "category": 256795544,
      "treeview_image": null,
      "name": "Get Vocabulary",
      "is_streaming": false,
      "uid": "e81f39e0-13d0-4465-b1ae-dba6304057e8",
      "interaction_view": "",
      "image": null,
      "package": "crossbee",
      "static_image": "get_vocabulary_image.png",
      "post_interact_action": "",
      "user": null,
      "visualization_view": "",
      "action": "crossbee_get_vocabulary",
      "wsdl_method": "",
      "wsdl": "",
      "interactive": false,
      "has_progress_bar": false,
      "order": 1,
      "description": "Automatically generated widget from function GetVocabulary in package crossbee. The original function signature: GetVocabulary."
    }
  },
  {
    "pk": 723445188,
    "model": "workflows.abstractinput",
    "fields": {
      "widget": 962875447,
      "name": "Bag of Words Space",
      "short_name": "bow",
      "uid": "c73db64c-9d63-6560-cfd5-43e966819e6a",
      "default": "",
      "required": true,
      "multi": false,
      "parameter_type": null,
      "variable": "bow",
      "parameter": false,
      "order": 1,
      "description": "Latino.TextMining.BowSpace"
    }
  },
  {
    "pk": 46760747,
    "model": "workflows.abstractinput",
    "fields": {
      "widget": 962875447,
      "name": "Index of First Retrieved Word",
      "short_name": "int",
      "uid": "54560185-50aa-5c7f-78cf-4c05b8cc4918",
      "default": "1",
      "required": true,
      "multi": false,
      "parameter_type": "text",
      "variable": "startIndex",
      "parameter": true,
      "order": 2,
      "description": "System.Int32"
    }
  },
  {
    "pk": 226273531,
    "model": "workflows.abstractinput",
    "fields": {
      "widget": 962875447,
      "name": "Maximum Words Retrieved",
      "short_name": "int",
      "uid": "61c01bdf-6add-cd59-aebd-e4dac714dacc",
      "default": "0",
      "required": true,
      "multi": false,
      "parameter_type": "text",
      "variable": "maxWords",
      "parameter": true,
      "order": 3,
      "description": "System.Int32"
    }
  },
  {
    "pk": 710936258,
    "model": "workflows.abstractoutput",
    "fields": {
      "widget": 962875447,
      "name": "Vocabulary",
      "short_name": "voc",
      "variable": "vocabulary",
      "uid": "f140dfd1-486d-627c-4684-e1df08c2a499",
      "order": 1,
      "description": ""
    }
  },
  {
    "pk": 848356857,
    "model": "workflows.category",
    "fields": {
      "uid": "e47e7821-f8b2-40d5-9bbc-c3508367aed7",
      "parent": 45725108,
      "workflow": null,
      "user": null,
      "order": 3,
      "name": "Ranking Evaluation"
    }
  },
  {
    "pk": 336761152,
    "model": "workflows.category",
    "fields": {
      "uid": "1b800757-2c72-4663-b3e4-2f2b61f609ff",
      "parent": null,
      "workflow": null,
      "user": null,
      "order": 4,
      "name": "Helpers"
    }
  },
  {
    "pk": 744014876,
    "model": "workflows.category",
    "fields": {
      "uid": "b86956c3-21f6-47bd-8379-edf6f6c2f351",
      "parent": 336761152,
      "workflow": null,
      "user": null,
      "order": 1,
      "name": "Table Manipulation"
    }
  }
]