[
  {
    "pk": 9, 
    "model": "workflows.category", 
    "fields": {
      "uid": "d2dfe5ca-7d73-4b4d-b922-b389ec610d99", 
      "parent": null, 
      "workflow": null, 
      "user": null, 
      "order": 1, 
      "name": "Orange"
    }
  }, 
  {
    "pk": 18, 
    "model": "workflows.category", 
    "fields": {
      "uid": "c29ac8e0-5e9a-4058-959e-f51c59eaf58a", 
      "parent": 9, 
      "workflow": null, 
      "user": null, 
      "order": 1, 
      "name": "SegMine"
    }
  }, 
  {
    "pk": 96, 
    "model": "workflows.abstractwidget", 
    "fields": {
      "category": 18, 
      "treeview_image": "", 
      "windows_queue": false, 
      "name": "Biomine connection search", 
      "is_streaming": false, 
      "uid": "af2336f2-52f8-472d-96e8-2bddb6c1907e", 
      "interaction_view": "", 
      "image": "", 
      "package": "segmine", 
      "static_image": "BiomineConnections.png", 
      "post_interact_action": "", 
      "user": null, 
      "visualization_view": "", 
      "streaming_visualization_view": "", 
      "action": "segmine_biomine_connection", 
      "wsdl_method": "", 
      "wsdl": "", 
      "interactive": false, 
      "has_progress_bar": false, 
      "order": 1, 
      "description": ""
    }
  }, 
  {
    "pk": 188, 
    "model": "workflows.abstractinput", 
    "fields": {
      "widget": 96, 
      "name": "Group nodes", 
      "short_name": "grn", 
      "uid": "46ac2ec3-fb26-4ed0-87eb-017222ada842", 
      "default": "", 
      "required": false, 
      "multi": false, 
      "parameter_type": "checkbox", 
      "variable": "groupNodes", 
      "parameter": true, 
      "order": 1, 
      "description": "Group nodes"
    }
  }, 
  {
    "pk": 189, 
    "model": "workflows.abstractinput", 
    "fields": {
      "widget": 96, 
      "name": "Database version", 
      "short_name": "dbv", 
      "uid": "ff783343-b1b5-4f43-9caa-1cfe35706e13", 
      "default": "<latest>", 
      "required": false, 
      "multi": false, 
      "parameter_type": "text", 
      "variable": "databaseVersion", 
      "parameter": true, 
      "order": 2, 
      "description": "Database version"
    }
  }, 
  {
    "pk": 190, 
    "model": "workflows.abstractinput", 
    "fields": {
      "widget": 96, 
      "name": "End nodes", 
      "short_name": "end", 
      "uid": "9a0dc048-ae26-4bb8-ba90-76521b4843b3", 
      "default": "", 
      "required": true, 
      "multi": false, 
      "parameter_type": null, 
      "variable": "endNodes", 
      "parameter": false, 
      "order": 3, 
      "description": "End nodes"
    }
  }, 
  {
    "pk": 191, 
    "model": "workflows.abstractinput", 
    "fields": {
      "widget": 96, 
      "name": "Single component", 
      "short_name": "scm", 
      "uid": "1b27100e-c585-47f0-a30f-05d2d2720927", 
      "default": "", 
      "required": false, 
      "multi": false, 
      "parameter_type": "checkbox", 
      "variable": "singleComponent", 
      "parameter": true, 
      "order": 4, 
      "description": "Single component"
    }
  }, 
  {
    "pk": 192, 
    "model": "workflows.abstractinput", 
    "fields": {
      "widget": 96, 
      "name": "Max nodes", 
      "short_name": "mxn", 
      "uid": "ff95b75f-b4f4-4b3e-acf2-d69aa41ed948", 
      "default": "0", 
      "required": false, 
      "multi": false, 
      "parameter_type": "text", 
      "variable": "maxNodes", 
      "parameter": true, 
      "order": 5, 
      "description": "Max nodes"
    }
  }, 
  {
    "pk": 193, 
    "model": "workflows.abstractinput", 
    "fields": {
      "widget": 96, 
      "name": "Medoids", 
      "short_name": "mds", 
      "uid": "aecdd58f-1fef-4aec-8039-2fdbc4cc7279", 
      "default": "", 
      "required": false, 
      "multi": false, 
      "parameter_type": "checkbox", 
      "variable": "medoids", 
      "parameter": true, 
      "order": 6, 
      "description": "Medoids"
    }
  }, 
  {
    "pk": 194, 
    "model": "workflows.abstractinput", 
    "fields": {
      "widget": 96, 
      "name": "Start nodes", 
      "short_name": "beg", 
      "uid": "0bb9e00a-2159-419c-8a3a-758d8ae778d1", 
      "default": "", 
      "required": true, 
      "multi": false, 
      "parameter_type": null, 
      "variable": "startNodes", 
      "parameter": false, 
      "order": 7, 
      "description": "Start nodes"
    }
  }, 
  {
    "pk": 105, 
    "model": "workflows.abstractoutput", 
    "fields": {
      "widget": 96, 
      "name": "Result", 
      "short_name": "g", 
      "variable": "result", 
      "uid": "3b884f86-d1eb-4fb9-b31c-28a029b2a657", 
      "order": 1, 
      "description": "Result graph"
    }
  }, 
  {
    "pk": 106, 
    "model": "workflows.abstractoutput", 
    "fields": {
      "widget": 96, 
      "name": "Best path", 
      "short_name": "pth", 
      "variable": "bestPath", 
      "uid": "9ef99494-fbc3-4cac-ba62-10db590c7169", 
      "order": 2, 
      "description": "Best path"
    }
  }, 
  {
    "pk": 97, 
    "model": "workflows.abstractwidget", 
    "fields": {
      "category": 18, 
      "treeview_image": "", 
      "windows_queue": false, 
      "name": "Biomine medoid search", 
      "is_streaming": false, 
      "uid": "cfac0d3a-2eaf-4f5c-bb09-39c3752e68dc", 
      "interaction_view": "", 
      "image": "", 
      "package": "segmine", 
      "static_image": "BiomineMedoids.png", 
      "post_interact_action": "", 
      "user": null, 
      "visualization_view": "", 
      "streaming_visualization_view": "", 
      "action": "segmine_biomine_medoid", 
      "wsdl_method": "", 
      "wsdl": "", 
      "interactive": false, 
      "has_progress_bar": false, 
      "order": 1, 
      "description": ""
    }
  }, 
  {
    "pk": 195, 
    "model": "workflows.abstractinput", 
    "fields": {
      "widget": 97, 
      "name": "Group nodes", 
      "short_name": "grn", 
      "uid": "e2effb53-e150-4833-956e-5c58b15f1eb6", 
      "default": "", 
      "required": false, 
      "multi": false, 
      "parameter_type": "checkbox", 
      "variable": "groupNodes", 
      "parameter": true, 
      "order": 1, 
      "description": "Group nodes"
    }
  }, 
  {
    "pk": 196, 
    "model": "workflows.abstractinput", 
    "fields": {
      "widget": 97, 
      "name": "Database version", 
      "short_name": "dbv", 
      "uid": "29d6ed65-55b8-4d68-8d7a-c19c0e91fe35", 
      "default": "<latest>", 
      "required": false, 
      "multi": false, 
      "parameter_type": "text", 
      "variable": "databaseVersion", 
      "parameter": true, 
      "order": 2, 
      "description": "Database version"
    }
  }, 
  {
    "pk": 197, 
    "model": "workflows.abstractinput", 
    "fields": {
      "widget": 97, 
      "name": "Single component", 
      "short_name": "scm", 
      "uid": "adbdd779-8bad-433b-835e-c14ba567d96f", 
      "default": "", 
      "required": false, 
      "multi": false, 
      "parameter_type": "checkbox", 
      "variable": "singleComponent", 
      "parameter": true, 
      "order": 3, 
      "description": "Single component"
    }
  }, 
  {
    "pk": 198, 
    "model": "workflows.abstractinput", 
    "fields": {
      "widget": 97, 
      "name": "Max nodes", 
      "short_name": "mxn", 
      "uid": "1942dd52-a553-460b-bdba-4ef29b6a402c", 
      "default": "0", 
      "required": false, 
      "multi": false, 
      "parameter_type": "text", 
      "variable": "maxNodes", 
      "parameter": true, 
      "order": 4, 
      "description": "Max nodes"
    }
  }, 
  {
    "pk": 199, 
    "model": "workflows.abstractinput", 
    "fields": {
      "widget": 97, 
      "name": "Start nodes", 
      "short_name": "beg", 
      "uid": "c68a9f13-92a1-4000-ae7d-bcf43311109e", 
      "default": "", 
      "required": true, 
      "multi": false, 
      "parameter_type": null, 
      "variable": "startNodes", 
      "parameter": false, 
      "order": 5, 
      "description": "Start nodes"
    }
  }, 
  {
    "pk": 107, 
    "model": "workflows.abstractoutput", 
    "fields": {
      "widget": 97, 
      "name": "Result", 
      "short_name": "g", 
      "variable": "result", 
      "uid": "3f1c6a6d-b203-46ca-a243-f64bf2adb989", 
      "order": 1, 
      "description": "Result graph"
    }
  }, 
  {
    "pk": 108, 
    "model": "workflows.abstractoutput", 
    "fields": {
      "widget": 97, 
      "name": "Best path", 
      "short_name": "pth", 
      "variable": "bestPath", 
      "uid": "a196316a-1b94-4c85-8915-2df0fd95ac22", 
      "order": 2, 
      "description": "Best path"
    }
  }, 
  {
    "pk": 98, 
    "model": "workflows.abstractwidget", 
    "fields": {
      "category": 18, 
      "treeview_image": "", 
      "windows_queue": false, 
      "name": "Biomine neighbourhood search", 
      "is_streaming": false, 
      "uid": "c8b603ed-1ba1-456b-bfbd-cd6727be538d", 
      "interaction_view": "", 
      "image": "", 
      "package": "segmine", 
      "static_image": "BiomineNeighbourhood.png", 
      "post_interact_action": "", 
      "user": null, 
      "visualization_view": "", 
      "streaming_visualization_view": "", 
      "action": "segmine_biomine_neighbourhood", 
      "wsdl_method": "", 
      "wsdl": "", 
      "interactive": false, 
      "has_progress_bar": false, 
      "order": 1, 
      "description": ""
    }
  }, 
  {
    "pk": 200, 
    "model": "workflows.abstractinput", 
    "fields": {
      "widget": 98, 
      "name": "Group nodes", 
      "short_name": "grn", 
      "uid": "7c8954aa-083d-4f15-8784-061b59a258dc", 
      "default": "", 
      "required": false, 
      "multi": false, 
      "parameter_type": "checkbox", 
      "variable": "groupNodes", 
      "parameter": true, 
      "order": 1, 
      "description": "Group nodes"
    }
  }, 
  {
    "pk": 201, 
    "model": "workflows.abstractinput", 
    "fields": {
      "widget": 98, 
      "name": "Database version", 
      "short_name": "dbv", 
      "uid": "fc0a5b03-f301-4e4a-b9d7-889d89467245", 
      "default": "<latest>", 
      "required": false, 
      "multi": false, 
      "parameter_type": "text", 
      "variable": "databaseVersion", 
      "parameter": true, 
      "order": 2, 
      "description": "Database version"
    }
  }, 
  {
    "pk": 202, 
    "model": "workflows.abstractinput", 
    "fields": {
      "widget": 98, 
      "name": "Single component", 
      "short_name": "scm", 
      "uid": "980f228d-94b5-4523-9a65-2d4d3d6a6521", 
      "default": "", 
      "required": false, 
      "multi": false, 
      "parameter_type": "checkbox", 
      "variable": "singleComponent", 
      "parameter": true, 
      "order": 3, 
      "description": "Single component"
    }
  }, 
  {
    "pk": 203, 
    "model": "workflows.abstractinput", 
    "fields": {
      "widget": 98, 
      "name": "Max nodes", 
      "short_name": "mxn", 
      "uid": "97f71cb5-1ff0-45dc-84ed-2afe8e3aa7fa", 
      "default": "0", 
      "required": false, 
      "multi": false, 
      "parameter_type": "text", 
      "variable": "maxNodes", 
      "parameter": true, 
      "order": 4, 
      "description": "Max nodes"
    }
  }, 
  {
    "pk": 204, 
    "model": "workflows.abstractinput", 
    "fields": {
      "widget": 98, 
      "name": "Medoids", 
      "short_name": "mds", 
      "uid": "078c052f-2303-44dc-b1e4-4f39b0839b55", 
      "default": "", 
      "required": false, 
      "multi": false, 
      "parameter_type": "checkbox", 
      "variable": "medoids", 
      "parameter": true, 
      "order": 5, 
      "description": "Medoids"
    }
  }, 
  {
    "pk": 205, 
    "model": "workflows.abstractinput", 
    "fields": {
      "widget": 98, 
      "name": "Start nodes", 
      "short_name": "beg", 
      "uid": "14241e7b-e316-446b-b795-b5a8038769ee", 
      "default": "", 
      "required": true, 
      "multi": false, 
      "parameter_type": null, 
      "variable": "startNodes", 
      "parameter": false, 
      "order": 6, 
      "description": "Start nodes"
    }
  }, 
  {
    "pk": 109, 
    "model": "workflows.abstractoutput", 
    "fields": {
      "widget": 98, 
      "name": "Result", 
      "short_name": "g", 
      "variable": "result", 
      "uid": "e987c6c3-6a2e-4f32-b2e4-be033d96a944", 
      "order": 1, 
      "description": "Result graph"
    }
  }, 
  {
    "pk": 110, 
    "model": "workflows.abstractoutput", 
    "fields": {
      "widget": 98, 
      "name": "Best path", 
      "short_name": "pth", 
      "variable": "bestPath", 
      "uid": "bd5f94d2-8bd1-41f5-87b4-82cf1c36775b", 
      "order": 2, 
      "description": "Best path"
    }
  }, 
  {
    "pk": 99, 
    "model": "workflows.abstractwidget", 
    "fields": {
      "category": 18, 
      "treeview_image": "", 
      "windows_queue": false, 
      "name": "Biomine visualizer", 
      "is_streaming": false, 
      "uid": "b58b379b-e662-4789-9202-3745baa8e750", 
      "interaction_view": "", 
      "image": "", 
      "package": "segmine", 
      "static_image": "BiomineVisualizer.png", 
      "post_interact_action": "", 
      "user": null, 
      "visualization_view": "segmine_biomine_visualizer", 
      "streaming_visualization_view": "", 
      "action": "segmine_biomine_visualizer", 
      "wsdl_method": "", 
      "wsdl": "", 
      "interactive": false, 
      "has_progress_bar": false, 
      "order": 1, 
      "description": ""
    }
  }, 
  {
    "pk": 206, 
    "model": "workflows.abstractinput", 
    "fields": {
      "widget": 99, 
      "name": "Graph", 
      "short_name": "g", 
      "uid": "b786a3b5-4b26-4e7e-b7e5-0143a8877b72", 
      "default": "", 
      "required": true, 
      "multi": false, 
      "parameter_type": null, 
      "variable": "graph", 
      "parameter": false, 
      "order": 1, 
      "description": "Graph"
    }
  }, 
  {
    "pk": 111, 
    "model": "workflows.abstractoutput", 
    "fields": {
      "widget": 99, 
      "name": "Graph", 
      "short_name": "g", 
      "variable": "graph", 
      "uid": "24e10d96-98e4-4c77-9399-0392885bf294", 
      "order": 1, 
      "description": "Graph"
    }
  }, 
  {
    "pk": 268, 
    "model": "workflows.abstractwidget", 
    "fields": {
      "category": 18, 
      "treeview_image": "", 
      "windows_queue": false, 
      "name": "Filter unknown ATH genes", 
      "is_streaming": false, 
      "uid": "820af75a-12bc-4b22-aaf5-ea7b8f505929", 
      "interaction_view": "", 
      "image": "", 
      "package": "segmine", 
      "static_image": "", 
      "post_interact_action": "", 
      "user": null, 
      "visualization_view": "", 
      "streaming_visualization_view": "", 
      "action": "filter_unknown_genes_ath", 
      "wsdl_method": "", 
      "wsdl": "", 
      "interactive": false, 
      "has_progress_bar": false, 
      "order": 1, 
      "description": ""
    }
  }, 
  {
    "pk": 599, 
    "model": "workflows.abstractinput", 
    "fields": {
      "widget": 268, 
      "name": "Gene ranks", 
      "short_name": "rnk", 
      "uid": "ef46b1e3-82a3-4355-9385-0b53df4d4f07", 
      "default": "", 
      "required": true, 
      "multi": false, 
      "parameter_type": null, 
      "variable": "gene_ranks", 
      "parameter": false, 
      "order": 1, 
      "description": "list of pairs (gene, rank)"
    }
  }, 
  {
    "pk": 287, 
    "model": "workflows.abstractoutput", 
    "fields": {
      "widget": 268, 
      "name": "Filtered gene ranks", 
      "short_name": "rnk", 
      "variable": "filtered_ranks", 
      "uid": "fe02fbd3-7127-4233-bdc3-235f546edd19", 
      "order": 1, 
      "description": "filtered list of pairs (gene, rank)"
    }
  }, 
  {
    "pk": 267, 
    "model": "workflows.abstractwidget", 
    "fields": {
      "category": 18, 
      "treeview_image": "", 
      "windows_queue": false, 
      "name": "Filter unknown STU genes", 
      "is_streaming": false, 
      "uid": "a645e106-79dd-465a-8912-0b869a06878e", 
      "interaction_view": "", 
      "image": "", 
      "package": "segmine", 
      "static_image": "", 
      "post_interact_action": "", 
      "user": null, 
      "visualization_view": "", 
      "streaming_visualization_view": "", 
      "action": "filter_unknown_genes_stu", 
      "wsdl_method": "", 
      "wsdl": "", 
      "interactive": false, 
      "has_progress_bar": false, 
      "order": 1, 
      "description": ""
    }
  }, 
  {
    "pk": 598, 
    "model": "workflows.abstractinput", 
    "fields": {
      "widget": 267, 
      "name": "Gene ranks", 
      "short_name": "rnk", 
      "uid": "a5bd6f15-c3a7-4c67-8df2-07c33dba4065", 
      "default": "", 
      "required": true, 
      "multi": false, 
      "parameter_type": null, 
      "variable": "gene_ranks", 
      "parameter": false, 
      "order": 1, 
      "description": "list of pairs (gene, rank)"
    }
  }, 
  {
    "pk": 286, 
    "model": "workflows.abstractoutput", 
    "fields": {
      "widget": 267, 
      "name": "Filtered gene ranks", 
      "short_name": "rnk", 
      "variable": "filtered_ranks", 
      "uid": "27b4bfaa-2679-4b9e-b6dc-5c37d3e275f2", 
      "order": 1, 
      "description": "filtered list of pairs (gene, rank)"
    }
  }, 
  {
    "pk": 100, 
    "model": "workflows.abstractwidget", 
    "fields": {
      "category": 18, 
      "treeview_image": "", 
      "windows_queue": false, 
      "name": "Fold change gene filter", 
      "is_streaming": false, 
      "uid": "a074c2b7-b93e-4e81-b54d-d5d88d8bc483", 
      "interaction_view": "segmine_fc_gene_filter", 
      "image": "", 
      "package": "segmine", 
      "static_image": "fc.png", 
      "post_interact_action": "segmine_fc_gene_filter_finished", 
      "user": null, 
      "visualization_view": "", 
      "streaming_visualization_view": "", 
      "action": "segmine_fc_gene_filter", 
      "wsdl_method": "", 
      "wsdl": "", 
      "interactive": true, 
      "has_progress_bar": false, 
      "order": 1, 
      "description": "Filters the genes according to FC threshold."
    }
  }, 
  {
    "pk": 207, 
    "model": "workflows.abstractinput", 
    "fields": {
      "widget": 100, 
      "name": "Orange dataset", 
      "short_name": "odt", 
      "uid": "d3abfbe3-7871-49e0-9f9f-76d5e39346cc", 
      "default": "", 
      "required": true, 
      "multi": false, 
      "parameter_type": null, 
      "variable": "dataset", 
      "parameter": false, 
      "order": 1, 
      "description": "Orange dataset"
    }
  }, 
  {
    "pk": 112, 
    "model": "workflows.abstractoutput", 
    "fields": {
      "widget": 100, 
      "name": "Orange dataset", 
      "short_name": "odt", 
      "variable": "dataset", 
      "uid": "789f37fa-3160-4aa5-b06e-df22146be552", 
      "order": 1, 
      "description": "Orange dataset with filtered genes"
    }
  }, 
  {
    "pk": 101, 
    "model": "workflows.abstractwidget", 
    "fields": {
      "category": 18, 
      "treeview_image": "", 
      "windows_queue": false, 
      "name": "Gene Ranker", 
      "is_streaming": false, 
      "uid": "34b12afe-e881-447c-90d4-bddcd1cd137b", 
      "interaction_view": "", 
      "image": "", 
      "package": "segmine", 
      "static_image": "GeneRanker.png", 
      "post_interact_action": "", 
      "user": null, 
      "visualization_view": "", 
      "streaming_visualization_view": "", 
      "action": "segmine_gene_ranker", 
      "wsdl_method": "", 
      "wsdl": "", 
      "interactive": false, 
      "has_progress_bar": true, 
      "order": 1, 
      "description": ""
    }
  }, 
  {
    "pk": 208, 
    "model": "workflows.abstractinput", 
    "fields": {
      "widget": 101, 
      "name": "Microarray Table", 
      "short_name": "ma", 
      "uid": "73b59971-1839-417c-a937-021ae2d12903", 
      "default": "", 
      "required": false, 
      "multi": false, 
      "parameter_type": null, 
      "variable": "microarrayTable", 
      "parameter": false, 
      "order": 1, 
      "description": "Orange data table"
    }
  }, 
  {
    "pk": 209, 
    "model": "workflows.abstractinput", 
    "fields": {
      "widget": 101, 
      "name": "Number of neighbours", 
      "short_name": "k", 
      "uid": "96947efb-4df1-48f8-8802-ac6bc2e1984b", 
      "default": "10", 
      "required": false, 
      "multi": false, 
      "parameter_type": "text", 
      "variable": "k", 
      "parameter": true, 
      "order": 2, 
      "description": ""
    }
  }, 
  {
    "pk": 210, 
    "model": "workflows.abstractinput", 
    "fields": {
      "widget": 101, 
      "name": "Reference examples (0 = all)", 
      "short_name": "m", 
      "uid": "11fd645a-cf41-4774-98aa-759478c94588", 
      "default": "0", 
      "required": false, 
      "multi": false, 
      "parameter_type": "text", 
      "variable": "m", 
      "parameter": true, 
      "order": 3, 
      "description": ""
    }
  }, 
  {
    "pk": 113, 
    "model": "workflows.abstractoutput", 
    "fields": {
      "widget": 101, 
      "name": "Gene ranks", 
      "short_name": "rnk", 
      "variable": "geneRanks", 
      "uid": "e3cc4347-d80b-4dbe-9e2c-37f6b0f98671", 
      "order": 1, 
      "description": ""
    }
  }, 
  {
    "pk": 114, 
    "model": "workflows.abstractoutput", 
    "fields": {
      "widget": 101, 
      "name": "tScores", 
      "short_name": "t", 
      "variable": "tScores", 
      "uid": "677d2177-8ee9-433d-920c-41b57293c601", 
      "order": 2, 
      "description": ""
    }
  }, 
  {
    "pk": 151, 
    "model": "workflows.abstractwidget", 
    "fields": {
      "category": 18, 
      "treeview_image": "", 
      "windows_queue": false, 
      "name": "Map miRNA to gene (tarbase)", 
      "is_streaming": false, 
      "uid": "309b79f4-0761-4ced-b754-5844bbad14d9", 
      "interaction_view": "", 
      "image": "", 
      "package": "segmine", 
      "static_image": "", 
      "post_interact_action": "", 
      "user": null, 
      "visualization_view": "", 
      "streaming_visualization_view": "", 
      "action": "segmine_mirna_to_gene_tarbase", 
      "wsdl_method": "", 
      "wsdl": "", 
      "interactive": false, 
      "has_progress_bar": false, 
      "order": 1, 
      "description": ""
    }
  }, 
  {
    "pk": 358, 
    "model": "workflows.abstractinput", 
    "fields": {
      "widget": 151, 
      "name": "miRNA ranks", 
      "short_name": "rnk", 
      "uid": "d66cf1c3-5619-4c89-9ad1-220b7238e06c", 
      "default": "", 
      "required": true, 
      "multi": false, 
      "parameter_type": null, 
      "variable": "mirna_ranks", 
      "parameter": false, 
      "order": 1, 
      "description": "list of pairs (rna, rank)"
    }
  }, 
  {
    "pk": 170, 
    "model": "workflows.abstractoutput", 
    "fields": {
      "widget": 151, 
      "name": "gene ranks", 
      "short_name": "rnk", 
      "variable": "gene_ranks", 
      "uid": "04b571c8-2e52-4c00-af3b-4b66ad1a4f63", 
      "order": 1, 
      "description": "list of pairs (gene, rank)"
    }
  }, 
  {
    "pk": 152, 
    "model": "workflows.abstractwidget", 
    "fields": {
      "category": 18, 
      "treeview_image": "", 
      "windows_queue": false, 
      "name": "Map miRNA to gene (targetscan)", 
      "is_streaming": false, 
      "uid": "bcc04bde-485f-4ca3-ace1-28161ff281e4", 
      "interaction_view": "", 
      "image": "", 
      "package": "segmine", 
      "static_image": "", 
      "post_interact_action": "", 
      "user": null, 
      "visualization_view": "", 
      "streaming_visualization_view": "", 
      "action": "segmine_mirna_to_gene_targetscan", 
      "wsdl_method": "", 
      "wsdl": "", 
      "interactive": false, 
      "has_progress_bar": false, 
      "order": 1, 
      "description": "Maps a the input list of ranked miRNA into a ranked list of genes using the Targetscan database."
    }
  }, 
  {
    "pk": 359, 
    "model": "workflows.abstractinput", 
    "fields": {
      "widget": 152, 
      "name": "miRNA ranks", 
      "short_name": "rnk", 
      "uid": "0e0b0db4-1d36-4ef3-9bd8-51a1c343b2ec", 
      "default": "", 
      "required": true, 
      "multi": false, 
      "parameter_type": null, 
      "variable": "mirna_ranks", 
      "parameter": false, 
      "order": 1, 
      "description": "list of pairs (rna, rank)"
    }
  }, 
  {
    "pk": 171, 
    "model": "workflows.abstractoutput", 
    "fields": {
      "widget": 152, 
      "name": "gene ranks", 
      "short_name": "rnk", 
      "variable": "gene_ranks", 
      "uid": "e94960b5-2f39-462d-99eb-30f19b75994a", 
      "order": 1, 
      "description": "list of pairs (gene, rank)"
    }
  }, 
  {
    "pk": 104, 
    "model": "workflows.abstractwidget", 
    "fields": {
      "category": 18, 
      "treeview_image": "", 
      "windows_queue": false, 
      "name": "Rank plotter", 
      "is_streaming": false, 
      "uid": "ca7934af-8583-47ab-8c68-ca6e45405bcc", 
      "interaction_view": "", 
      "image": "", 
      "package": "segmine", 
      "static_image": "RankPlotter.png", 
      "post_interact_action": "", 
      "user": null, 
      "visualization_view": "segmine_rank_plotter", 
      "streaming_visualization_view": "", 
      "action": "segmine_rank_plotter", 
      "wsdl_method": "", 
      "wsdl": "", 
      "interactive": false, 
      "has_progress_bar": false, 
      "order": 1, 
      "description": ""
    }
  }, 
  {
    "pk": 213, 
    "model": "workflows.abstractinput", 
    "fields": {
      "widget": 104, 
      "name": "Gene ranks", 
      "short_name": "rnk", 
      "uid": "1cf60ff1-4e25-4fb2-8a55-6bbc07998608", 
      "default": "", 
      "required": true, 
      "multi": false, 
      "parameter_type": null, 
      "variable": "ranks", 
      "parameter": false, 
      "order": 1, 
      "description": "List of pairs (geneID, rank)"
    }
  }, 
  {
    "pk": 150, 
    "model": "workflows.abstractwidget", 
    "fields": {
      "category": 18, 
      "treeview_image": "", 
      "windows_queue": false, 
      "name": "Read microarray data from file", 
      "is_streaming": false, 
      "uid": "01aad79e-9991-412c-b619-cb87a956b65a", 
      "interaction_view": "", 
      "image": "", 
      "package": "segmine", 
      "static_image": "", 
      "post_interact_action": "", 
      "user": null, 
      "visualization_view": "", 
      "streaming_visualization_view": "", 
      "action": "segmine_read_microarray_data", 
      "wsdl_method": "", 
      "wsdl": "", 
      "interactive": false, 
      "has_progress_bar": false, 
      "order": 1, 
      "description": "Reads a csv of gene expression data in SegMine specific format into an Orange data table."
    }
  }, 
  {
    "pk": 355, 
    "model": "workflows.abstractinput", 
    "fields": {
      "widget": 150, 
      "name": "Microarray csv data file", 
      "short_name": "csv", 
      "uid": "4a2fc0cc-4140-46a8-924c-72ffad6297e0", 
      "default": "", 
      "required": true, 
      "multi": false, 
      "parameter_type": "file", 
      "variable": "file", 
      "parameter": true, 
      "order": 1, 
      "description": ""
    }
  }, 
  {
    "pk": 356, 
    "model": "workflows.abstractinput", 
    "fields": {
      "widget": 150, 
      "name": "Fold change: Input data format", 
      "short_name": "f", 
      "uid": "94c5f4f1-7d85-45e2-8393-38fc31a70630", 
      "default": "1", 
      "required": true, 
      "multi": false, 
      "parameter_type": "select", 
      "variable": "idf", 
      "parameter": true, 
      "order": 2, 
      "description": "Specifies whether the input data is linear or log2 transformed (needed for fold change computation)."
    }
  }, 
  {
    "pk": 94, 
    "model": "workflows.abstractoption", 
    "fields": {
      "uid": "43a8b68c-6fcc-4908-a45e-53f08e27670b", 
      "abstract_input": 356, 
      "value": "1", 
      "name": "linear"
    }
  }, 
  {
    "pk": 95, 
    "model": "workflows.abstractoption", 
    "fields": {
      "uid": "dcd58ba0-8956-4802-b954-f2a2c7deae79", 
      "abstract_input": 356, 
      "value": "2", 
      "name": "log2-transformed"
    }
  }, 
  {
    "pk": 357, 
    "model": "workflows.abstractinput", 
    "fields": {
      "widget": 150, 
      "name": "Fold change: Calculation method", 
      "short_name": "m", 
      "uid": "f3c2883f-e4a6-4c2b-90d8-07a73af84708", 
      "default": "1", 
      "required": true, 
      "multi": false, 
      "parameter_type": "select", 
      "variable": "cm", 
      "parameter": true, 
      "order": 3, 
      "description": "Specifies fold change calculation method."
    }
  }, 
  {
    "pk": 96, 
    "model": "workflows.abstractoption", 
    "fields": {
      "uid": "2ff3aa8b-b70b-48c7-9306-4e39727894bd", 
      "abstract_input": 357, 
      "value": "2", 
      "name": "difference of average log2 values"
    }
  }, 
  {
    "pk": 97, 
    "model": "workflows.abstractoption", 
    "fields": {
      "uid": "c36b408a-4947-424b-af2b-534bb57a0804", 
      "abstract_input": 357, 
      "value": "1", 
      "name": "ratio"
    }
  }, 
  {
    "pk": 168, 
    "model": "workflows.abstractoutput", 
    "fields": {
      "widget": 150, 
      "name": "Orange data table with class", 
      "short_name": "odt", 
      "variable": "table", 
      "uid": "e376fd1f-31d0-4d20-98e3-032bccbdb00a", 
      "order": 1, 
      "description": "Orange data table where columns are genes and rows are measurements. The class attribute indicates whether the measurement belongs to the control or the treatment group."
    }
  }, 
  {
    "pk": 169, 
    "model": "workflows.abstractoutput", 
    "fields": {
      "widget": 150, 
      "name": "Fold change", 
      "short_name": "fc", 
      "variable": "fold_change", 
      "uid": "9d0b23d8-4493-4f61-842a-78356402fd54", 
      "order": 2, 
      "description": "sorted list of pairs (gene, fold change)"
    }
  }, 
  {
    "pk": 105, 
    "model": "workflows.abstractwidget", 
    "fields": {
      "category": 18, 
      "treeview_image": "", 
      "windows_queue": false, 
      "name": "Resolve gene synonyms", 
      "is_streaming": false, 
      "uid": "533f57dc-a21d-4e02-9405-023620fcc39b", 
      "interaction_view": "", 
      "image": "", 
      "package": "segmine", 
      "static_image": "genesynonyms.png", 
      "post_interact_action": "", 
      "user": null, 
      "visualization_view": "", 
      "streaming_visualization_view": "", 
      "action": "segmine_resolve_gene_synonyms", 
      "wsdl_method": "", 
      "wsdl": "", 
      "interactive": false, 
      "has_progress_bar": false, 
      "order": 1, 
      "description": ""
    }
  }, 
  {
    "pk": 214, 
    "model": "workflows.abstractinput", 
    "fields": {
      "widget": 105, 
      "name": "gene ranks", 
      "short_name": "rnk", 
      "uid": "ba3dc8e2-4948-4450-a456-30a611cf2283", 
      "default": "", 
      "required": true, 
      "multi": false, 
      "parameter_type": null, 
      "variable": "gene_ranks", 
      "parameter": false, 
      "order": 1, 
      "description": "list of pairs (gene, rank)"
    }
  }, 
  {
    "pk": 117, 
    "model": "workflows.abstractoutput", 
    "fields": {
      "widget": 105, 
      "name": "gene ranks", 
      "short_name": "rnk", 
      "variable": "gene_ranks", 
      "uid": "d9d771fb-b5d1-4c42-9183-873145f910d2", 
      "order": 1, 
      "description": "list of pairs (entrez_id, rank)"
    }
  }, 
  {
    "pk": 106, 
    "model": "workflows.abstractwidget", 
    "fields": {
      "category": 18, 
      "treeview_image": "", 
      "windows_queue": false, 
      "name": "SEGS", 
      "is_streaming": false, 
      "uid": "b947b5fc-e992-43c9-9c99-7f47f4b0537c", 
      "interaction_view": "", 
      "image": "", 
      "package": "segmine", 
      "static_image": "SEGS_HMR.png", 
      "post_interact_action": "", 
      "user": null, 
      "visualization_view": "", 
      "streaming_visualization_view": "", 
      "action": "segmine_segs", 
      "wsdl_method": "", 
      "wsdl": "", 
      "interactive": false, 
      "has_progress_bar": true, 
      "order": 1, 
      "description": ""
    }
  }, 
  {
    "pk": 215, 
    "model": "workflows.abstractinput", 
    "fields": {
      "widget": 106, 
      "name": "Input data", 
      "short_name": "rnk", 
      "uid": "d8f1ceef-1bdb-4422-ac4b-34c84298fc15", 
      "default": "", 
      "required": true, 
      "multi": false, 
      "parameter_type": null, 
      "variable": "inputData", 
      "parameter": false, 
      "order": 1, 
      "description": "List of pairs (geneID, rank)"
    }
  }, 
  {
    "pk": 216, 
    "model": "workflows.abstractinput", 
    "fields": {
      "widget": 106, 
      "name": "Service wsdl location", 
      "short_name": "loc", 
      "uid": "7a0ba606-a0de-4616-a8bc-600e03219fb7", 
      "default": "http://segs.ijs.si:8090/SEGS?wsdl", 
      "required": false, 
      "multi": false, 
      "parameter_type": "text", 
      "variable": "wsdl", 
      "parameter": true, 
      "order": 2, 
      "description": "Sevice wsdl location"
    }
  }, 
  {
    "pk": 217, 
    "model": "workflows.abstractinput", 
    "fields": {
      "widget": 106, 
      "name": "GSEA test weight", 
      "short_name": "wgs", 
      "uid": "c1b246b4-7b00-4447-9e05-166fb84a7854", 
      "default": "1.0", 
      "required": false, 
      "multi": false, 
      "parameter_type": "text", 
      "variable": "weightGSEA", 
      "parameter": true, 
      "order": 3, 
      "description": "GSEA test weight"
    }
  }, 
  {
    "pk": 218, 
    "model": "workflows.abstractinput", 
    "fields": {
      "widget": 106, 
      "name": "PAGE test weight", 
      "short_name": "wpa", 
      "uid": "f9a9b5d6-f6d6-4d53-abac-bd67d12bb939", 
      "default": "1.0", 
      "required": false, 
      "multi": false, 
      "parameter_type": "text", 
      "variable": "weightPAGE", 
      "parameter": true, 
      "order": 4, 
      "description": "PAGE test weight"
    }
  }, 
  {
    "pk": 219, 
    "model": "workflows.abstractinput", 
    "fields": {
      "widget": 106, 
      "name": "Fisher test weight", 
      "short_name": "wfi", 
      "uid": "0ecfe685-2bed-4110-821a-51c465099094", 
      "default": "0.0", 
      "required": false, 
      "multi": false, 
      "parameter_type": "text", 
      "variable": "weightFisher", 
      "parameter": true, 
      "order": 5, 
      "description": "Fisher test weight"
    }
  }, 
  {
    "pk": 220, 
    "model": "workflows.abstractinput", 
    "fields": {
      "widget": 106, 
      "name": "Use molecular functions ontology", 
      "short_name": "mol", 
      "uid": "f0349a66-56c0-4de6-985f-b9d2ed6b0232", 
      "default": "true", 
      "required": false, 
      "multi": false, 
      "parameter_type": "checkbox", 
      "variable": "useMolecularFunctions", 
      "parameter": true, 
      "order": 6, 
      "description": "Use molecular functions ontology"
    }
  }, 
  {
    "pk": 221, 
    "model": "workflows.abstractinput", 
    "fields": {
      "widget": 106, 
      "name": "Summarize descriptions", 
      "short_name": "sde", 
      "uid": "28ee1f37-9ed8-4f95-bb9b-4f1b0791c207", 
      "default": "true", 
      "required": false, 
      "multi": false, 
      "parameter_type": "checkbox", 
      "variable": "summarizeDescriptions", 
      "parameter": true, 
      "order": 7, 
      "description": "Summarize descriptions"
    }
  }, 
  {
    "pk": 222, 
    "model": "workflows.abstractinput", 
    "fields": {
      "widget": 106, 
      "name": "Use biological processes ontology", 
      "short_name": "bio", 
      "uid": "e276f6f7-a532-4cba-b9d6-7ffc0e5b12dc", 
      "default": "true", 
      "required": false, 
      "multi": false, 
      "parameter_type": "checkbox", 
      "variable": "useBiologicalProcesses", 
      "parameter": true, 
      "order": 8, 
      "description": "Use biological processes ontology"
    }
  }, 
  {
    "pk": 223, 
    "model": "workflows.abstractinput", 
    "fields": {
      "widget": 106, 
      "name": "Random seed", 
      "short_name": "rnd", 
      "uid": "41a2859a-2a69-4233-999c-a4639b6493a0", 
      "default": "-1", 
      "required": false, 
      "multi": false, 
      "parameter_type": "text", 
      "variable": "rndGenSeed", 
      "parameter": true, 
      "order": 9, 
      "description": "Random seed (-1 uses current time)"
    }
  }, 
  {
    "pk": 224, 
    "model": "workflows.abstractinput", 
    "fields": {
      "widget": 106, 
      "name": "Use cellular components ontology", 
      "short_name": "cel", 
      "uid": "bf731c43-4c16-4665-ab52-1a43cd07db6e", 
      "default": "true", 
      "required": false, 
      "multi": false, 
      "parameter_type": "checkbox", 
      "variable": "useCellularComponents", 
      "parameter": true, 
      "order": 10, 
      "description": "Use cellular components ontology"
    }
  }, 
  {
    "pk": 225, 
    "model": "workflows.abstractinput", 
    "fields": {
      "widget": 106, 
      "name": "Max reported rules", 
      "short_name": "mrr", 
      "uid": "549e0f34-14e9-4012-9824-3f610a8531b3", 
      "default": "100", 
      "required": false, 
      "multi": false, 
      "parameter_type": "text", 
      "variable": "maxReported", 
      "parameter": true, 
      "order": 11, 
      "description": "Max reported rules"
    }
  }, 
  {
    "pk": 226, 
    "model": "workflows.abstractinput", 
    "fields": {
      "widget": 106, 
      "name": "Use KEGG ontology", 
      "short_name": "keg", 
      "uid": "7df06a95-70ca-4b7f-ab73-3deabc4e3462", 
      "default": "true", 
      "required": false, 
      "multi": false, 
      "parameter_type": "checkbox", 
      "variable": "useKEGG", 
      "parameter": true, 
      "order": 12, 
      "description": "Use KEGG ontology"
    }
  }, 
  {
    "pk": 227, 
    "model": "workflows.abstractinput", 
    "fields": {
      "widget": 106, 
      "name": "maximalPvalue", 
      "short_name": "mxp", 
      "uid": "964f5419-a0c0-4324-acd1-43320b32c638", 
      "default": "0.05", 
      "required": false, 
      "multi": false, 
      "parameter_type": "text", 
      "variable": "maximalPvalue", 
      "parameter": true, 
      "order": 13, 
      "description": "Maximal p-value"
    }
  }, 
  {
    "pk": 228, 
    "model": "workflows.abstractinput", 
    "fields": {
      "widget": 106, 
      "name": "Minimal set size", 
      "short_name": "mss", 
      "uid": "1e1141ab-efd0-47e8-9f61-39a824f79c83", 
      "default": "20", 
      "required": false, 
      "multi": false, 
      "parameter_type": "text", 
      "variable": "minimalSetSize", 
      "parameter": true, 
      "order": 14, 
      "description": "Minimal set size"
    }
  }, 
  {
    "pk": 229, 
    "model": "workflows.abstractinput", 
    "fields": {
      "widget": 106, 
      "name": "Maximum number of terms", 
      "short_name": "mnt", 
      "uid": "33884ed9-1237-4d28-87fb-27f3e7970fc6", 
      "default": "3", 
      "required": false, 
      "multi": false, 
      "parameter_type": "text", 
      "variable": "maxNumTerms", 
      "parameter": true, 
      "order": 15, 
      "description": "Maximum number of terms"
    }
  }, 
  {
    "pk": 230, 
    "model": "workflows.abstractinput", 
    "fields": {
      "widget": 106, 
      "name": "Number of interacting terms", 
      "short_name": "int", 
      "uid": "1dec0a3f-81e8-49ae-b076-ba236147ccb1", 
      "default": "1", 
      "required": false, 
      "multi": false, 
      "parameter_type": "text", 
      "variable": "useGeneInteractions", 
      "parameter": true, 
      "order": 16, 
      "description": "Number of interacting terms (gene interactions)"
    }
  }, 
  {
    "pk": 231, 
    "model": "workflows.abstractinput", 
    "fields": {
      "widget": 106, 
      "name": "Cutoff", 
      "short_name": "cut", 
      "uid": "825de055-cd10-41ec-8da8-e0ac6b77a599", 
      "default": "300", 
      "required": false, 
      "multi": false, 
      "parameter_type": "text", 
      "variable": "cutoff", 
      "parameter": true, 
      "order": 17, 
      "description": "Cutoff threshold for DE/ non-DE genes"
    }
  }, 
  {
    "pk": 118, 
    "model": "workflows.abstractoutput", 
    "fields": {
      "widget": 106, 
      "name": "Best rules according to fisher", 
      "short_name": "fis", 
      "variable": "rules_fisher", 
      "uid": "48343505-7a47-4553-a5fa-0112d729f344", 
      "order": 1, 
      "description": "Set of rules "
    }
  }, 
  {
    "pk": 119, 
    "model": "workflows.abstractoutput", 
    "fields": {
      "widget": 106, 
      "name": "Best rules according to PAGE", 
      "short_name": "pag", 
      "variable": "rules_PAGE", 
      "uid": "f3e449cc-8b5d-4620-8067-55f1560d2d7c", 
      "order": 1, 
      "description": "Set of rules "
    }
  }, 
  {
    "pk": 120, 
    "model": "workflows.abstractoutput", 
    "fields": {
      "widget": 106, 
      "name": "Best rules according to GSEA", 
      "short_name": "gse", 
      "variable": "rules_GSEA", 
      "uid": "2ae5f771-4e61-400d-9c70-e9c5c451f51a", 
      "order": 1, 
      "description": "Set of rules "
    }
  }, 
  {
    "pk": 121, 
    "model": "workflows.abstractoutput", 
    "fields": {
      "widget": 106, 
      "name": "Best rules with combined metrics", 
      "short_name": "com", 
      "variable": "rules_combined", 
      "uid": "7dc0053c-de07-409e-848b-a285e659a6f1", 
      "order": 1, 
      "description": "Set of rules "
    }
  }, 
  {
    "pk": 266, 
    "model": "workflows.abstractwidget", 
    "fields": {
      "category": 18, 
      "treeview_image": "", 
      "windows_queue": false, 
      "name": "SEGS ATH", 
      "is_streaming": false, 
      "uid": "32045302-43ae-4881-9414-d04fe844843e", 
      "interaction_view": "", 
      "image": "", 
      "package": "segmine", 
      "static_image": "SEGS_HMR.png", 
      "post_interact_action": "", 
      "user": null, 
      "visualization_view": "", 
      "streaming_visualization_view": "", 
      "action": "segmine_segs_ath", 
      "wsdl_method": "", 
      "wsdl": "", 
      "interactive": false, 
      "has_progress_bar": true, 
      "order": 1, 
      "description": ""
    }
  }, 
  {
    "pk": 581, 
    "model": "workflows.abstractinput", 
    "fields": {
      "widget": 266, 
      "name": "Input data", 
      "short_name": "rnk", 
      "uid": "2c579d38-1546-4fbb-9182-40cb6b9fca04", 
      "default": "", 
      "required": true, 
      "multi": false, 
      "parameter_type": null, 
      "variable": "inputData", 
      "parameter": false, 
      "order": 1, 
      "description": "List of pairs (geneID, rank)"
    }
  }, 
  {
    "pk": 582, 
    "model": "workflows.abstractinput", 
    "fields": {
      "widget": 266, 
      "name": "Service wsdl location", 
      "short_name": "loc", 
      "uid": "c749b077-fe34-440a-9f75-fde1326957d9", 
      "default": "http://segs.ijs.si:8091/PlantSEGS?wsdl", 
      "required": false, 
      "multi": false, 
      "parameter_type": "text", 
      "variable": "wsdl", 
      "parameter": true, 
      "order": 2, 
      "description": "Sevice wsdl location"
    }
  }, 
  {
    "pk": 583, 
    "model": "workflows.abstractinput", 
    "fields": {
      "widget": 266, 
      "name": "GSEA test weight", 
      "short_name": "wgs", 
      "uid": "e6ecb0af-f861-4a9f-8db6-eb52a7514b0e", 
      "default": "1.0", 
      "required": false, 
      "multi": false, 
      "parameter_type": "text", 
      "variable": "weightGSEA", 
      "parameter": true, 
      "order": 3, 
      "description": "GSEA test weight"
    }
  }, 
  {
    "pk": 584, 
    "model": "workflows.abstractinput", 
    "fields": {
      "widget": 266, 
      "name": "PAGE test weight", 
      "short_name": "wpa", 
      "uid": "c6a45b3a-5e84-453a-ac4a-e18898a5218f", 
      "default": "1.0", 
      "required": false, 
      "multi": false, 
      "parameter_type": "text", 
      "variable": "weightPAGE", 
      "parameter": true, 
      "order": 4, 
      "description": "PAGE test weight"
    }
  }, 
  {
    "pk": 585, 
    "model": "workflows.abstractinput", 
    "fields": {
      "widget": 266, 
      "name": "Fisher test weight", 
      "short_name": "wfi", 
      "uid": "236ba7db-5f80-4a25-ab08-3a7b81a501b9", 
      "default": "0.0", 
      "required": false, 
      "multi": false, 
      "parameter_type": "text", 
      "variable": "weightFisher", 
      "parameter": true, 
      "order": 5, 
      "description": "Fisher test weight"
    }
  }, 
  {
    "pk": 586, 
    "model": "workflows.abstractinput", 
    "fields": {
      "widget": 266, 
      "name": "Use molecular functions ontology", 
      "short_name": "mol", 
      "uid": "d391bdf5-38b5-4e3e-8a6d-ad8ceabefcea", 
      "default": "true", 
      "required": false, 
      "multi": false, 
      "parameter_type": "checkbox", 
      "variable": "useMolecularFunctions", 
      "parameter": true, 
      "order": 6, 
      "description": "Use molecular functions ontology"
    }
  }, 
  {
    "pk": 587, 
    "model": "workflows.abstractinput", 
    "fields": {
      "widget": 266, 
      "name": "Summarize descriptions", 
      "short_name": "sde", 
      "uid": "ba4f3848-3f51-4bf8-afc5-9c6687b099ca", 
      "default": "true", 
      "required": false, 
      "multi": false, 
      "parameter_type": "checkbox", 
      "variable": "summarizeDescriptions", 
      "parameter": true, 
      "order": 7, 
      "description": "Summarize descriptions"
    }
  }, 
  {
    "pk": 588, 
    "model": "workflows.abstractinput", 
    "fields": {
      "widget": 266, 
      "name": "Use biological processes ontology", 
      "short_name": "bio", 
      "uid": "6215c1dc-2b3c-4691-9a36-e215ed15f385", 
      "default": "true", 
      "required": false, 
      "multi": false, 
      "parameter_type": "checkbox", 
      "variable": "useBiologicalProcesses", 
      "parameter": true, 
      "order": 8, 
      "description": "Use biological processes ontology"
    }
  }, 
  {
    "pk": 589, 
    "model": "workflows.abstractinput", 
    "fields": {
      "widget": 266, 
      "name": "Random seed", 
      "short_name": "rnd", 
      "uid": "4924c08a-adc1-41d1-bf91-c3e2b8c0f786", 
      "default": "-1", 
      "required": false, 
      "multi": false, 
      "parameter_type": "text", 
      "variable": "rndGenSeed", 
      "parameter": true, 
      "order": 9, 
      "description": "Random seed (-1 uses current time)"
    }
  }, 
  {
    "pk": 590, 
    "model": "workflows.abstractinput", 
    "fields": {
      "widget": 266, 
      "name": "Use cellular components ontology", 
      "short_name": "cel", 
      "uid": "0d604ef5-498d-4df4-be1a-a9465263fded", 
      "default": "true", 
      "required": false, 
      "multi": false, 
      "parameter_type": "checkbox", 
      "variable": "useCellularComponents", 
      "parameter": true, 
      "order": 10, 
      "description": "Use cellular components ontology"
    }
  }, 
  {
    "pk": 591, 
    "model": "workflows.abstractinput", 
    "fields": {
      "widget": 266, 
      "name": "Max reported rules", 
      "short_name": "mrr", 
      "uid": "bdf88e4b-432c-4495-bf00-1b5e3267ce01", 
      "default": "100", 
      "required": false, 
      "multi": false, 
      "parameter_type": "text", 
      "variable": "maxReported", 
      "parameter": true, 
      "order": 11, 
      "description": "Max reported rules"
    }
  }, 
  {
    "pk": 592, 
    "model": "workflows.abstractinput", 
    "fields": {
      "widget": 266, 
      "name": "Use KEGG ontology", 
      "short_name": "keg", 
      "uid": "c9504bec-4315-4272-a68e-2a050fce653d", 
      "default": "true", 
      "required": false, 
      "multi": false, 
      "parameter_type": "checkbox", 
      "variable": "useKEGG", 
      "parameter": true, 
      "order": 12, 
      "description": "Use KEGG ontology"
    }
  }, 
  {
    "pk": 593, 
    "model": "workflows.abstractinput", 
    "fields": {
      "widget": 266, 
      "name": "maximalPvalue", 
      "short_name": "mxp", 
      "uid": "ee629b94-7897-45dc-949c-158f1cd6fab4", 
      "default": "0.05", 
      "required": false, 
      "multi": false, 
      "parameter_type": "text", 
      "variable": "maximalPvalue", 
      "parameter": true, 
      "order": 13, 
      "description": "Maximal p-value"
    }
  }, 
  {
    "pk": 594, 
    "model": "workflows.abstractinput", 
    "fields": {
      "widget": 266, 
      "name": "Minimal set size", 
      "short_name": "mss", 
      "uid": "ae0e77ed-0838-45ec-9f49-45dbcda7bd20", 
      "default": "20", 
      "required": false, 
      "multi": false, 
      "parameter_type": "text", 
      "variable": "minimalSetSize", 
      "parameter": true, 
      "order": 14, 
      "description": "Minimal set size"
    }
  }, 
  {
    "pk": 595, 
    "model": "workflows.abstractinput", 
    "fields": {
      "widget": 266, 
      "name": "Maximum number of terms", 
      "short_name": "mnt", 
      "uid": "28a94f0b-3a02-4b6c-b076-54db4479cd98", 
      "default": "3", 
      "required": false, 
      "multi": false, 
      "parameter_type": "text", 
      "variable": "maxNumTerms", 
      "parameter": true, 
      "order": 15, 
      "description": "Maximum number of terms"
    }
  }, 
  {
    "pk": 596, 
    "model": "workflows.abstractinput", 
    "fields": {
      "widget": 266, 
      "name": "Number of interacting terms", 
      "short_name": "int", 
      "uid": "e77d5b03-07b6-4b77-9041-630123d107b8", 
      "default": "1", 
      "required": false, 
      "multi": false, 
      "parameter_type": "text", 
      "variable": "useGeneInteractions", 
      "parameter": true, 
      "order": 16, 
      "description": "Number of interacting terms (gene interactions)"
    }
  }, 
  {
    "pk": 597, 
    "model": "workflows.abstractinput", 
    "fields": {
      "widget": 266, 
      "name": "Cutoff", 
      "short_name": "cut", 
      "uid": "276dd4f1-be21-4427-b76d-cbc0b8a66edd", 
      "default": "300", 
      "required": false, 
      "multi": false, 
      "parameter_type": "text", 
      "variable": "cutoff", 
      "parameter": true, 
      "order": 17, 
      "description": "Cutoff threshold for DE/ non-DE genes"
    }
  }, 
  {
    "pk": 282, 
    "model": "workflows.abstractoutput", 
    "fields": {
      "widget": 266, 
      "name": "Best rules according to fisher", 
      "short_name": "fis", 
      "variable": "rules_fisher", 
      "uid": "41cb25b4-824f-4756-874b-b74bddf76860", 
      "order": 1, 
      "description": "Set of rules "
    }
  }, 
  {
    "pk": 283, 
    "model": "workflows.abstractoutput", 
    "fields": {
      "widget": 266, 
      "name": "Best rules according to PAGE", 
      "short_name": "pag", 
      "variable": "rules_PAGE", 
      "uid": "274f0e1f-9f05-4475-aad6-432f9fce46a8", 
      "order": 2, 
      "description": "Set of rules "
    }
  }, 
  {
    "pk": 284, 
    "model": "workflows.abstractoutput", 
    "fields": {
      "widget": 266, 
      "name": "Best rules according to GSEA", 
      "short_name": "gse", 
      "variable": "rules_GSEA", 
      "uid": "f37610fa-c956-4112-bf91-159076908da7", 
      "order": 3, 
      "description": "Set of rules "
    }
  }, 
  {
    "pk": 285, 
    "model": "workflows.abstractoutput", 
    "fields": {
      "widget": 266, 
      "name": "Best rules with combined metrics", 
      "short_name": "com", 
      "variable": "rules_combined", 
      "uid": "298a0b8a-71bb-46e7-8d78-52d383dfdf55", 
      "order": 4, 
      "description": "Set of rules "
    }
  }, 
  {
    "pk": 107, 
    "model": "workflows.abstractwidget", 
    "fields": {
      "category": 18, 
      "treeview_image": "", 
      "windows_queue": false, 
      "name": "SEGS Rule browser", 
      "is_streaming": false, 
      "uid": "1118c133-0113-4df8-b240-8690c4b62e07", 
      "interaction_view": "segmine_rule_browser", 
      "image": "", 
      "package": "segmine", 
      "static_image": "RuleBrowser.png", 
      "post_interact_action": "segmine_rule_browser_finished", 
      "user": null, 
      "visualization_view": "", 
      "streaming_visualization_view": "", 
      "action": "segmine_rule_browser", 
      "wsdl_method": "", 
      "wsdl": "", 
      "interactive": true, 
      "has_progress_bar": false, 
      "order": 1, 
      "description": ""
    }
  }, 
  {
    "pk": 232, 
    "model": "workflows.abstractinput", 
    "fields": {
      "widget": 107, 
      "name": "SEGS set of rules", 
      "short_name": "rls", 
      "uid": "1e4ce1f5-f8f1-4f50-8ebf-5d230909e968", 
      "default": "", 
      "required": true, 
      "multi": false, 
      "parameter_type": null, 
      "variable": "rules", 
      "parameter": false, 
      "order": 1, 
      "description": "SEGS set of rules"
    }
  }, 
  {
    "pk": 122, 
    "model": "workflows.abstractoutput", 
    "fields": {
      "widget": 107, 
      "name": "List of nodes", 
      "short_name": "nds", 
      "variable": "node_list", 
      "uid": "82ddfd0d-77cb-4acd-9561-60c4bed6a138", 
      "order": 1, 
      "description": "List of nodes"
    }
  }, 
  {
    "pk": 265, 
    "model": "workflows.abstractwidget", 
    "fields": {
      "category": 18, 
      "treeview_image": "", 
      "windows_queue": false, 
      "name": "SEGS STU", 
      "is_streaming": false, 
      "uid": "2bc9b86c-5c99-4ac8-afbc-d20fd34c3ca1", 
      "interaction_view": "", 
      "image": "", 
      "package": "segmine", 
      "static_image": "SEGS_HMR.png", 
      "post_interact_action": "", 
      "user": null, 
      "visualization_view": "", 
      "streaming_visualization_view": "", 
      "action": "segmine_segs_stu", 
      "wsdl_method": "", 
      "wsdl": "", 
      "interactive": false, 
      "has_progress_bar": true, 
      "order": 1, 
      "description": ""
    }
  }, 
  {
    "pk": 564, 
    "model": "workflows.abstractinput", 
    "fields": {
      "widget": 265, 
      "name": "Input data", 
      "short_name": "rnk", 
      "uid": "b1ec20d6-2740-4de5-9e9a-598d00f25e24", 
      "default": "", 
      "required": true, 
      "multi": false, 
      "parameter_type": null, 
      "variable": "inputData", 
      "parameter": false, 
      "order": 1, 
      "description": "List of pairs (geneID, rank)"
    }
  }, 
  {
    "pk": 565, 
    "model": "workflows.abstractinput", 
    "fields": {
      "widget": 265, 
      "name": "Service wsdl location", 
      "short_name": "loc", 
      "uid": "3e20cd76-1532-48fe-9f01-841a8a8067f2", 
      "default": "http://segs.ijs.si:8091/PlantSEGS?wsdl", 
      "required": false, 
      "multi": false, 
      "parameter_type": "text", 
      "variable": "wsdl", 
      "parameter": true, 
      "order": 2, 
      "description": "Sevice wsdl location"
    }
  }, 
  {
    "pk": 566, 
    "model": "workflows.abstractinput", 
    "fields": {
      "widget": 265, 
      "name": "GSEA test weight", 
      "short_name": "wgs", 
      "uid": "ae23e1d3-dd0b-492b-9786-107738f2892e", 
      "default": "1.0", 
      "required": false, 
      "multi": false, 
      "parameter_type": "text", 
      "variable": "weightGSEA", 
      "parameter": true, 
      "order": 3, 
      "description": "GSEA test weight"
    }
  }, 
  {
    "pk": 567, 
    "model": "workflows.abstractinput", 
    "fields": {
      "widget": 265, 
      "name": "PAGE test weight", 
      "short_name": "wpa", 
      "uid": "34611127-924e-4f1d-a079-8dc29519793d", 
      "default": "1.0", 
      "required": false, 
      "multi": false, 
      "parameter_type": "text", 
      "variable": "weightPAGE", 
      "parameter": true, 
      "order": 4, 
      "description": "PAGE test weight"
    }
  }, 
  {
    "pk": 568, 
    "model": "workflows.abstractinput", 
    "fields": {
      "widget": 265, 
      "name": "Fisher test weight", 
      "short_name": "wfi", 
      "uid": "bbf0e48b-2d0c-460a-bb91-c4fa3efc6576", 
      "default": "0.0", 
      "required": false, 
      "multi": false, 
      "parameter_type": "text", 
      "variable": "weightFisher", 
      "parameter": true, 
      "order": 5, 
      "description": "Fisher test weight"
    }
  }, 
  {
    "pk": 569, 
    "model": "workflows.abstractinput", 
    "fields": {
      "widget": 265, 
      "name": "Use molecular functions ontology", 
      "short_name": "mol", 
      "uid": "33818966-bd90-4694-99bb-c6ccd4d5d96c", 
      "default": "true", 
      "required": false, 
      "multi": false, 
      "parameter_type": "checkbox", 
      "variable": "useMolecularFunctions", 
      "parameter": true, 
      "order": 6, 
      "description": "Use molecular functions ontology"
    }
  }, 
  {
    "pk": 570, 
    "model": "workflows.abstractinput", 
    "fields": {
      "widget": 265, 
      "name": "Summarize descriptions", 
      "short_name": "sde", 
      "uid": "d0c36c9f-d6b7-480b-b6e0-965050b0bb3a", 
      "default": "true", 
      "required": false, 
      "multi": false, 
      "parameter_type": "checkbox", 
      "variable": "summarizeDescriptions", 
      "parameter": true, 
      "order": 7, 
      "description": "Summarize descriptions"
    }
  }, 
  {
    "pk": 571, 
    "model": "workflows.abstractinput", 
    "fields": {
      "widget": 265, 
      "name": "Use biological processes ontology", 
      "short_name": "bio", 
      "uid": "b3089e70-9196-42a5-beea-e0f89e480694", 
      "default": "true", 
      "required": false, 
      "multi": false, 
      "parameter_type": "checkbox", 
      "variable": "useBiologicalProcesses", 
      "parameter": true, 
      "order": 8, 
      "description": "Use biological processes ontology"
    }
  }, 
  {
    "pk": 572, 
    "model": "workflows.abstractinput", 
    "fields": {
      "widget": 265, 
      "name": "Random seed", 
      "short_name": "rnd", 
      "uid": "8c2bd0fd-08ec-42cc-8b99-4f580e6ee1a3", 
      "default": "-1", 
      "required": false, 
      "multi": false, 
      "parameter_type": "text", 
      "variable": "rndGenSeed", 
      "parameter": true, 
      "order": 9, 
      "description": "Random seed (-1 uses current time)"
    }
  }, 
  {
    "pk": 573, 
    "model": "workflows.abstractinput", 
    "fields": {
      "widget": 265, 
      "name": "Use cellular components ontology", 
      "short_name": "cel", 
      "uid": "e7d498a1-042b-4d52-b8a0-0c7941867bc5", 
      "default": "true", 
      "required": false, 
      "multi": false, 
      "parameter_type": "checkbox", 
      "variable": "useCellularComponents", 
      "parameter": true, 
      "order": 10, 
      "description": "Use cellular components ontology"
    }
  }, 
  {
    "pk": 574, 
    "model": "workflows.abstractinput", 
    "fields": {
      "widget": 265, 
      "name": "Max reported rules", 
      "short_name": "mrr", 
      "uid": "30c599b6-d51b-4ec2-b49d-5724abae1e63", 
      "default": "100", 
      "required": false, 
      "multi": false, 
      "parameter_type": "text", 
      "variable": "maxReported", 
      "parameter": true, 
      "order": 11, 
      "description": "Max reported rules"
    }
  }, 
  {
    "pk": 575, 
    "model": "workflows.abstractinput", 
    "fields": {
      "widget": 265, 
      "name": "Use KEGG ontology", 
      "short_name": "keg", 
      "uid": "1d39bace-eeb6-4364-97f4-24fad14ae32c", 
      "default": "true", 
      "required": false, 
      "multi": false, 
      "parameter_type": "checkbox", 
      "variable": "useKEGG", 
      "parameter": true, 
      "order": 12, 
      "description": "Use KEGG ontology"
    }
  }, 
  {
    "pk": 576, 
    "model": "workflows.abstractinput", 
    "fields": {
      "widget": 265, 
      "name": "maximalPvalue", 
      "short_name": "mxp", 
      "uid": "c937aa5b-87e6-4105-bea8-20ccbd1bd488", 
      "default": "0.05", 
      "required": false, 
      "multi": false, 
      "parameter_type": "text", 
      "variable": "maximalPvalue", 
      "parameter": true, 
      "order": 13, 
      "description": "Maximal p-value"
    }
  }, 
  {
    "pk": 577, 
    "model": "workflows.abstractinput", 
    "fields": {
      "widget": 265, 
      "name": "Minimal set size", 
      "short_name": "mss", 
      "uid": "c3d26859-c452-44ea-a1fb-6bdc02d50090", 
      "default": "20", 
      "required": false, 
      "multi": false, 
      "parameter_type": "text", 
      "variable": "minimalSetSize", 
      "parameter": true, 
      "order": 14, 
      "description": "Minimal set size"
    }
  }, 
  {
    "pk": 578, 
    "model": "workflows.abstractinput", 
    "fields": {
      "widget": 265, 
      "name": "Maximum number of terms", 
      "short_name": "mnt", 
      "uid": "da6f4408-ab85-4b47-85ef-f3f99cef1a12", 
      "default": "3", 
      "required": false, 
      "multi": false, 
      "parameter_type": "text", 
      "variable": "maxNumTerms", 
      "parameter": true, 
      "order": 15, 
      "description": "Maximum number of terms"
    }
  }, 
  {
    "pk": 579, 
    "model": "workflows.abstractinput", 
    "fields": {
      "widget": 265, 
      "name": "Number of interacting terms", 
      "short_name": "int", 
      "uid": "9f5b8755-e940-4062-99d3-80f7e3a5d786", 
      "default": "1", 
      "required": false, 
      "multi": false, 
      "parameter_type": "text", 
      "variable": "useGeneInteractions", 
      "parameter": true, 
      "order": 16, 
      "description": "Number of interacting terms (gene interactions)"
    }
  }, 
  {
    "pk": 580, 
    "model": "workflows.abstractinput", 
    "fields": {
      "widget": 265, 
      "name": "Cutoff", 
      "short_name": "cut", 
      "uid": "ae744b17-1354-45a3-a46e-3067810df8df", 
      "default": "300", 
      "required": false, 
      "multi": false, 
      "parameter_type": "text", 
      "variable": "cutoff", 
      "parameter": true, 
      "order": 17, 
      "description": "Cutoff threshold for DE/ non-DE genes"
    }
  }, 
  {
    "pk": 278, 
    "model": "workflows.abstractoutput", 
    "fields": {
      "widget": 265, 
      "name": "Best rules according to fisher", 
      "short_name": "fis", 
      "variable": "rules_fisher", 
      "uid": "0437d3a4-7197-44a1-9571-c7b4aa521f28", 
      "order": 1, 
      "description": "Set of rules "
    }
  }, 
  {
    "pk": 279, 
    "model": "workflows.abstractoutput", 
    "fields": {
      "widget": 265, 
      "name": "Best rules according to PAGE", 
      "short_name": "pag", 
      "variable": "rules_PAGE", 
      "uid": "fb3bbb6e-52f5-4c08-b59e-6153be27a5b7", 
      "order": 2, 
      "description": "Set of rules "
    }
  }, 
  {
    "pk": 280, 
    "model": "workflows.abstractoutput", 
    "fields": {
      "widget": 265, 
      "name": "Best rules according to GSEA", 
      "short_name": "gse", 
      "variable": "rules_GSEA", 
      "uid": "0d0f0b1d-6f13-45cf-bb78-af404fd73d75", 
      "order": 3, 
      "description": "Set of rules "
    }
  }, 
  {
    "pk": 281, 
    "model": "workflows.abstractoutput", 
    "fields": {
      "widget": 265, 
      "name": "Best rules with combined metrics", 
      "short_name": "com", 
      "variable": "rules_combined", 
      "uid": "5fa854c3-4977-4f91-93ad-5e578e97b674", 
      "order": 4, 
      "description": "Set of rules "
    }
  }, 
  {
    "pk": 192, 
    "model": "workflows.abstractwidget", 
    "fields": {
      "category": 18, 
      "treeview_image": "", 
      "windows_queue": false, 
      "name": "SEGS rules as Orange table", 
      "is_streaming": false, 
      "uid": "9ab3236a-efc3-480d-accf-7877a4e7f4e4", 
      "interaction_view": "", 
      "image": "", 
      "package": "segmine", 
      "static_image": "", 
      "post_interact_action": "", 
      "user": null, 
      "visualization_view": "", 
      "streaming_visualization_view": "", 
      "action": "segmine_rules_as_table", 
      "wsdl_method": "", 
      "wsdl": "", 
      "interactive": false, 
      "has_progress_bar": false, 
      "order": 1, 
      "description": "Transform SEGS rules into an Orange ExampleTable. Useful for e.g., clustering."
    }
  }, 
  {
    "pk": 417, 
    "model": "workflows.abstractinput", 
    "fields": {
      "widget": 192, 
      "name": "SEGS rules", 
      "short_name": "rls", 
      "uid": "9cfb8ad9-5a55-4e4d-8efc-63d7318ca42d", 
      "default": "", 
      "required": true, 
      "multi": false, 
      "parameter_type": null, 
      "variable": "rules", 
      "parameter": false, 
      "order": 1, 
      "description": "Rules as returned by the SEGS widget"
    }
  }, 
  {
    "pk": 210, 
    "model": "workflows.abstractoutput", 
    "fields": {
      "widget": 192, 
      "name": "Gene table", 
      "short_name": "odt", 
      "variable": "gene_table", 
      "uid": "664f5750-447c-4c3c-9870-a00af2ec101f", 
      "order": 1, 
      "description": "Rules as rows, their genes as columns."
    }
  }, 
  {
    "pk": 211, 
    "model": "workflows.abstractoutput", 
    "fields": {
      "widget": 192, 
      "name": "Term table", 
      "short_name": "odt", 
      "variable": "term_table", 
      "uid": "19670a6e-77a0-4299-9211-52c331ee5842", 
      "order": 1, 
      "description": "Rules as rows, their terms as columns."
    }
  }, 
  {
    "pk": 108, 
    "model": "workflows.abstractwidget", 
    "fields": {
      "category": 18, 
      "treeview_image": "", 
      "windows_queue": false, 
      "name": "T-test gene filter", 
      "is_streaming": false, 
      "uid": "6593a40f-1280-4d20-b399-7d182ebcdbf3", 
      "interaction_view": "segmine_ttest_gene_filter", 
      "image": "", 
      "package": "segmine", 
      "static_image": "ttest.png", 
      "post_interact_action": "segmine_ttest_gene_filter_finished", 
      "user": null, 
      "visualization_view": "", 
      "streaming_visualization_view": "", 
      "action": "segmine_ttest_gene_filter", 
      "wsdl_method": "", 
      "wsdl": "", 
      "interactive": true, 
      "has_progress_bar": false, 
      "order": 1, 
      "description": "Filters the genes according to t-test p-value threshold."
    }
  }, 
  {
    "pk": 233, 
    "model": "workflows.abstractinput", 
    "fields": {
      "widget": 108, 
      "name": "Orange dataset", 
      "short_name": "odt", 
      "uid": "bdf0c245-91ed-4177-a2e0-2eb7fa78003a", 
      "default": "", 
      "required": true, 
      "multi": false, 
      "parameter_type": null, 
      "variable": "dataset", 
      "parameter": false, 
      "order": 1, 
      "description": "Orange dataset"
    }
  }, 
  {
    "pk": 123, 
    "model": "workflows.abstractoutput", 
    "fields": {
      "widget": 108, 
      "name": "Orange dataset", 
      "short_name": "odt", 
      "variable": "dataset", 
      "uid": "67ebb338-9765-4805-b7c7-3ed78098cdc3", 
      "order": 1, 
      "description": "Orange dataset with filtered genes"
    }
  }
]