[
  {
    "pk": 5, 
    "model": "workflows.category", 
    "fields": {
      "uid": "d2dfe5ca-7d73-4b4d-b922-b389ec610d99", 
      "parent": null, 
      "workflow": null, 
      "user": null, 
      "order": 1, 
      "name": "Orange"
    }
  }, 
  {
    "pk": 21, 
    "model": "workflows.category", 
    "fields": {
      "uid": "c29ac8e0-5e9a-4058-959e-f51c59eaf58a", 
      "parent": 5, 
      "workflow": null, 
      "user": null, 
      "order": 1, 
      "name": "SegMine"
    }
  }, 
  {
    "pk": 122, 
    "model": "workflows.abstractwidget", 
    "fields": {
      "category": 21, 
      "treeview_image": "", 
      "name": "Biomine connection search", 
      "is_streaming": false, 
      "uid": "af2336f2-52f8-472d-96e8-2bddb6c1907e", 
      "interaction_view": "", 
      "image": "", 
      "package": "segmine", 
      "static_image": "", 
      "post_interact_action": "", 
      "user": null, 
      "visualization_view": "", 
      "action": "segmine_biomine_connection", 
      "wsdl_method": "", 
      "wsdl": "", 
      "interactive": false, 
      "has_progress_bar": false, 
      "order": 1, 
      "description": ""
    }
  }, 
  {
    "pk": 278, 
    "model": "workflows.abstractinput", 
    "fields": {
      "widget": 122, 
      "name": "Group nodes", 
      "short_name": "grn", 
      "uid": "46ac2ec3-fb26-4ed0-87eb-017222ada842", 
      "default": "", 
      "required": false, 
      "multi": false, 
      "parameter_type": "checkbox", 
      "variable": "groupNodes", 
      "parameter": true, 
      "order": 1, 
      "description": "Group nodes"
    }
  }, 
  {
    "pk": 279, 
    "model": "workflows.abstractinput", 
    "fields": {
      "widget": 122, 
      "name": "Database version", 
      "short_name": "dbv", 
      "uid": "ff783343-b1b5-4f43-9caa-1cfe35706e13", 
      "default": "<latest>", 
      "required": false, 
      "multi": false, 
      "parameter_type": "text", 
      "variable": "databaseVersion", 
      "parameter": true, 
      "order": 3, 
      "description": "Database version"
    }
  }, 
  {
    "pk": 280, 
    "model": "workflows.abstractinput", 
    "fields": {
      "widget": 122, 
      "name": "End nodes", 
      "short_name": "end", 
      "uid": "9a0dc048-ae26-4bb8-ba90-76521b4843b3", 
      "default": "", 
      "required": true, 
      "multi": false, 
      "parameter_type": null, 
      "variable": "endNodes", 
      "parameter": false, 
      "order": 4, 
      "description": "End nodes"
    }
  }, 
  {
    "pk": 281, 
    "model": "workflows.abstractinput", 
    "fields": {
      "widget": 122, 
      "name": "Single component", 
      "short_name": "scm", 
      "uid": "1b27100e-c585-47f0-a30f-05d2d2720927", 
      "default": "", 
      "required": false, 
      "multi": false, 
      "parameter_type": "checkbox", 
      "variable": "singleComponent", 
      "parameter": true, 
      "order": 5, 
      "description": "Single component"
    }
  }, 
  {
    "pk": 282, 
    "model": "workflows.abstractinput", 
    "fields": {
      "widget": 122, 
      "name": "Max nodes", 
      "short_name": "mxn", 
      "uid": "ff95b75f-b4f4-4b3e-acf2-d69aa41ed948", 
      "default": "0", 
      "required": false, 
      "multi": false, 
      "parameter_type": "text", 
      "variable": "maxNodes", 
      "parameter": true, 
      "order": 6, 
      "description": "Max nodes"
    }
  }, 
  {
    "pk": 283, 
    "model": "workflows.abstractinput", 
    "fields": {
      "widget": 122, 
      "name": "Medoids", 
      "short_name": "mds", 
      "uid": "aecdd58f-1fef-4aec-8039-2fdbc4cc7279", 
      "default": "", 
      "required": false, 
      "multi": false, 
      "parameter_type": "checkbox", 
      "variable": "medoids", 
      "parameter": true, 
      "order": 7, 
      "description": "Medoids"
    }
  }, 
  {
    "pk": 284, 
    "model": "workflows.abstractinput", 
    "fields": {
      "widget": 122, 
      "name": "Start nodes", 
      "short_name": "beg", 
      "uid": "0bb9e00a-2159-419c-8a3a-758d8ae778d1", 
      "default": "", 
      "required": true, 
      "multi": false, 
      "parameter_type": null, 
      "variable": "startNodes", 
      "parameter": false, 
      "order": 8, 
      "description": "Start nodes"
    }
  }, 
  {
    "pk": 147, 
    "model": "workflows.abstractoutput", 
    "fields": {
      "widget": 122, 
      "name": "Result", 
      "short_name": "res", 
      "variable": "result", 
      "uid": "3b884f86-d1eb-4fb9-b31c-28a029b2a657", 
      "order": 1, 
      "description": "Result"
    }
  }, 
  {
    "pk": 148, 
    "model": "workflows.abstractoutput", 
    "fields": {
      "widget": 122, 
      "name": "Best path", 
      "short_name": "pth", 
      "variable": "bestPath", 
      "uid": "9ef99494-fbc3-4cac-ba62-10db590c7169", 
      "order": 2, 
      "description": "Best path"
    }
  }, 
  {
    "pk": 121, 
    "model": "workflows.abstractwidget", 
    "fields": {
      "category": 21, 
      "treeview_image": "", 
      "name": "Biomine medoid search", 
      "is_streaming": false, 
      "uid": "cfac0d3a-2eaf-4f5c-bb09-39c3752e68dc", 
      "interaction_view": "", 
      "image": "", 
      "package": "segmine", 
      "static_image": "", 
      "post_interact_action": "", 
      "user": null, 
      "visualization_view": "", 
      "action": "segmine_biomine_medoid", 
      "wsdl_method": "", 
      "wsdl": "", 
      "interactive": false, 
      "has_progress_bar": false, 
      "order": 1, 
      "description": ""
    }
  }, 
  {
    "pk": 272, 
    "model": "workflows.abstractinput", 
    "fields": {
      "widget": 121, 
      "name": "Group nodes", 
      "short_name": "grn", 
      "uid": "e2effb53-e150-4833-956e-5c58b15f1eb6", 
      "default": "", 
      "required": false, 
      "multi": false, 
      "parameter_type": "checkbox", 
      "variable": "groupNodes", 
      "parameter": true, 
      "order": 1, 
      "description": "Group nodes"
    }
  }, 
  {
    "pk": 273, 
    "model": "workflows.abstractinput", 
    "fields": {
      "widget": 121, 
      "name": "Database version", 
      "short_name": "dbv", 
      "uid": "29d6ed65-55b8-4d68-8d7a-c19c0e91fe35", 
      "default": "<latest>", 
      "required": false, 
      "multi": false, 
      "parameter_type": "text", 
      "variable": "databaseVersion", 
      "parameter": true, 
      "order": 2, 
      "description": "Database version"
    }
  }, 
  {
    "pk": 274, 
    "model": "workflows.abstractinput", 
    "fields": {
      "widget": 121, 
      "name": "Single component", 
      "short_name": "scm", 
      "uid": "adbdd779-8bad-433b-835e-c14ba567d96f", 
      "default": "", 
      "required": false, 
      "multi": false, 
      "parameter_type": "checkbox", 
      "variable": "singleComponent", 
      "parameter": true, 
      "order": 3, 
      "description": "Single component"
    }
  }, 
  {
    "pk": 275, 
    "model": "workflows.abstractinput", 
    "fields": {
      "widget": 121, 
      "name": "Max nodes", 
      "short_name": "mxn", 
      "uid": "1942dd52-a553-460b-bdba-4ef29b6a402c", 
      "default": "0", 
      "required": false, 
      "multi": false, 
      "parameter_type": "text", 
      "variable": "maxNodes", 
      "parameter": true, 
      "order": 4, 
      "description": "Max nodes"
    }
  }, 
  {
    "pk": 277, 
    "model": "workflows.abstractinput", 
    "fields": {
      "widget": 121, 
      "name": "Start nodes", 
      "short_name": "beg", 
      "uid": "c68a9f13-92a1-4000-ae7d-bcf43311109e", 
      "default": "", 
      "required": true, 
      "multi": false, 
      "parameter_type": null, 
      "variable": "startNodes", 
      "parameter": false, 
      "order": 6, 
      "description": "Start nodes"
    }
  }, 
  {
    "pk": 145, 
    "model": "workflows.abstractoutput", 
    "fields": {
      "widget": 121, 
      "name": "Result", 
      "short_name": "res", 
      "variable": "result", 
      "uid": "3f1c6a6d-b203-46ca-a243-f64bf2adb989", 
      "order": 1, 
      "description": "Result"
    }
  }, 
  {
    "pk": 146, 
    "model": "workflows.abstractoutput", 
    "fields": {
      "widget": 121, 
      "name": "Best path", 
      "short_name": "pth", 
      "variable": "bestPath", 
      "uid": "a196316a-1b94-4c85-8915-2df0fd95ac22", 
      "order": 2, 
      "description": "Best path"
    }
  }, 
  {
    "pk": 123, 
    "model": "workflows.abstractwidget", 
    "fields": {
      "category": 21, 
      "treeview_image": "", 
      "name": "Biomine neighbourhood search", 
      "is_streaming": false, 
      "uid": "c8b603ed-1ba1-456b-bfbd-cd6727be538d", 
      "interaction_view": "", 
      "image": "", 
      "package": "segmine", 
      "static_image": "", 
      "post_interact_action": "", 
      "user": null, 
      "visualization_view": "", 
      "action": "segmine_biomine_neighbourhood", 
      "wsdl_method": "", 
      "wsdl": "", 
      "interactive": false, 
      "has_progress_bar": false, 
      "order": 1, 
      "description": ""
    }
  }, 
  {
    "pk": 285, 
    "model": "workflows.abstractinput", 
    "fields": {
      "widget": 123, 
      "name": "Group nodes", 
      "short_name": "grn", 
      "uid": "7c8954aa-083d-4f15-8784-061b59a258dc", 
      "default": "", 
      "required": false, 
      "multi": false, 
      "parameter_type": "checkbox", 
      "variable": "groupNodes", 
      "parameter": true, 
      "order": 1, 
      "description": "Group nodes"
    }
  }, 
  {
    "pk": 286, 
    "model": "workflows.abstractinput", 
    "fields": {
      "widget": 123, 
      "name": "Database version", 
      "short_name": "dbv", 
      "uid": "fc0a5b03-f301-4e4a-b9d7-889d89467245", 
      "default": "<latest>", 
      "required": false, 
      "multi": false, 
      "parameter_type": "text", 
      "variable": "databaseVersion", 
      "parameter": true, 
      "order": 1, 
      "description": "Database version"
    }
  }, 
  {
    "pk": 287, 
    "model": "workflows.abstractinput", 
    "fields": {
      "widget": 123, 
      "name": "Single component", 
      "short_name": "scm", 
      "uid": "980f228d-94b5-4523-9a65-2d4d3d6a6521", 
      "default": "", 
      "required": false, 
      "multi": false, 
      "parameter_type": "checkbox", 
      "variable": "singleComponent", 
      "parameter": true, 
      "order": 2, 
      "description": "Single component"
    }
  }, 
  {
    "pk": 288, 
    "model": "workflows.abstractinput", 
    "fields": {
      "widget": 123, 
      "name": "Max nodes", 
      "short_name": "mxn", 
      "uid": "97f71cb5-1ff0-45dc-84ed-2afe8e3aa7fa", 
      "default": "0", 
      "required": false, 
      "multi": false, 
      "parameter_type": "text", 
      "variable": "maxNodes", 
      "parameter": true, 
      "order": 3, 
      "description": "Max nodes"
    }
  }, 
  {
    "pk": 289, 
    "model": "workflows.abstractinput", 
    "fields": {
      "widget": 123, 
      "name": "Medoids", 
      "short_name": "mds", 
      "uid": "078c052f-2303-44dc-b1e4-4f39b0839b55", 
      "default": "", 
      "required": false, 
      "multi": false, 
      "parameter_type": "checkbox", 
      "variable": "medoids", 
      "parameter": true, 
      "order": 4, 
      "description": "Medoids"
    }
  }, 
  {
    "pk": 290, 
    "model": "workflows.abstractinput", 
    "fields": {
      "widget": 123, 
      "name": "Start nodes", 
      "short_name": "beg", 
      "uid": "14241e7b-e316-446b-b795-b5a8038769ee", 
      "default": "", 
      "required": true, 
      "multi": false, 
      "parameter_type": null, 
      "variable": "startNodes", 
      "parameter": false, 
      "order": 5, 
      "description": "Start nodes"
    }
  }, 
  {
    "pk": 149, 
    "model": "workflows.abstractoutput", 
    "fields": {
      "widget": 123, 
      "name": "Result", 
      "short_name": "res", 
      "variable": "result", 
      "uid": "e987c6c3-6a2e-4f32-b2e4-be033d96a944", 
      "order": 1, 
      "description": "Result"
    }
  }, 
  {
    "pk": 150, 
    "model": "workflows.abstractoutput", 
    "fields": {
      "widget": 123, 
      "name": "Best path", 
      "short_name": "pth", 
      "variable": "bestPath", 
      "uid": "bd5f94d2-8bd1-41f5-87b4-82cf1c36775b", 
      "order": 2, 
      "description": "Best path"
    }
  }, 
  {
    "pk": 124, 
    "model": "workflows.abstractwidget", 
    "fields": {
      "category": 21, 
      "treeview_image": "", 
      "name": "Biomine visualizer", 
      "is_streaming": false, 
      "uid": "b58b379b-e662-4789-9202-3745baa8e750", 
      "interaction_view": "", 
      "image": "", 
      "package": "segmine", 
      "static_image": "", 
      "post_interact_action": "", 
      "user": null, 
      "visualization_view": "segmine_biomine_visualizer", 
      "action": "segmine_biomine_visualizer", 
      "wsdl_method": "", 
      "wsdl": "", 
      "interactive": false, 
      "has_progress_bar": false, 
      "order": 1, 
      "description": ""
    }
  }, 
  {
    "pk": 291, 
    "model": "workflows.abstractinput", 
    "fields": {
      "widget": 124, 
      "name": "Graph", 
      "short_name": "g", 
      "uid": "b786a3b5-4b26-4e7e-b7e5-0143a8877b72", 
      "default": "", 
      "required": true, 
      "multi": false, 
      "parameter_type": null, 
      "variable": "graph", 
      "parameter": false, 
      "order": 1, 
      "description": "Graph"
    }
  }, 
  {
    "pk": 151, 
    "model": "workflows.abstractoutput", 
    "fields": {
      "widget": 124, 
      "name": "Graph", 
      "short_name": "g", 
      "variable": "graph", 
      "uid": "24e10d96-98e4-4c77-9399-0392885bf294", 
      "order": 1, 
      "description": "Graph"
    }
  }, 
  {
    "pk": 114, 
    "model": "workflows.abstractwidget", 
    "fields": {
      "category": 21, 
      "treeview_image": "", 
      "name": "Fold change gene filter", 
      "is_streaming": false, 
      "uid": "a074c2b7-b93e-4e81-b54d-d5d88d8bc483", 
      "interaction_view": "segmine_fc_gene_filter", 
      "image": "", 
      "package": "segmine", 
      "static_image": "", 
      "post_interact_action": "segmine_fc_gene_filter_finished", 
      "user": null, 
      "visualization_view": "", 
      "action": "segmine_fc_gene_filter", 
      "wsdl_method": "", 
      "wsdl": "", 
      "interactive": true, 
      "has_progress_bar": false, 
      "order": 1, 
      "description": "Filters the genes according to FC threshold."
    }
  }, 
  {
    "pk": 247, 
    "model": "workflows.abstractinput", 
    "fields": {
      "widget": 114, 
      "name": "Orange dataset", 
      "short_name": "odt", 
      "uid": "d3abfbe3-7871-49e0-9f9f-76d5e39346cc", 
      "default": "", 
      "required": true, 
      "multi": false, 
      "parameter_type": null, 
      "variable": "dataset", 
      "parameter": false, 
      "order": 2, 
      "description": "Orange dataset"
    }
  }, 
  {
    "pk": 133, 
    "model": "workflows.abstractoutput", 
    "fields": {
      "widget": 114, 
      "name": "Orange dataset", 
      "short_name": "odt", 
      "variable": "dataset", 
      "uid": "789f37fa-3160-4aa5-b06e-df22146be552", 
      "order": 1, 
      "description": "Orange dataset with filtered genes"
    }
  }, 
  {
    "pk": 115, 
    "model": "workflows.abstractwidget", 
    "fields": {
      "category": 21, 
      "treeview_image": "", 
      "name": "Gene Ranker", 
      "is_streaming": false, 
      "uid": "34b12afe-e881-447c-90d4-bddcd1cd137b", 
      "interaction_view": "", 
      "image": "", 
      "package": "segmine", 
      "static_image": "", 
      "post_interact_action": "", 
      "user": null, 
      "visualization_view": "", 
      "action": "segmine_gene_ranker", 
      "wsdl_method": "", 
      "wsdl": "", 
      "interactive": false, 
      "has_progress_bar": false, 
      "order": 1, 
      "description": ""
    }
  }, 
  {
    "pk": 248, 
    "model": "workflows.abstractinput", 
    "fields": {
      "widget": 115, 
      "name": "Microarray Table", 
      "short_name": "ma", 
      "uid": "73b59971-1839-417c-a937-021ae2d12903", 
      "default": "", 
      "required": false, 
      "multi": false, 
      "parameter_type": null, 
      "variable": "microarrayTable", 
      "parameter": false, 
      "order": 1, 
      "description": "Orange data table"
    }
  }, 
  {
    "pk": 249, 
    "model": "workflows.abstractinput", 
    "fields": {
      "widget": 115, 
      "name": "Number of neighbours", 
      "short_name": "k", 
      "uid": "96947efb-4df1-48f8-8802-ac6bc2e1984b", 
      "default": "10", 
      "required": false, 
      "multi": false, 
      "parameter_type": "text", 
      "variable": "k", 
      "parameter": true, 
      "order": 2, 
      "description": ""
    }
  }, 
  {
    "pk": 250, 
    "model": "workflows.abstractinput", 
    "fields": {
      "widget": 115, 
      "name": "Reference examples (0 = all)", 
      "short_name": "m", 
      "uid": "11fd645a-cf41-4774-98aa-759478c94588", 
      "default": "0", 
      "required": false, 
      "multi": false, 
      "parameter_type": "text", 
      "variable": "m", 
      "parameter": true, 
      "order": 3, 
      "description": ""
    }
  }, 
  {
    "pk": 134, 
    "model": "workflows.abstractoutput", 
    "fields": {
      "widget": 115, 
      "name": "Gene ranks", 
      "short_name": "rnk", 
      "variable": "geneRanks", 
      "uid": "e3cc4347-d80b-4dbe-9e2c-37f6b0f98671", 
      "order": 1, 
      "description": ""
    }
  }, 
  {
    "pk": 135, 
    "model": "workflows.abstractoutput", 
    "fields": {
      "widget": 115, 
      "name": "tScores", 
      "short_name": "t", 
      "variable": "tScores", 
      "uid": "677d2177-8ee9-433d-920c-41b57293c601", 
      "order": 2, 
      "description": ""
    }
  }, 
  {
    "pk": 116, 
    "model": "workflows.abstractwidget", 
    "fields": {
      "category": 21, 
      "treeview_image": "", 
      "name": "Resolve gene synonyms", 
      "is_streaming": false, 
      "uid": "533f57dc-a21d-4e02-9405-023620fcc39b", 
      "interaction_view": "", 
      "image": "", 
      "package": "segmine", 
      "static_image": "", 
      "post_interact_action": "", 
      "user": null, 
      "visualization_view": "", 
      "action": "segmine_resolve_gene_synonyms", 
      "wsdl_method": "", 
      "wsdl": "", 
      "interactive": false, 
      "has_progress_bar": false, 
      "order": 1, 
      "description": ""
    }
  }, 
  {
    "pk": 251, 
    "model": "workflows.abstractinput", 
    "fields": {
      "widget": 116, 
      "name": "gene ranks", 
      "short_name": "gnr", 
      "uid": "ba3dc8e2-4948-4450-a456-30a611cf2283", 
      "default": "", 
      "required": true, 
      "multi": false, 
      "parameter_type": null, 
      "variable": "gene_ranks", 
      "parameter": false, 
      "order": 1, 
      "description": "list of pairs (gene, rank)"
    }
  }, 
  {
    "pk": 136, 
    "model": "workflows.abstractoutput", 
    "fields": {
      "widget": 116, 
      "name": "gene ranks", 
      "short_name": "gnr", 
      "variable": "gene_ranks", 
      "uid": "d9d771fb-b5d1-4c42-9183-873145f910d2", 
      "order": 1, 
      "description": "list of pairs (entrez_id, rank)"
    }
  }, 
  {
    "pk": 117, 
    "model": "workflows.abstractwidget", 
    "fields": {
      "category": 21, 
      "treeview_image": "", 
      "name": "T-test gene filter", 
      "is_streaming": false, 
      "uid": "6593a40f-1280-4d20-b399-7d182ebcdbf3", 
      "interaction_view": "segmine_ttest_gene_filter", 
      "image": "", 
      "package": "segmine", 
      "static_image": "", 
      "post_interact_action": "segmine_ttest_gene_filter_finished", 
      "user": null, 
      "visualization_view": "", 
      "action": "segmine_ttest_gene_filter", 
      "wsdl_method": "", 
      "wsdl": "", 
      "interactive": true, 
      "has_progress_bar": false, 
      "order": 1, 
      "description": "Filters the genes according to t-test p-value threshold."
    }
  }, 
  {
    "pk": 252, 
    "model": "workflows.abstractinput", 
    "fields": {
      "widget": 117, 
      "name": "Orange dataset", 
      "short_name": "odt", 
      "uid": "bdf0c245-91ed-4177-a2e0-2eb7fa78003a", 
      "default": "", 
      "required": true, 
      "multi": false, 
      "parameter_type": null, 
      "variable": "dataset", 
      "parameter": false, 
      "order": 1, 
      "description": "Orange dataset"
    }
  }, 
  {
    "pk": 137, 
    "model": "workflows.abstractoutput", 
    "fields": {
      "widget": 117, 
      "name": "Orange dataset", 
      "short_name": "odt", 
      "variable": "dataset", 
      "uid": "67ebb338-9765-4805-b7c7-3ed78098cdc3", 
      "order": 1, 
      "description": "Orange dataset with filtered genes"
    }
  }
]