[
  {
    "pk": 19, 
    "model": "workflows.category", 
    "fields": {
      "uid": "d2dfe5ca-7d73-4b4d-b922-b389ec610d99", 
      "parent": null, 
      "workflow": null, 
      "user": null, 
      "order": 1, 
      "name": "Orange"
    }
  }, 
  {
    "pk": 22, 
    "model": "workflows.category", 
    "fields": {
      "uid": "583debcb-5041-46b3-b464-e21875896710", 
      "parent": 19, 
      "workflow": null, 
      "user": null, 
      "order": 2, 
      "name": "Evaluation"
    }
  }, 
  {
    "pk": 213, 
    "model": "workflows.abstractwidget", 
    "fields": {
      "category": 22, 
      "treeview_image": "", 
      "name": "Compare actual and predicted class", 
      "is_streaming": false, 
      "uid": "fba38909-b392-4f6e-bff0-d6e321d646f9", 
      "interaction_view": "", 
      "image": "", 
      "package": "vipercharts", 
      "static_image": "", 
      "post_interact_action": "", 
      "user": null, 
      "visualization_view": "", 
      "streaming_visualization_view": "", 
      "action": "vipercharts_compare_class_ActualPredicted_orange", 
      "wsdl_method": "", 
      "wsdl": "", 
      "interactive": false, 
      "has_progress_bar": false, 
      "order": 3, 
      "description": ""
    }
  }, 
  {
    "pk": 449, 
    "model": "workflows.abstractinput", 
    "fields": {
      "widget": 213, 
      "name": "Actual dataset", 
      "short_name": "oda", 
      "uid": "2c7aa421-c8e7-405a-a761-578bc683dac0", 
      "default": "", 
      "required": true, 
      "multi": false, 
      "parameter_type": null, 
      "variable": "actual", 
      "parameter": false, 
      "order": 1, 
      "description": ""
    }
  }, 
  {
    "pk": 452, 
    "model": "workflows.abstractinput", 
    "fields": {
      "widget": 213, 
      "name": "Name", 
      "short_name": "nam", 
      "uid": "76171f1b-e2f9-4bf5-a825-f8bec8d047d6", 
      "default": "", 
      "required": true, 
      "multi": false, 
      "parameter_type": "text", 
      "variable": "name", 
      "parameter": true, 
      "order": 2, 
      "description": ""
    }
  }, 
  {
    "pk": 450, 
    "model": "workflows.abstractinput", 
    "fields": {
      "widget": 213, 
      "name": "Predicted dataset", 
      "short_name": "odp", 
      "uid": "7a4682dc-a479-488b-a5c9-8c8576af48ec", 
      "default": "", 
      "required": true, 
      "multi": false, 
      "parameter_type": null, 
      "variable": "predicted", 
      "parameter": false, 
      "order": 3, 
      "description": ""
    }
  }, 
  {
    "pk": 451, 
    "model": "workflows.abstractinput", 
    "fields": {
      "widget": 213, 
      "name": "Target class", 
      "short_name": "cls", 
      "uid": "1c10f750-03f5-4640-8641-0059c7dc902f", 
      "default": "", 
      "required": true, 
      "multi": false, 
      "parameter_type": null, 
      "variable": "target", 
      "parameter": false, 
      "order": 4, 
      "description": ""
    }
  }, 
  {
    "pk": 229, 
    "model": "workflows.abstractoutput", 
    "fields": {
      "widget": 213, 
      "name": "Actual and predicted values", 
      "short_name": "apv", 
      "variable": "apv", 
      "uid": "f8630c10-e167-4b33-b5fc-16d833c000ec", 
      "order": 1, 
      "description": ""
    }
  }, 
  {
    "pk": 212, 
    "model": "workflows.abstractwidget", 
    "fields": {
      "category": 22, 
      "treeview_image": "", 
      "name": "Select Class from ODT", 
      "is_streaming": false, 
      "uid": "14b90c25-47ae-4df1-8781-de2baad6cff3", 
      "interaction_view": "class_from_odt_interactive", 
      "image": "", 
      "package": "vipercharts", 
      "static_image": "", 
      "post_interact_action": "class_from_odt_selection", 
      "user": null, 
      "visualization_view": "", 
      "streaming_visualization_view": "", 
      "action": "class_from_odt", 
      "wsdl_method": "", 
      "wsdl": "", 
      "interactive": true, 
      "has_progress_bar": false, 
      "order": 4, 
      "description": ""
    }
  }, 
  {
    "pk": 448, 
    "model": "workflows.abstractinput", 
    "fields": {
      "widget": 212, 
      "name": "Orange data table", 
      "short_name": "odt", 
      "uid": "660b5fa0-92dd-4462-83dd-75908e3d9d45", 
      "default": "", 
      "required": true, 
      "multi": false, 
      "parameter_type": null, 
      "variable": "data", 
      "parameter": false, 
      "order": 1, 
      "description": ""
    }
  }, 
  {
    "pk": 228, 
    "model": "workflows.abstractoutput", 
    "fields": {
      "widget": 212, 
      "name": "Selected Class", 
      "short_name": "cls", 
      "variable": "target", 
      "uid": "dd95e10c-9746-4332-8273-0339cbe0e221", 
      "order": 1, 
      "description": ""
    }
  }, 
  {
    "pk": 38, 
    "model": "workflows.category", 
    "fields": {
      "uid": "f2821411-7b06-46ea-b577-3a06fecd02de", 
      "parent": null, 
      "workflow": null, 
      "user": null, 
      "order": 1, 
      "name": "Visual performance evaluation (ViperCharts)"
    }
  }, 
  {
    "pk": 41, 
    "model": "workflows.category", 
    "fields": {
      "uid": "77f6e581-c116-47d7-b838-f7850c797796", 
      "parent": 38, 
      "workflow": null, 
      "user": null, 
      "order": 1, 
      "name": "Column charts"
    }
  }, 
  {
    "pk": 222, 
    "model": "workflows.abstractwidget", 
    "fields": {
      "category": 41, 
      "treeview_image": "", 
      "name": "Column chart", 
      "is_streaming": false, 
      "uid": "9b03c323-da3e-4726-8c1b-86cb44387a3e", 
      "interaction_view": "", 
      "image": "", 
      "package": "vipercharts", 
      "static_image": "", 
      "post_interact_action": "", 
      "user": null, 
      "visualization_view": "vipercharts_column_chart_view", 
      "streaming_visualization_view": "", 
      "action": "vipercharts_column_chart", 
      "wsdl_method": "", 
      "wsdl": "", 
      "interactive": false, 
      "has_progress_bar": false, 
      "order": 1, 
      "description": "Standard graphical presentation of algorithm performance. Also referred to as a bar chart. Visualizes the values of one or more performance measures of the evaluated algorithms."
    }
  }, 
  {
    "pk": 461, 
    "model": "workflows.abstractinput", 
    "fields": {
      "widget": 222, 
      "name": "Performance results", 
      "short_name": "prf", 
      "uid": "9d55a1cd-0546-40a8-94db-5d87f2385a73", 
      "default": "", 
      "required": true, 
      "multi": false, 
      "parameter_type": null, 
      "variable": "performance", 
      "parameter": false, 
      "order": 1, 
      "description": ""
    }
  }, 
  {
    "pk": 39, 
    "model": "workflows.category", 
    "fields": {
      "uid": "880198d8-b759-4a1c-a642-968b7a79887e", 
      "parent": 38, 
      "workflow": null, 
      "user": null, 
      "order": 1, 
      "name": "Curve charts"
    }
  }, 
  {
    "pk": 215, 
    "model": "workflows.abstractwidget", 
    "fields": {
      "category": 39, 
      "treeview_image": "", 
      "name": "Lift curves", 
      "is_streaming": false, 
      "uid": "a81db0a6-3f8b-4d9b-ba79-a8ad2f6c2a4d", 
      "interaction_view": "", 
      "image": "", 
      "package": "vipercharts", 
      "static_image": "", 
      "post_interact_action": "", 
      "user": null, 
      "visualization_view": "vipercharts_lift_curve_view", 
      "streaming_visualization_view": "", 
      "action": "vipercharts_lift_curve", 
      "wsdl_method": "", 
      "wsdl": "", 
      "interactive": false, 
      "has_progress_bar": false, 
      "order": 1, 
      "description": "The Lift curve widget plots the true positive rate (also found in ROC and PR curves) against the predicted positive rate (the fraction of examples, classified as positive). Each point represents the classifier performance for a given threshold or ranking cut-off point. http://viper.ijs.si/types/curve/"
    }
  }, 
  {
    "pk": 454, 
    "model": "workflows.abstractinput", 
    "fields": {
      "widget": 215, 
      "name": "Performance results", 
      "short_name": "prf", 
      "uid": "f84aeba3-2d50-41c4-b613-22413b34b586", 
      "default": "", 
      "required": true, 
      "multi": false, 
      "parameter_type": null, 
      "variable": "performance", 
      "parameter": false, 
      "order": 1, 
      "description": ""
    }
  }, 
  {
    "pk": 464, 
    "model": "workflows.abstractinput", 
    "fields": {
      "widget": 215, 
      "name": "Chart title", 
      "short_name": "ttl", 
      "uid": "76d078ee-c5e7-4a4c-9347-a7884305cbc8", 
      "default": "", 
      "required": false, 
      "multi": false, 
      "parameter_type": "text", 
      "variable": "title", 
      "parameter": true, 
      "order": 2, 
      "description": ""
    }
  }, 
  {
    "pk": 214, 
    "model": "workflows.abstractwidget", 
    "fields": {
      "category": 39, 
      "treeview_image": "", 
      "name": "ROC curves", 
      "is_streaming": false, 
      "uid": "f8e7ead9-1ed0-43e1-9c93-01087fa1470a", 
      "interaction_view": "", 
      "image": "", 
      "package": "vipercharts", 
      "static_image": "", 
      "post_interact_action": "", 
      "user": null, 
      "visualization_view": "vipercharts_roc_curve_view", 
      "streaming_visualization_view": "", 
      "action": "vipercharts_roc_curve", 
      "wsdl_method": "", 
      "wsdl": "", 
      "interactive": false, 
      "has_progress_bar": false, 
      "order": 2, 
      "description": "A widget which illustrates the trade off between the true positive rate and the true negative rate of a classifier. Each point represents the classifier performance for a given threshold or ranking cut-off point. http://viper.ijs.si/types/curve/"
    }
  }, 
  {
    "pk": 453, 
    "model": "workflows.abstractinput", 
    "fields": {
      "widget": 214, 
      "name": "Performance results", 
      "short_name": "prf", 
      "uid": "a326316c-ca1b-4229-a80c-4256cf83c025", 
      "default": "", 
      "required": true, 
      "multi": false, 
      "parameter_type": null, 
      "variable": "performance", 
      "parameter": false, 
      "order": 1, 
      "description": ""
    }
  }, 
  {
    "pk": 466, 
    "model": "workflows.abstractinput", 
    "fields": {
      "widget": 214, 
      "name": "Chart title", 
      "short_name": "ttl", 
      "uid": "72ab4bab-aeac-4530-b75e-8f86ca9e12c1", 
      "default": "", 
      "required": false, 
      "multi": false, 
      "parameter_type": "text", 
      "variable": "title", 
      "parameter": true, 
      "order": 2, 
      "description": ""
    }
  }, 
  {
    "pk": 217, 
    "model": "workflows.abstractwidget", 
    "fields": {
      "category": 39, 
      "treeview_image": "", 
      "name": "ROC hull curves", 
      "is_streaming": false, 
      "uid": "cad2f550-d65b-4281-bdb2-fdf48193f669", 
      "interaction_view": "", 
      "image": "", 
      "package": "vipercharts", 
      "static_image": "", 
      "post_interact_action": "", 
      "user": null, 
      "visualization_view": "vipercharts_roc_hull_view", 
      "streaming_visualization_view": "", 
      "action": "vipercharts_roc_hull", 
      "wsdl_method": "", 
      "wsdl": "", 
      "interactive": false, 
      "has_progress_bar": false, 
      "order": 3, 
      "description": "The ROC Hull chart widget plots the upper convex hull of the ROC chart. Each point represents the classifier performance for a given threshold or ranking cut-off point. Points on the ROC Hull represent an optimal performance of the classifier for certain misclassification costs. http://viper.ijs.si/types/curve/"
    }
  }, 
  {
    "pk": 456, 
    "model": "workflows.abstractinput", 
    "fields": {
      "widget": 217, 
      "name": "Performance results", 
      "short_name": "prf", 
      "uid": "87bd4472-1c53-4952-a174-61f1aa700486", 
      "default": "", 
      "required": true, 
      "multi": false, 
      "parameter_type": null, 
      "variable": "performance", 
      "parameter": false, 
      "order": 1, 
      "description": ""
    }
  }, 
  {
    "pk": 467, 
    "model": "workflows.abstractinput", 
    "fields": {
      "widget": 217, 
      "name": "Chart title", 
      "short_name": "ttl", 
      "uid": "6827d783-52bf-466c-875d-9163cc23e3be", 
      "default": "", 
      "required": false, 
      "multi": false, 
      "parameter_type": "text", 
      "variable": "title", 
      "parameter": true, 
      "order": 2, 
      "description": ""
    }
  }, 
  {
    "pk": 216, 
    "model": "workflows.abstractwidget", 
    "fields": {
      "category": 39, 
      "treeview_image": "", 
      "name": "PR curves", 
      "is_streaming": false, 
      "uid": "9d38dbab-1a07-46e8-b551-019a50a2d7f9", 
      "interaction_view": "", 
      "image": "", 
      "package": "vipercharts", 
      "static_image": "", 
      "post_interact_action": "", 
      "user": null, 
      "visualization_view": "vipercharts_pr_curve_view", 
      "streaming_visualization_view": "", 
      "action": "vipercharts_pr_curve", 
      "wsdl_method": "", 
      "wsdl": "", 
      "interactive": false, 
      "has_progress_bar": false, 
      "order": 4, 
      "description": "A widget which provides the PR (precision recall) curve. It presents the trade off between the precision (the fraction of examples classified as positive that are truly positive) and the recall or true positive rate. Each point represents the classifier performance for a given threshold or ranking cut-off point. http://viper.ijs.si/types/curve/"
    }
  }, 
  {
    "pk": 455, 
    "model": "workflows.abstractinput", 
    "fields": {
      "widget": 216, 
      "name": "Performance results", 
      "short_name": "prf", 
      "uid": "4e0be28c-9791-43fe-b72e-dd6a1d1e29f8", 
      "default": "", 
      "required": true, 
      "multi": false, 
      "parameter_type": null, 
      "variable": "performance", 
      "parameter": false, 
      "order": 1, 
      "description": ""
    }
  }, 
  {
    "pk": 465, 
    "model": "workflows.abstractinput", 
    "fields": {
      "widget": 216, 
      "name": "Chart title", 
      "short_name": "ttl", 
      "uid": "e8b01dca-c94e-473e-b4ce-3f45a2ce1d10", 
      "default": "", 
      "required": false, 
      "multi": false, 
      "parameter_type": "text", 
      "variable": "title", 
      "parameter": true, 
      "order": 2, 
      "description": ""
    }
  }, 
  {
    "pk": 218, 
    "model": "workflows.abstractwidget", 
    "fields": {
      "category": 39, 
      "treeview_image": "", 
      "name": "Cost curves", 
      "is_streaming": false, 
      "uid": "6204d7f1-185c-489b-a8c3-4c2188fa380a", 
      "interaction_view": "", 
      "image": "", 
      "package": "vipercharts", 
      "static_image": "", 
      "post_interact_action": "", 
      "user": null, 
      "visualization_view": "vipercharts_cost_curve_view", 
      "streaming_visualization_view": "", 
      "action": "vipercharts_cost_curve", 
      "wsdl_method": "", 
      "wsdl": "", 
      "interactive": false, 
      "has_progress_bar": false, 
      "order": 5, 
      "description": "The Cost curve widget plots the normalized expected cost of the classifier as a function of the skew (fraction of positive examples multiplied by the cost of misclassifying a positive example) of the data on which it is deployed. Lines and points on the cost curve correspond to points and lines on the ROC curve of the classifier. http://viper.ijs.si/types/curve/"
    }
  }, 
  {
    "pk": 457, 
    "model": "workflows.abstractinput", 
    "fields": {
      "widget": 218, 
      "name": "Performance results", 
      "short_name": "prf", 
      "uid": "5d1b1a32-42f6-48a9-b9b1-b3f68cc49bb3", 
      "default": "", 
      "required": true, 
      "multi": false, 
      "parameter_type": null, 
      "variable": "performance", 
      "parameter": false, 
      "order": 1, 
      "description": ""
    }
  }, 
  {
    "pk": 462, 
    "model": "workflows.abstractinput", 
    "fields": {
      "widget": 218, 
      "name": "Chart title", 
      "short_name": "ttl", 
      "uid": "ee7d6063-1bd7-4cd5-98c3-605a1c4a10f3", 
      "default": "", 
      "required": false, 
      "multi": false, 
      "parameter_type": "text", 
      "variable": "title", 
      "parameter": true, 
      "order": 2, 
      "description": ""
    }
  }, 
  {
    "pk": 219, 
    "model": "workflows.abstractwidget", 
    "fields": {
      "category": 39, 
      "treeview_image": "", 
      "name": "Kendall curves", 
      "is_streaming": false, 
      "uid": "88dfe77b-6289-4a9b-987b-e9a1fbdb08a7", 
      "interaction_view": "", 
      "image": "", 
      "package": "vipercharts", 
      "static_image": "", 
      "post_interact_action": "", 
      "user": null, 
      "visualization_view": "vipercharts_kendall_curve_view", 
      "streaming_visualization_view": "", 
      "action": "vipercharts_kendall_curve", 
      "wsdl_method": "", 
      "wsdl": "", 
      "interactive": false, 
      "has_progress_bar": false, 
      "order": 6, 
      "description": "The Kendall chart widget presents the difference between the normalized expected cost of the classifier and the normalized expected cost of an ideal classifier. Costs for both classifiers are calculated using the rate-driven threshold choice method. http://viper.ijs.si/types/curve/"
    }
  }, 
  {
    "pk": 458, 
    "model": "workflows.abstractinput", 
    "fields": {
      "widget": 219, 
      "name": "Performance results", 
      "short_name": "prf", 
      "uid": "c35e8f26-40a6-4cfd-98a7-bda65a3c513c", 
      "default": "", 
      "required": true, 
      "multi": false, 
      "parameter_type": null, 
      "variable": "performance", 
      "parameter": false, 
      "order": 1, 
      "description": ""
    }
  }, 
  {
    "pk": 463, 
    "model": "workflows.abstractinput", 
    "fields": {
      "widget": 219, 
      "name": "Chart title", 
      "short_name": "ttl", 
      "uid": "1bfa000e-e224-424b-b602-8191dc705f8a", 
      "default": "", 
      "required": false, 
      "multi": false, 
      "parameter_type": "text", 
      "variable": "title", 
      "parameter": true, 
      "order": 2, 
      "description": ""
    }
  }, 
  {
    "pk": 220, 
    "model": "workflows.abstractwidget", 
    "fields": {
      "category": 39, 
      "treeview_image": "", 
      "name": "Rate driven curves", 
      "is_streaming": false, 
      "uid": "a7996264-f373-44f6-ada2-6caec545eb88", 
      "interaction_view": "", 
      "image": "", 
      "package": "vipercharts", 
      "static_image": "", 
      "post_interact_action": "", 
      "user": null, 
      "visualization_view": "vipercharts_rate_curve_view", 
      "streaming_visualization_view": "", 
      "action": "vipercharts_rate_curve", 
      "wsdl_method": "", 
      "wsdl": "", 
      "interactive": false, 
      "has_progress_bar": false, 
      "order": 7, 
      "description": "The Rate-Driven chart widget plots the expected loss for the classifier as a function of the skew (fraction of positive examples multiplied by the cost of misclassifying a positive example) of the data on which it is deployed. The cost is calculated using the rate-driven threshold choice method. http://viper.ijs.si/types/curve/"
    }
  }, 
  {
    "pk": 459, 
    "model": "workflows.abstractinput", 
    "fields": {
      "widget": 220, 
      "name": "Performance results", 
      "short_name": "prf", 
      "uid": "81d5b567-844d-4c9a-a791-6593820fb8a7", 
      "default": "", 
      "required": true, 
      "multi": false, 
      "parameter_type": null, 
      "variable": "performance", 
      "parameter": false, 
      "order": 1, 
      "description": ""
    }
  }, 
  {
    "pk": 468, 
    "model": "workflows.abstractinput", 
    "fields": {
      "widget": 220, 
      "name": "Chart title", 
      "short_name": "ttl", 
      "uid": "040a9932-a5d5-465c-889d-ddc45bc68c5b", 
      "default": "", 
      "required": false, 
      "multi": false, 
      "parameter_type": "text", 
      "variable": "title", 
      "parameter": true, 
      "order": 2, 
      "description": ""
    }
  }, 
  {
    "pk": 223, 
    "model": "workflows.abstractwidget", 
    "fields": {
      "category": 39, 
      "treeview_image": "", 
      "name": "Related results table", 
      "is_streaming": false, 
      "uid": "a8754a8f-c83c-4fc2-95ee-6ebaef75d9bf", 
      "interaction_view": "", 
      "image": "", 
      "package": "vipercharts", 
      "static_image": "", 
      "post_interact_action": "", 
      "user": null, 
      "visualization_view": "vipercharts_related_table_view", 
      "streaming_visualization_view": "", 
      "action": "vipercharts_related_table", 
      "wsdl_method": "", 
      "wsdl": "", 
      "interactive": false, 
      "has_progress_bar": false, 
      "order": 8, 
      "description": ""
    }
  }, 
  {
    "pk": 469, 
    "model": "workflows.abstractinput", 
    "fields": {
      "widget": 223, 
      "name": "Performance results", 
      "short_name": "prf", 
      "uid": "c928542f-f432-479b-83a2-fee070d2b4e4", 
      "default": "", 
      "required": true, 
      "multi": false, 
      "parameter_type": null, 
      "variable": "performance", 
      "parameter": false, 
      "order": 1, 
      "description": ""
    }
  }, 
  {
    "pk": 40, 
    "model": "workflows.category", 
    "fields": {
      "uid": "1eee22f4-9235-4b0a-be2e-407494968f4e", 
      "parent": 38, 
      "workflow": null, 
      "user": null, 
      "order": 1, 
      "name": "Scatter charts"
    }
  }, 
  {
    "pk": 221, 
    "model": "workflows.abstractwidget", 
    "fields": {
      "category": 40, 
      "treeview_image": "", 
      "name": "ROC space", 
      "is_streaming": false, 
      "uid": "8c94168c-9260-453a-bcbd-96bee7bc1236", 
      "interaction_view": "", 
      "image": "", 
      "package": "vipercharts", 
      "static_image": "", 
      "post_interact_action": "", 
      "user": null, 
      "visualization_view": "vipercharts_roc_space_view", 
      "streaming_visualization_view": "", 
      "action": "vipercharts_roc_space", 
      "wsdl_method": "", 
      "wsdl": "", 
      "interactive": false, 
      "has_progress_bar": false, 
      "order": 1, 
      "description": "Scatter chart - ROC space. Provides an easy and intuitive visual performance evaluation in terms of Recall, Precision and F-measure. By introducing the F-isolines into the precision-recall space the 2-dimensional graphic representation reveals information about an additional, third evaluation measure. http://viper.ijs.si/types/scatter/"
    }
  }, 
  {
    "pk": 460, 
    "model": "workflows.abstractinput", 
    "fields": {
      "widget": 221, 
      "name": "Performance results", 
      "short_name": "prf", 
      "uid": "14b94fa7-3d72-4830-9c8f-9325c22399e8", 
      "default": "", 
      "required": true, 
      "multi": false, 
      "parameter_type": null, 
      "variable": "performance", 
      "parameter": false, 
      "order": 1, 
      "description": ""
    }
  }, 
  {
    "pk": 210, 
    "model": "workflows.abstractwidget", 
    "fields": {
      "category": 40, 
      "treeview_image": "", 
      "name": "PR space", 
      "is_streaming": false, 
      "uid": "5dc72a81-347c-4a40-8658-2591961477e5", 
      "interaction_view": "", 
      "image": "", 
      "package": "vipercharts", 
      "static_image": "", 
      "post_interact_action": "", 
      "user": null, 
      "visualization_view": "vipercharts_pr_space_view", 
      "streaming_visualization_view": "", 
      "action": "vipercharts_pr_space", 
      "wsdl_method": "", 
      "wsdl": "", 
      "interactive": false, 
      "has_progress_bar": false, 
      "order": 7, 
      "description": "Scatter chart - Precision-Recall space. Provides an easy and intuitive visual performance evaluation in terms of Recall, Precision and F-measure. By introducing the F-isolines into the precision-recall space the 2-dimensional graphic representation reveals information about an additional, third evaluation measure. http://viper.ijs.si/types/scatter/"
    }
  }, 
  {
    "pk": 445, 
    "model": "workflows.abstractinput", 
    "fields": {
      "widget": 210, 
      "name": "Performance results", 
      "short_name": "prf", 
      "uid": "33e1ee25-2b74-49c9-99fb-30d9141f9119", 
      "default": "", 
      "required": true, 
      "multi": false, 
      "parameter_type": null, 
      "variable": "perf", 
      "parameter": false, 
      "order": 1, 
      "description": ""
    }
  }, 
  {
    "pk": 42, 
    "model": "workflows.category", 
    "fields": {
      "uid": "9e81a365-de58-4a38-9735-58678a0baf28", 
      "parent": 38, 
      "workflow": null, 
      "user": null, 
      "order": 1, 
      "name": "Utilities"
    }
  }, 
  {
    "pk": 211, 
    "model": "workflows.abstractwidget", 
    "fields": {
      "category": 42, 
      "treeview_image": "", 
      "name": "Prepare performance curve data", 
      "is_streaming": false, 
      "uid": "b69fff35-ae30-4708-a6ce-7b9cec28e2a9", 
      "interaction_view": "", 
      "image": "", 
      "package": "vipercharts", 
      "static_image": "", 
      "post_interact_action": "", 
      "user": null, 
      "visualization_view": "", 
      "streaming_visualization_view": "", 
      "action": "vipercharts_prepareCurveData", 
      "wsdl_method": "", 
      "wsdl": "", 
      "interactive": false, 
      "has_progress_bar": false, 
      "order": 8, 
      "description": ""
    }
  }, 
  {
    "pk": 446, 
    "model": "workflows.abstractinput", 
    "fields": {
      "widget": 211, 
      "name": "Actual and Predicted values", 
      "short_name": "apv", 
      "uid": "3f6230f3-2a34-4d51-8dce-77b25f499516", 
      "default": "", 
      "required": true, 
      "multi": true, 
      "parameter_type": null, 
      "variable": "predictions", 
      "parameter": false, 
      "order": 1, 
      "description": ""
    }
  }, 
  {
    "pk": 447, 
    "model": "workflows.abstractinput", 
    "fields": {
      "widget": 211, 
      "name": "Prediction Type", 
      "short_name": "typ", 
      "uid": "783b6e0b-ba48-4346-a8f2-94c7a719d85f", 
      "default": "-score", 
      "required": true, 
      "multi": false, 
      "parameter_type": "select", 
      "variable": "subtype", 
      "parameter": true, 
      "order": 2, 
      "description": "Prediction scores or ranks"
    }
  }, 
  {
    "pk": 136, 
    "model": "workflows.abstractoption", 
    "fields": {
      "uid": "d33eed85-08ae-498e-8eb2-59b95b9d14ea", 
      "abstract_input": 447, 
      "value": "-rank", 
      "name": "Ranks"
    }
  }, 
  {
    "pk": 135, 
    "model": "workflows.abstractoption", 
    "fields": {
      "uid": "f5e87515-71cd-4c84-ac5b-d9fa59bc3c3f", 
      "abstract_input": 447, 
      "value": "-score", 
      "name": "Scores"
    }
  }, 
  {
    "pk": 227, 
    "model": "workflows.abstractoutput", 
    "fields": {
      "widget": 211, 
      "name": "Performance curve data", 
      "short_name": "pcd", 
      "variable": "performance", 
      "uid": "26e3df43-342f-45ff-885c-02bd5770f234", 
      "order": 1, 
      "description": ""
    }
  }
]